Mono path[0] = 'D:/Unity/ML-agent/AI Agent_Data/Managed'
Mono config path = 'D:/Unity/ML-agent/MonoBleedingEdge/etc'
[Physics::Module] Initialized MultithreadedJobDispatcher with 11 workers.
Initialize engine version: 2022.3.20f1 (61c2feb0970d)
[Subsystems] Discovering subsystems at path D:/Unity/ML-agent/AI Agent_Data/UnitySubsystems
GfxDevice: creating device client; threaded=1; jobified=0
Direct3D:
    Version:  Direct3D 11.0 [level 11.1]
    Renderer: NVIDIA GeForce RTX 4060 Laptop GPU (ID=0x28a0)
    Vendor:   NVIDIA
    VRAM:     7957 MB
    Driver:   32.0.15.7680
Begin MonoManager ReloadAssembly
- Loaded All Assemblies, in  0.093 seconds
- Finished resetting the current domain, in  0.001 seconds
<RI> Initializing input.
<RI> Input initialized.
<RI> Initialized touch support.
UnloadTime: 0.887000 ms
Registered Communicator in Agent.
[LoadMap] Using main map source: D:\Unity\ML-agent\Map\Decode.txt
[LoadFinishMap] Using finish map source: D:\Unity\ML-agent\Map\finishmap.txt
[LoadFinishMap] Finish size = 15 x 15, new rightX = 215
[LoadMap] Done. Main size = 200 x 15, rightX = 215
Fewer observations (0) made than vector observation size (7). The observations will be padded.
FrontWall hit: ground 1(Clone) normalX=1
FrontWall hit: ground 1(Clone) normalX=1
FrontWall hit: ground 1(Clone) normalX=1
Fewer observations (0) made than vector observation size (7). The observations will be padded.
Fewer observations (0) made than vector observation size (7). The observations will be padded.
Fewer observations (0) made than vector observation size (7). The observations will be padded.
Fewer observations (0) made than vector observation size (7). The observations will be padded.
Fewer observations (0) made than vector observation size (7). The observations will be padded.
生成了一個物件
Fewer observations (0) made than vector observation size (7). The observations will be padded.
生成了一個物件
Fewer observations (0) made than vector observation size (7). The observations will be padded.
Fewer observations (0) made than vector observation size (7). The observations will be padded.
生成了一個物件
Fewer observations (0) made than vector observation size (7). The observations will be padded.
FrontWall hit: ground 1(Clone) normalX=1
FrontWall hit: ground 1(Clone) normalX=1
FrontWall hit: ground 1(Clone) normalX=1
Fewer observations (0) made than vector observation size (7). The observations will be padded.
Fewer observations (0) made than vector observation size (7). The observations will be padded.
生成了一個物件
Fewer observations (0) made than vector observation size (7). The observations will be padded.
Fewer observations (0) made than vector observation size (7). The observations will be padded.
Fewer observations (0) made than vector observation size (7). The observations will be padded.
Fewer observations (0) made than vector observation size (7). The observations will be padded.
Fewer observations (0) made than vector observation size (7). The observations will be padded.
Fewer observations (0) made than vector observation size (7). The observations will be padded.
Fewer observations (0) made than vector observation size (7). The observations will be padded.
Fewer observations (0) made than vector observation size (7). The observations will be padded.
Fewer observations (0) made than vector observation size (7). The observations will be padded.
Fewer observations (0) made than vector observation size (7). The observations will be padded.
FrontWall hit: ground 1(Clone) normalX=1
FrontWall hit: ground 1(Clone) normalX=1
FrontWall hit: ground 1(Clone) normalX=1
Fewer observations (0) made than vector observation size (7). The observations will be padded.
生成了一個物件
Fewer observations (0) made than vector observation size (7). The observations will be padded.
生成了一個物件
Fewer observations (0) made than vector observation size (7). The observations will be padded.
Fewer observations (0) made than vector observation size (7). The observations will be padded.
生成了一個物件
Fewer observations (0) made than vector observation size (7). The observations will be padded.
Fewer observations (0) made than vector observation size (7). The observations will be padded.
Fewer observations (0) made than vector observation size (7). The observations will be padded.
生成了一個物件
Fewer observations (0) made than vector observation size (7). The observations will be padded.
Fewer observations (0) made than vector observation size (7). The observations will be padded.
Fewer observations (0) made than vector observation size (7). The observations will be padded.
Fewer observations (0) made than vector observation size (7). The observations will be padded.
Fewer observations (0) made than vector observation size (7). The observations will be padded.
Fewer observations (0) made than vector observation size (7). The observations will be padded.
Fewer observations (0) made than vector observation size (7). The observations will be padded.
Fewer observations (0) made than vector observation size (7). The observations will be padded.
Fewer observations (0) made than vector observation size (7). The observations will be padded.
Fewer observations (0) made than vector observation size (7). The observations will be padded.
Fewer observations (0) made than vector observation size (7). The observations will be padded.
生成了一個物件
生成了一個物件
Fewer observations (0) made than vector observation size (7). The observations will be padded.
Fewer observations (0) made than vector observation size (7). The observations will be padded.
生成了一個物件
Fewer observations (0) made than vector observation size (7). The observations will be padded.
Player died!
Fewer observations (0) made than vector observation size (7). The observations will be padded.
Player died!
Fewer observations (0) made than vector observation size (7). The observations will be padded.
Unloading 4 Unused Serialized files (Serialized files now loaded: 0)
Fewer observations (0) made than vector observation size (7). The observations will be padded.
UnloadTime: 9.737800 ms
Unloading 2 unused Assets to reduce memory usage. Loaded Objects now: 2872.
Total: 1.435400 ms (FindLiveObjects: 0.087700 ms CreateObjectMapping: 0.034400 ms MarkObjects: 1.305700 ms  DeleteObjects: 0.007500 ms)

Unloading 3 Unused Serialized files (Serialized files now loaded: 0)
Fewer observations (0) made than vector observation size (7). The observations will be padded.
UnloadTime: 0.658800 ms
Unloading 1 unused Assets to reduce memory usage. Loaded Objects now: 2872.
Total: 0.901600 ms (FindLiveObjects: 0.090900 ms CreateObjectMapping: 0.039800 ms MarkObjects: 0.759900 ms  DeleteObjects: 0.010900 ms)

[LoadMap] Using main map source: D:\Unity\ML-agent\Map\Decode.txt
[LoadFinishMap] Using finish map source: D:\Unity\ML-agent\Map\finishmap.txt
[LoadFinishMap] Finish size = 15 x 15, new rightX = 215
[LoadMap] Done. Main size = 200 x 15, rightX = 215
Fewer observations (0) made than vector observation size (7). The observations will be padded.
FrontWall hit: ground 1(Clone) normalX=1
FrontWall hit: ground 1(Clone) normalX=1
FrontWall hit: ground 1(Clone) normalX=1
Fewer observations (0) made than vector observation size (7). The observations will be padded.
Fewer observations (0) made than vector observation size (7). The observations will be padded.
生成了一個物件
Fewer observations (0) made than vector observation size (7). The observations will be padded.
Fewer observations (0) made than vector observation size (7). The observations will be padded.
Fewer observations (0) made than vector observation size (7). The observations will be padded.
Fewer observations (0) made than vector observation size (7). The observations will be padded.
生成了一個物件
Fewer observations (0) made than vector observation size (7). The observations will be padded.
Fewer observations (0) made than vector observation size (7). The observations will be padded.
生成了一個物件
Fewer observations (0) made than vector observation size (7). The observations will be padded.
Fewer observations (0) made than vector observation size (7). The observations will be padded.
生成了一個物件
Fewer observations (0) made than vector observation size (7). The observations will be padded.
Fewer observations (0) made than vector observation size (7). The observations will be padded.
Fewer observations (0) made than vector observation size (7). The observations will be padded.
Fewer observations (0) made than vector observation size (7). The observations will be padded.
Fewer observations (0) made than vector observation size (7). The observations will be padded.
Fewer observations (0) made than vector observation size (7). The observations will be padded.
Fewer observations (0) made than vector observation size (7). The observations will be padded.
Fewer observations (0) made than vector observation size (7). The observations will be padded.
FrontWall hit: ground 1(Clone) normalX=1
FrontWall hit: ground 1(Clone) normalX=1
FrontWall hit: ground 1(Clone) normalX=1
生成了一個物件
Fewer observations (0) made than vector observation size (7). The observations will be padded.
Fewer observations (0) made than vector observation size (7). The observations will be padded.
Fewer observations (0) made than vector observation size (7). The observations will be padded.
Fewer observations (0) made than vector observation size (7). The observations will be padded.
生成了一個物件
Fewer observations (0) made than vector observation size (7). The observations will be padded.
Fewer observations (0) made than vector observation size (7). The observations will be padded.
FrontWall hit: ground 1(Clone) normalX=1
FrontWall hit: ground 1(Clone) normalX=1
FrontWall hit: ground 1(Clone) normalX=1
Fewer observations (0) made than vector observation size (7). The observations will be padded.
生成了一個物件
Fewer observations (0) made than vector observation size (7). The observations will be padded.
Fewer observations (0) made than vector observation size (7). The observations will be padded.
生成了一個物件
Fewer observations (0) made than vector observation size (7). The observations will be padded.
Fewer observations (0) made than vector observation size (7). The observations will be padded.
Fewer observations (0) made than vector observation size (7). The observations will be padded.
Fewer observations (0) made than vector observation size (7). The observations will be padded.
Fewer observations (0) made than vector observation size (7). The observations will be padded.
Fewer observations (0) made than vector observation size (7). The observations will be padded.
Fewer observations (0) made than vector observation size (7). The observations will be padded.
Fewer observations (0) made than vector observation size (7). The observations will be padded.
生成了一個物件
Fewer observations (0) made than vector observation size (7). The observations will be padded.
Fewer observations (0) made than vector observation size (7). The observations will be padded.
Fewer observations (0) made than vector observation size (7). The observations will be padded.
Fewer observations (0) made than vector observation size (7). The observations will be padded.
生成了一個物件
Fewer observations (0) made than vector observation size (7). The observations will be padded.
Fewer observations (0) made than vector observation size (7). The observations will be padded.
Fewer observations (0) made than vector observation size (7). The observations will be padded.
生成了一個物件
Fewer observations (0) made than vector observation size (7). The observations will be padded.
生成了一個物件
Fewer observations (0) made than vector observation size (7). The observations will be padded.
Fewer observations (0) made than vector observation size (7). The observations will be padded.
Fewer observations (0) made than vector observation size (7). The observations will be padded.
Fewer observations (0) made than vector observation size (7). The observations will be padded.
Fewer observations (0) made than vector observation size (7). The observations will be padded.
Fewer observations (0) made than vector observation size (7). The observations will be padded.
Fewer observations (0) made than vector observation size (7). The observations will be padded.
Fewer observations (0) made than vector observation size (7). The observations will be padded.
Fewer observations (0) made than vector observation size (7). The observations will be padded.
生成了一個物件
Fewer observations (0) made than vector observation size (7). The observations will be padded.
Fewer observations (0) made than vector observation size (7). The observations will be padded.
Fewer observations (0) made than vector observation size (7). The observations will be padded.
Fewer observations (0) made than vector observation size (7). The observations will be padded.
Player died!
Fewer observations (0) made than vector observation size (7). The observations will be padded.
Player died!
生成了一個物件
Unloading 3 Unused Serialized files (Serialized files now loaded: 0)
UnloadTime: 4.818500 ms
Unloading 1 unused Assets to reduce memory usage. Loaded Objects now: 2872.
Total: 1.003400 ms (FindLiveObjects: 0.089100 ms CreateObjectMapping: 0.037400 ms MarkObjects: 0.869000 ms  DeleteObjects: 0.007700 ms)

Unloading 3 Unused Serialized files (Serialized files now loaded: 0)
Fewer observations (0) made than vector observation size (7). The observations will be padded.
UnloadTime: 0.520900 ms
Unloading 1 unused Assets to reduce memory usage. Loaded Objects now: 2872.
Total: 0.931400 ms (FindLiveObjects: 0.079000 ms CreateObjectMapping: 0.076600 ms MarkObjects: 0.766600 ms  DeleteObjects: 0.008900 ms)

[LoadMap] Using main map source: D:\Unity\ML-agent\Map\Decode.txt
[LoadFinishMap] Using finish map source: D:\Unity\ML-agent\Map\finishmap.txt
[LoadFinishMap] Finish size = 15 x 15, new rightX = 215
[LoadMap] Done. Main size = 200 x 15, rightX = 215
Fewer observations (0) made than vector observation size (7). The observations will be padded.
生成了一個物件
Fewer observations (0) made than vector observation size (7). The observations will be padded.
Fewer observations (0) made than vector observation size (7). The observations will be padded.
Fewer observations (0) made than vector observation size (7). The observations will be padded.
Fewer observations (0) made than vector observation size (7). The observations will be padded.
Fewer observations (0) made than vector observation size (7). The observations will be padded.
生成了一個物件
Fewer observations (0) made than vector observation size (7). The observations will be padded.
Fewer observations (0) made than vector observation size (7). The observations will be padded.
生成了一個物件
Fewer observations (0) made than vector observation size (7). The observations will be padded.
Fewer observations (0) made than vector observation size (7). The observations will be padded.
FrontWall hit: ground 1(Clone) normalX=1
生成了一個物件
FrontWall hit: ground 1(Clone) normalX=1
FrontWall hit: ground 1(Clone) normalX=1
Fewer observations (0) made than vector observation size (7). The observations will be padded.
Fewer observations (0) made than vector observation size (7). The observations will be padded.
Fewer observations (0) made than vector observation size (7). The observations will be padded.
Fewer observations (0) made than vector observation size (7). The observations will be padded.
Fewer observations (0) made than vector observation size (7). The observations will be padded.
Fewer observations (0) made than vector observation size (7). The observations will be padded.
Fewer observations (0) made than vector observation size (7). The observations will be padded.
Fewer observations (0) made than vector observation size (7). The observations will be padded.
生成了一個物件
Fewer observations (0) made than vector observation size (7). The observations will be padded.
Fewer observations (0) made than vector observation size (7). The observations will be padded.
Fewer observations (0) made than vector observation size (7). The observations will be padded.
Fewer observations (0) made than vector observation size (7). The observations will be padded.
生成了一個物件
Fewer observations (0) made than vector observation size (7). The observations will be padded.
Fewer observations (0) made than vector observation size (7). The observations will be padded.
Fewer observations (0) made than vector observation size (7). The observations will be padded.
生成了一個物件
Fewer observations (0) made than vector observation size (7). The observations will be padded.
生成了一個物件
Fewer observations (0) made than vector observation size (7). The observations will be padded.
Fewer observations (0) made than vector observation size (7). The observations will be padded.
Fewer observations (0) made than vector observation size (7). The observations will be padded.
Fewer observations (0) made than vector observation size (7). The observations will be padded.
Fewer observations (0) made than vector observation size (7). The observations will be padded.
Fewer observations (0) made than vector observation size (7). The observations will be padded.
Fewer observations (0) made than vector observation size (7). The observations will be padded.
Fewer observations (0) made than vector observation size (7). The observations will be padded.
Fewer observations (0) made than vector observation size (7). The observations will be padded.
Player died!
Fewer observations (0) made than vector observation size (7). The observations will be padded.
生成了一個物件
Unloading 3 Unused Serialized files (Serialized files now loaded: 0)
UnloadTime: 3.788600 ms
Unloading 1 unused Assets to reduce memory usage. Loaded Objects now: 2872.
Total: 1.223400 ms (FindLiveObjects: 0.094800 ms CreateObjectMapping: 0.041000 ms MarkObjects: 1.078200 ms  DeleteObjects: 0.009300 ms)

[LoadMap] Using main map source: D:\Unity\ML-agent\Map\Decode.txt
[LoadFinishMap] Using finish map source: D:\Unity\ML-agent\Map\finishmap.txt
[LoadFinishMap] Finish size = 15 x 15, new rightX = 215
[LoadMap] Done. Main size = 200 x 15, rightX = 215
Fewer observations (0) made than vector observation size (7). The observations will be padded.
Fewer observations (0) made than vector observation size (7). The observations will be padded.
Fewer observations (0) made than vector observation size (7). The observations will be padded.
Fewer observations (0) made than vector observation size (7). The observations will be padded.
Fewer observations (0) made than vector observation size (7). The observations will be padded.
Fewer observations (0) made than vector observation size (7). The observations will be padded.
Fewer observations (0) made than vector observation size (7). The observations will be padded.
Fewer observations (0) made than vector observation size (7). The observations will be padded.
Fewer observations (0) made than vector observation size (7). The observations will be padded.
Fewer observations (0) made than vector observation size (7). The observations will be padded.
Fewer observations (0) made than vector observation size (7). The observations will be padded.
Fewer observations (0) made than vector observation size (7). The observations will be padded.
Fewer observations (0) made than vector observation size (7). The observations will be padded.
Fewer observations (0) made than vector observation size (7). The observations will be padded.
FrontWall hit: ground 1(Clone) normalX=1
FrontWall hit: ground 1(Clone) normalX=1
FrontWall hit: ground 1(Clone) normalX=1
Fewer observations (0) made than vector observation size (7). The observations will be padded.
Fewer observations (0) made than vector observation size (7). The observations will be padded.
Fewer observations (0) made than vector observation size (7). The observations will be padded.
Fewer observations (0) made than vector observation size (7). The observations will be padded.
Fewer observations (0) made than vector observation size (7). The observations will be padded.
Fewer observations (0) made than vector observation size (7). The observations will be padded.
FrontWall hit: ground 1(Clone) normalX=1
FrontWall hit: ground 1(Clone) normalX=1
FrontWall hit: ground 1(Clone) normalX=1
Fewer observations (0) made than vector observation size (7). The observations will be padded.
Fewer observations (0) made than vector observation size (7). The observations will be padded.
Fewer observations (0) made than vector observation size (7). The observations will be padded.
Fewer observations (0) made than vector observation size (7). The observations will be padded.
Fewer observations (0) made than vector observation size (7). The observations will be padded.
Fewer observations (0) made than vector observation size (7). The observations will be padded.
Fewer observations (0) made than vector observation size (7). The observations will be padded.
生成了一個物件
Fewer observations (0) made than vector observation size (7). The observations will be padded.
Fewer observations (0) made than vector observation size (7). The observations will be padded.
生成了一個物件
Fewer observations (0) made than vector observation size (7). The observations will be padded.
生成了一個物件
Fewer observations (0) made than vector observation size (7). The observations will be padded.
生成了一個物件
Fewer observations (0) made than vector observation size (7). The observations will be padded.
Fewer observations (0) made than vector observation size (7). The observations will be padded.
Fewer observations (0) made than vector observation size (7). The observations will be padded.
Fewer observations (0) made than vector observation size (7). The observations will be padded.
Fewer observations (0) made than vector observation size (7). The observations will be padded.
Fewer observations (0) made than vector observation size (7). The observations will be padded.
Fewer observations (0) made than vector observation size (7). The observations will be padded.
Fewer observations (0) made than vector observation size (7). The observations will be padded.
Fewer observations (0) made than vector observation size (7). The observations will be padded.
Fewer observations (0) made than vector observation size (7). The observations will be padded.
Fewer observations (0) made than vector observation size (7). The observations will be padded.
Fewer observations (0) made than vector observation size (7). The observations will be padded.
Fewer observations (0) made than vector observation size (7). The observations will be padded.
生成了一個物件
Fewer observations (0) made than vector observation size (7). The observations will be padded.
生成了一個物件
Fewer observations (0) made than vector observation size (7). The observations will be padded.
生成了一個物件
Fewer observations (0) made than vector observation size (7). The observations will be padded.
Fewer observations (0) made than vector observation size (7). The observations will be padded.
生成了一個物件
Fewer observations (0) made than vector observation size (7). The observations will be padded.
Fewer observations (0) made than vector observation size (7). The observations will be padded.
Fewer observations (0) made than vector observation size (7). The observations will be padded.
Fewer observations (0) made than vector observation size (7). The observations will be padded.
Fewer observations (0) made than vector observation size (7). The observations will be padded.
Fewer observations (0) made than vector observation size (7). The observations will be padded.
Fewer observations (0) made than vector observation size (7). The observations will be padded.
Fewer observations (0) made than vector observation size (7). The observations will be padded.
Player died!
Fewer observations (0) made than vector observation size (7). The observations will be padded.
Unloading 3 Unused Serialized files (Serialized files now loaded: 0)
UnloadTime: 4.939500 ms
Unloading 1 unused Assets to reduce memory usage. Loaded Objects now: 2872.
Total: 1.075500 ms (FindLiveObjects: 0.084300 ms CreateObjectMapping: 0.040700 ms MarkObjects: 0.942800 ms  DeleteObjects: 0.007600 ms)

[LoadMap] Using main map source: D:\Unity\ML-agent\Map\Decode.txt
[LoadFinishMap] Using finish map source: D:\Unity\ML-agent\Map\finishmap.txt
[LoadFinishMap] Finish size = 15 x 15, new rightX = 215
[LoadMap] Done. Main size = 200 x 15, rightX = 215
Fewer observations (0) made than vector observation size (7). The observations will be padded.
Fewer observations (0) made than vector observation size (7). The observations will be padded.
生成了一個物件
Fewer observations (0) made than vector observation size (7). The observations will be padded.
Fewer observations (0) made than vector observation size (7). The observations will be padded.
FrontWall hit: ground 1(Clone) normalX=1
Fewer observations (0) made than vector observation size (7). The observations will be padded.
Fewer observations (0) made than vector observation size (7). The observations will be padded.
FrontWall hit: ground 1(Clone) normalX=1
FrontWall hit: ground 1(Clone) normalX=1
FrontWall hit: ground 1(Clone) normalX=1
生成了一個物件
Fewer observations (0) made than vector observation size (7). The observations will be padded.
Fewer observations (0) made than vector observation size (7). The observations will be padded.
Fewer observations (0) made than vector observation size (7). The observations will be padded.
Fewer observations (0) made than vector observation size (7). The observations will be padded.
FrontWall hit: ground 1(Clone) normalX=1
FrontWall hit: ground 1(Clone) normalX=1
FrontWall hit: ground 1(Clone) normalX=1
Fewer observations (0) made than vector observation size (7). The observations will be padded.
FrontWall hit: ground 1(Clone) normalX=1
FrontWall hit: ground 1(Clone) normalX=1
FrontWall hit: ground 1(Clone) normalX=1
Fewer observations (0) made than vector observation size (7). The observations will be padded.
FrontWall hit: ground 1(Clone) normalX=1
FrontWall hit: ground 1(Clone) normalX=1
FrontWall hit: ground 1(Clone) normalX=1
Fewer observations (0) made than vector observation size (7). The observations will be padded.
Fewer observations (0) made than vector observation size (7). The observations will be padded.
Fewer observations (0) made than vector observation size (7). The observations will be padded.
生成了一個物件
Fewer observations (0) made than vector observation size (7). The observations will be padded.
Fewer observations (0) made than vector observation size (7). The observations will be padded.
Fewer observations (0) made than vector observation size (7). The observations will be padded.
生成了一個物件
生成了一個物件
Fewer observations (0) made than vector observation size (7). The observations will be padded.
Fewer observations (0) made than vector observation size (7). The observations will be padded.
Fewer observations (0) made than vector observation size (7). The observations will be padded.
Fewer observations (0) made than vector observation size (7). The observations will be padded.
Fewer observations (0) made than vector observation size (7). The observations will be padded.
生成了一個物件
Fewer observations (0) made than vector observation size (7). The observations will be padded.
Fewer observations (0) made than vector observation size (7). The observations will be padded.
Fewer observations (0) made than vector observation size (7). The observations will be padded.
Fewer observations (0) made than vector observation size (7). The observations will be padded.
Fewer observations (0) made than vector observation size (7). The observations will be padded.
Fewer observations (0) made than vector observation size (7). The observations will be padded.
Fewer observations (0) made than vector observation size (7). The observations will be padded.
Fewer observations (0) made than vector observation size (7). The observations will be padded.
生成了一個物件
Fewer observations (0) made than vector observation size (7). The observations will be padded.
Fewer observations (0) made than vector observation size (7). The observations will be padded.
Fewer observations (0) made than vector observation size (7). The observations will be padded.
Fewer observations (0) made than vector observation size (7). The observations will be padded.
生成了一個物件
生成了一個物件
Fewer observations (0) made than vector observation size (7). The observations will be padded.
Fewer observations (0) made than vector observation size (7). The observations will be padded.
Fewer observations (0) made than vector observation size (7). The observations will be padded.
Fewer observations (0) made than vector observation size (7). The observations will be padded.
Fewer observations (0) made than vector observation size (7). The observations will be padded.
生成了一個物件
Fewer observations (0) made than vector observation size (7). The observations will be padded.
Fewer observations (0) made than vector observation size (7). The observations will be padded.
Fewer observations (0) made than vector observation size (7). The observations will be padded.
Fewer observations (0) made than vector observation size (7). The observations will be padded.
Fewer observations (0) made than vector observation size (7). The observations will be padded.
Fewer observations (0) made than vector observation size (7). The observations will be padded.
Fewer observations (0) made than vector observation size (7). The observations will be padded.
Fewer observations (0) made than vector observation size (7). The observations will be padded.
生成了一個物件
Fewer observations (0) made than vector observation size (7). The observations will be padded.
Fewer observations (0) made than vector observation size (7). The observations will be padded.
Fewer observations (0) made than vector observation size (7). The observations will be padded.
Fewer observations (0) made than vector observation size (7). The observations will be padded.
生成了一個物件
生成了一個物件
Fewer observations (0) made than vector observation size (7). The observations will be padded.
Fewer observations (0) made than vector observation size (7). The observations will be padded.
Fewer observations (0) made than vector observation size (7). The observations will be padded.
Fewer observations (0) made than vector observation size (7). The observations will be padded.
Player died!
Fewer observations (0) made than vector observation size (7). The observations will be padded.
Player died!
FrontWall hit: ground 1(Clone) normalX=-1
Unloading 3 Unused Serialized files (Serialized files now loaded: 0)
UnloadTime: 4.270800 ms
Unloading 1 unused Assets to reduce memory usage. Loaded Objects now: 2872.
Total: 0.824600 ms (FindLiveObjects: 0.087100 ms CreateObjectMapping: 0.038700 ms MarkObjects: 0.691100 ms  DeleteObjects: 0.007500 ms)

Unloading 3 Unused Serialized files (Serialized files now loaded: 0)
Fewer observations (0) made than vector observation size (7). The observations will be padded.
UnloadTime: 0.476500 ms
Unloading 1 unused Assets to reduce memory usage. Loaded Objects now: 2872.
Total: 0.909500 ms (FindLiveObjects: 0.153500 ms CreateObjectMapping: 0.042500 ms MarkObjects: 0.705800 ms  DeleteObjects: 0.007600 ms)

[LoadMap] Using main map source: D:\Unity\ML-agent\Map\Decode.txt
[LoadFinishMap] Using finish map source: D:\Unity\ML-agent\Map\finishmap.txt
[LoadFinishMap] Finish size = 15 x 15, new rightX = 215
[LoadMap] Done. Main size = 200 x 15, rightX = 215
Fewer observations (0) made than vector observation size (7). The observations will be padded.
Fewer observations (0) made than vector observation size (7). The observations will be padded.
生成了一個物件
Fewer observations (0) made than vector observation size (7). The observations will be padded.
Fewer observations (0) made than vector observation size (7). The observations will be padded.
Fewer observations (0) made than vector observation size (7). The observations will be padded.
Fewer observations (0) made than vector observation size (7). The observations will be padded.
生成了一個物件
Fewer observations (0) made than vector observation size (7). The observations will be padded.
Fewer observations (0) made than vector observation size (7). The observations will be padded.
FrontWall hit: ground 1(Clone) normalX=1
FrontWall hit: ground 1(Clone) normalX=1
FrontWall hit: ground 1(Clone) normalX=1
生成了一個物件
Fewer observations (0) made than vector observation size (7). The observations will be padded.
FrontWall hit: ground 1(Clone) normalX=1
FrontWall hit: ground 1(Clone) normalX=1
FrontWall hit: ground 1(Clone) normalX=1
Fewer observations (0) made than vector observation size (7). The observations will be padded.
FrontWall hit: ground 1(Clone) normalX=1
FrontWall hit: ground 1(Clone) normalX=1
FrontWall hit: ground 1(Clone) normalX=1
Fewer observations (0) made than vector observation size (7). The observations will be padded.
Fewer observations (0) made than vector observation size (7). The observations will be padded.
FrontWall hit: ground 1(Clone) normalX=1
FrontWall hit: ground 1(Clone) normalX=1
FrontWall hit: ground 1(Clone) normalX=1
Fewer observations (0) made than vector observation size (7). The observations will be padded.
Fewer observations (0) made than vector observation size (7). The observations will be padded.
Fewer observations (0) made than vector observation size (7). The observations will be padded.
Fewer observations (0) made than vector observation size (7). The observations will be padded.
Fewer observations (0) made than vector observation size (7). The observations will be padded.
生成了一個物件
Fewer observations (0) made than vector observation size (7). The observations will be padded.
生成了一個物件
Fewer observations (0) made than vector observation size (7). The observations will be padded.
Fewer observations (0) made than vector observation size (7). The observations will be padded.
Fewer observations (0) made than vector observation size (7). The observations will be padded.
Fewer observations (0) made than vector observation size (7). The observations will be padded.
Fewer observations (0) made than vector observation size (7). The observations will be padded.
生成了一個物件
Fewer observations (0) made than vector observation size (7). The observations will be padded.
Fewer observations (0) made than vector observation size (7). The observations will be padded.
生成了一個物件
Fewer observations (0) made than vector observation size (7). The observations will be padded.
Fewer observations (0) made than vector observation size (7). The observations will be padded.
Fewer observations (0) made than vector observation size (7). The observations will be padded.
Fewer observations (0) made than vector observation size (7). The observations will be padded.
Fewer observations (0) made than vector observation size (7). The observations will be padded.
Fewer observations (0) made than vector observation size (7). The observations will be padded.
Fewer observations (0) made than vector observation size (7). The observations will be padded.
Fewer observations (0) made than vector observation size (7). The observations will be padded.
生成了一個物件
Fewer observations (0) made than vector observation size (7). The observations will be padded.
Fewer observations (0) made than vector observation size (7). The observations will be padded.
生成了一個物件
Fewer observations (0) made than vector observation size (7). The observations will be padded.
Fewer observations (0) made than vector observation size (7). The observations will be padded.
Fewer observations (0) made than vector observation size (7). The observations will be padded.
Fewer observations (0) made than vector observation size (7). The observations will be padded.
生成了一個物件
Fewer observations (0) made than vector observation size (7). The observations will be padded.
Fewer observations (0) made than vector observation size (7). The observations will be padded.
Fewer observations (0) made than vector observation size (7). The observations will be padded.
生成了一個物件
Fewer observations (0) made than vector observation size (7). The observations will be padded.
Fewer observations (0) made than vector observation size (7). The observations will be padded.
Fewer observations (0) made than vector observation size (7). The observations will be padded.
Fewer observations (0) made than vector observation size (7). The observations will be padded.
Fewer observations (0) made than vector observation size (7). The observations will be padded.
Fewer observations (0) made than vector observation size (7). The observations will be padded.
Fewer observations (0) made than vector observation size (7). The observations will be padded.
Fewer observations (0) made than vector observation size (7). The observations will be padded.
生成了一個物件
Fewer observations (0) made than vector observation size (7). The observations will be padded.
Fewer observations (0) made than vector observation size (7). The observations will be padded.
生成了一個物件
Player died!
Fewer observations (0) made than vector observation size (7). The observations will be padded.
Fewer observations (0) made than vector observation size (7). The observations will be padded.
Unloading 3 Unused Serialized files (Serialized files now loaded: 0)
Fewer observations (0) made than vector observation size (7). The observations will be padded.
UnloadTime: 6.055100 ms
Unloading 1 unused Assets to reduce memory usage. Loaded Objects now: 2872.
Total: 1.205200 ms (FindLiveObjects: 0.086400 ms CreateObjectMapping: 0.039900 ms MarkObjects: 1.068600 ms  DeleteObjects: 0.010000 ms)

[LoadMap] Using main map source: D:\Unity\ML-agent\Map\Decode.txt
[LoadFinishMap] Using finish map source: D:\Unity\ML-agent\Map\finishmap.txt
[LoadFinishMap] Finish size = 15 x 15, new rightX = 215
[LoadMap] Done. Main size = 200 x 15, rightX = 215
生成了一個物件
Fewer observations (0) made than vector observation size (7). The observations will be padded.
Fewer observations (0) made than vector observation size (7). The observations will be padded.
FrontWall hit: ground 1(Clone) normalX=1
FrontWall hit: ground 1(Clone) normalX=1
FrontWall hit: ground 1(Clone) normalX=1
Fewer observations (0) made than vector observation size (7). The observations will be padded.
Fewer observations (0) made than vector observation size (7). The observations will be padded.
Fewer observations (0) made than vector observation size (7). The observations will be padded.
FrontWall hit: ground 1(Clone) normalX=1
FrontWall hit: ground 1(Clone) normalX=1
FrontWall hit: ground 1(Clone) normalX=1
Fewer observations (0) made than vector observation size (7). The observations will be padded.
Fewer observations (0) made than vector observation size (7). The observations will be padded.
Fewer observations (0) made than vector observation size (7). The observations will be padded.
Fewer observations (0) made than vector observation size (7). The observations will be padded.
Fewer observations (0) made than vector observation size (7). The observations will be padded.
生成了一個物件
Fewer observations (0) made than vector observation size (7). The observations will be padded.
Fewer observations (0) made than vector observation size (7). The observations will be padded.
Fewer observations (0) made than vector observation size (7). The observations will be padded.
生成了一個物件
Fewer observations (0) made than vector observation size (7). The observations will be padded.
生成了一個物件
Fewer observations (0) made than vector observation size (7). The observations will be padded.
Fewer observations (0) made than vector observation size (7). The observations will be padded.
Fewer observations (0) made than vector observation size (7). The observations will be padded.
生成了一個物件
Fewer observations (0) made than vector observation size (7). The observations will be padded.
Fewer observations (0) made than vector observation size (7). The observations will be padded.
Fewer observations (0) made than vector observation size (7). The observations will be padded.
Fewer observations (0) made than vector observation size (7). The observations will be padded.
Fewer observations (0) made than vector observation size (7). The observations will be padded.
Fewer observations (0) made than vector observation size (7). The observations will be padded.
Fewer observations (0) made than vector observation size (7). The observations will be padded.
Fewer observations (0) made than vector observation size (7). The observations will be padded.
Fewer observations (0) made than vector observation size (7). The observations will be padded.
Fewer observations (0) made than vector observation size (7). The observations will be padded.
生成了一個物件
Fewer observations (0) made than vector observation size (7). The observations will be padded.
Fewer observations (0) made than vector observation size (7). The observations will be padded.
生成了一個物件
Fewer observations (0) made than vector observation size (7). The observations will be padded.
Fewer observations (0) made than vector observation size (7). The observations will be padded.
生成了一個物件
Fewer observations (0) made than vector observation size (7). The observations will be padded.
Fewer observations (0) made than vector observation size (7). The observations will be padded.
生成了一個物件
Fewer observations (0) made than vector observation size (7). The observations will be padded.
Fewer observations (0) made than vector observation size (7). The observations will be padded.
Fewer observations (0) made than vector observation size (7). The observations will be padded.
Fewer observations (0) made than vector observation size (7). The observations will be padded.
Player died!
Fewer observations (0) made than vector observation size (7). The observations will be padded.
Player died!
FrontWall hit: ground 1(Clone) normalX=-1
Unloading 3 Unused Serialized files (Serialized files now loaded: 0)
UnloadTime: 3.830100 ms
Unloading 1 unused Assets to reduce memory usage. Loaded Objects now: 2872.
Total: 0.989700 ms (FindLiveObjects: 0.086700 ms CreateObjectMapping: 0.036900 ms MarkObjects: 0.858800 ms  DeleteObjects: 0.007200 ms)

Unloading 3 Unused Serialized files (Serialized files now loaded: 0)
Fewer observations (0) made than vector observation size (7). The observations will be padded.
UnloadTime: 0.576500 ms
Unloading 1 unused Assets to reduce memory usage. Loaded Objects now: 2872.
Total: 0.840900 ms (FindLiveObjects: 0.083000 ms CreateObjectMapping: 0.037100 ms MarkObjects: 0.713400 ms  DeleteObjects: 0.007100 ms)

[LoadMap] Using main map source: D:\Unity\ML-agent\Map\Decode.txt
[LoadFinishMap] Using finish map source: D:\Unity\ML-agent\Map\finishmap.txt
[LoadFinishMap] Finish size = 15 x 15, new rightX = 215
[LoadMap] Done. Main size = 200 x 15, rightX = 215
Fewer observations (0) made than vector observation size (7). The observations will be padded.
FrontWall hit: ground 1(Clone) normalX=1
FrontWall hit: ground 1(Clone) normalX=1
FrontWall hit: ground 1(Clone) normalX=1
Fewer observations (0) made than vector observation size (7). The observations will be padded.
Fewer observations (0) made than vector observation size (7). The observations will be padded.
FrontWall hit: ground 1(Clone) normalX=1
生成了一個物件
FrontWall hit: ground 1(Clone) normalX=1
FrontWall hit: ground 1(Clone) normalX=1
Fewer observations (0) made than vector observation size (7). The observations will be padded.
Fewer observations (0) made than vector observation size (7). The observations will be padded.
Fewer observations (0) made than vector observation size (7). The observations will be padded.
Fewer observations (0) made than vector observation size (7). The observations will be padded.
Fewer observations (0) made than vector observation size (7). The observations will be padded.
Fewer observations (0) made than vector observation size (7). The observations will be padded.
生成了一個物件
Fewer observations (0) made than vector observation size (7). The observations will be padded.
Fewer observations (0) made than vector observation size (7). The observations will be padded.
FrontWall hit: ground 1(Clone) normalX=1
FrontWall hit: ground 1(Clone) normalX=1
生成了一個物件
FrontWall hit: ground 1(Clone) normalX=1
Fewer observations (0) made than vector observation size (7). The observations will be padded.
Fewer observations (0) made than vector observation size (7). The observations will be padded.
Fewer observations (0) made than vector observation size (7). The observations will be padded.
生成了一個物件
Fewer observations (0) made than vector observation size (7). The observations will be padded.
Fewer observations (0) made than vector observation size (7). The observations will be padded.
Fewer observations (0) made than vector observation size (7). The observations will be padded.
Fewer observations (0) made than vector observation size (7). The observations will be padded.
FrontWall hit: ground 1(Clone) normalX=1
FrontWall hit: ground 1(Clone) normalX=1
FrontWall hit: ground 1(Clone) normalX=1
Fewer observations (0) made than vector observation size (7). The observations will be padded.
生成了一個物件
Fewer observations (0) made than vector observation size (7). The observations will be padded.
FrontWall hit: ground 1(Clone) normalX=1
FrontWall hit: ground 1(Clone) normalX=1
FrontWall hit: ground 1(Clone) normalX=1
Fewer observations (0) made than vector observation size (7). The observations will be padded.
Fewer observations (0) made than vector observation size (7). The observations will be padded.
Fewer observations (0) made than vector observation size (7). The observations will be padded.
Fewer observations (0) made than vector observation size (7). The observations will be padded.
Fewer observations (0) made than vector observation size (7). The observations will be padded.
Fewer observations (0) made than vector observation size (7). The observations will be padded.
生成了一個物件
Fewer observations (0) made than vector observation size (7). The observations will be padded.
Fewer observations (0) made than vector observation size (7). The observations will be padded.
生成了一個物件
Fewer observations (0) made than vector observation size (7). The observations will be padded.
Fewer observations (0) made than vector observation size (7). The observations will be padded.
Fewer observations (0) made than vector observation size (7). The observations will be padded.
生成了一個物件
Fewer observations (0) made than vector observation size (7). The observations will be padded.
Fewer observations (0) made than vector observation size (7). The observations will be padded.
Fewer observations (0) made than vector observation size (7). The observations will be padded.
Fewer observations (0) made than vector observation size (7). The observations will be padded.
Fewer observations (0) made than vector observation size (7). The observations will be padded.
生成了一個物件
Fewer observations (0) made than vector observation size (7). The observations will be padded.
Fewer observations (0) made than vector observation size (7). The observations will be padded.
Fewer observations (0) made than vector observation size (7). The observations will be padded.
Fewer observations (0) made than vector observation size (7). The observations will be padded.
Fewer observations (0) made than vector observation size (7). The observations will be padded.
Fewer observations (0) made than vector observation size (7). The observations will be padded.
生成了一個物件
Fewer observations (0) made than vector observation size (7). The observations will be padded.
Fewer observations (0) made than vector observation size (7). The observations will be padded.
生成了一個物件
Fewer observations (0) made than vector observation size (7). The observations will be padded.
Fewer observations (0) made than vector observation size (7). The observations will be padded.
Fewer observations (0) made than vector observation size (7). The observations will be padded.
Fewer observations (0) made than vector observation size (7). The observations will be padded.
生成了一個物件
Fewer observations (0) made than vector observation size (7). The observations will be padded.
Player died!
Fewer observations (0) made than vector observation size (7). The observations will be padded.
Player died!
FrontWall hit: ground 1(Clone) normalX=-1
Unloading 3 Unused Serialized files (Serialized files now loaded: 0)
UnloadTime: 3.130400 ms
Unloading 1 unused Assets to reduce memory usage. Loaded Objects now: 2872.
Total: 0.909700 ms (FindLiveObjects: 0.114800 ms CreateObjectMapping: 0.056200 ms MarkObjects: 0.731300 ms  DeleteObjects: 0.007100 ms)

Unloading 3 Unused Serialized files (Serialized files now loaded: 0)
Fewer observations (0) made than vector observation size (7). The observations will be padded.
UnloadTime: 0.528600 ms
Unloading 1 unused Assets to reduce memory usage. Loaded Objects now: 2872.
Total: 1.036100 ms (FindLiveObjects: 0.101200 ms CreateObjectMapping: 0.038600 ms MarkObjects: 0.888600 ms  DeleteObjects: 0.007700 ms)

[LoadMap] Using main map source: D:\Unity\ML-agent\Map\Decode.txt
[LoadFinishMap] Using finish map source: D:\Unity\ML-agent\Map\finishmap.txt
[LoadFinishMap] Finish size = 15 x 15, new rightX = 215
[LoadMap] Done. Main size = 200 x 15, rightX = 215
Fewer observations (0) made than vector observation size (7). The observations will be padded.
FrontWall hit: ground 1(Clone) normalX=1
FrontWall hit: ground 1(Clone) normalX=1
FrontWall hit: ground 1(Clone) normalX=1
Fewer observations (0) made than vector observation size (7). The observations will be padded.
FrontWall hit: ground 1(Clone) normalX=1
FrontWall hit: ground 1(Clone) normalX=1
FrontWall hit: ground 1(Clone) normalX=1
Fewer observations (0) made than vector observation size (7). The observations will be padded.
FrontWall hit: ground 1(Clone) normalX=1
FrontWall hit: ground 1(Clone) normalX=1
FrontWall hit: ground 1(Clone) normalX=1
Fewer observations (0) made than vector observation size (7). The observations will be padded.
Fewer observations (0) made than vector observation size (7). The observations will be padded.
FrontWall hit: ground 1(Clone) normalX=1
FrontWall hit: ground 1(Clone) normalX=1
FrontWall hit: ground 1(Clone) normalX=1
Fewer observations (0) made than vector observation size (7). The observations will be padded.
FrontWall hit: ground 1(Clone) normalX=1
FrontWall hit: ground 1(Clone) normalX=1
FrontWall hit: ground 1(Clone) normalX=1
Fewer observations (0) made than vector observation size (7). The observations will be padded.
FrontWall hit: ground 1(Clone) normalX=1
FrontWall hit: ground 1(Clone) normalX=1
FrontWall hit: ground 1(Clone) normalX=1
Fewer observations (0) made than vector observation size (7). The observations will be padded.
Fewer observations (0) made than vector observation size (7). The observations will be padded.
Fewer observations (0) made than vector observation size (7). The observations will be padded.
Fewer observations (0) made than vector observation size (7). The observations will be padded.
Fewer observations (0) made than vector observation size (7). The observations will be padded.
生成了一個物件
Fewer observations (0) made than vector observation size (7). The observations will be padded.
Fewer observations (0) made than vector observation size (7). The observations will be padded.
生成了一個物件
Fewer observations (0) made than vector observation size (7). The observations will be padded.
Fewer observations (0) made than vector observation size (7). The observations will be padded.
生成了一個物件
Fewer observations (0) made than vector observation size (7). The observations will be padded.
Fewer observations (0) made than vector observation size (7). The observations will be padded.
生成了一個物件
Fewer observations (0) made than vector observation size (7). The observations will be padded.
Fewer observations (0) made than vector observation size (7). The observations will be padded.
Fewer observations (0) made than vector observation size (7). The observations will be padded.
FrontWall hit: ground 1(Clone) normalX=1
FrontWall hit: ground 1(Clone) normalX=1
FrontWall hit: ground 1(Clone) normalX=1
Fewer observations (0) made than vector observation size (7). The observations will be padded.
Fewer observations (0) made than vector observation size (7). The observations will be padded.
Fewer observations (0) made than vector observation size (7). The observations will be padded.
Fewer observations (0) made than vector observation size (7). The observations will be padded.
Fewer observations (0) made than vector observation size (7). The observations will be padded.
Fewer observations (0) made than vector observation size (7). The observations will be padded.
Fewer observations (0) made than vector observation size (7). The observations will be padded.
Fewer observations (0) made than vector observation size (7). The observations will be padded.
生成了一個物件
Fewer observations (0) made than vector observation size (7). The observations will be padded.
Fewer observations (0) made than vector observation size (7). The observations will be padded.
生成了一個物件
Fewer observations (0) made than vector observation size (7). The observations will be padded.
Fewer observations (0) made than vector observation size (7). The observations will be padded.
生成了一個物件
Fewer observations (0) made than vector observation size (7). The observations will be padded.
生成了一個物件
Fewer observations (0) made than vector observation size (7). The observations will be padded.
Fewer observations (0) made than vector observation size (7). The observations will be padded.
Fewer observations (0) made than vector observation size (7). The observations will be padded.
Fewer observations (0) made than vector observation size (7). The observations will be padded.
Fewer observations (0) made than vector observation size (7). The observations will be padded.
Fewer observations (0) made than vector observation size (7). The observations will be padded.
Fewer observations (0) made than vector observation size (7). The observations will be padded.
Fewer observations (0) made than vector observation size (7). The observations will be padded.
Fewer observations (0) made than vector observation size (7). The observations will be padded.
Fewer observations (0) made than vector observation size (7). The observations will be padded.
Fewer observations (0) made than vector observation size (7). The observations will be padded.
生成了一個物件
Fewer observations (0) made than vector observation size (7). The observations will be padded.
Fewer observations (0) made than vector observation size (7). The observations will be padded.
Fewer observations (0) made than vector observation size (7). The observations will be padded.
生成了一個物件
Player died!
Fewer observations (0) made than vector observation size (7). The observations will be padded.
Player died!
FrontWall hit: ground 1(Clone) normalX=-1
Unloading 3 Unused Serialized files (Serialized files now loaded: 0)
UnloadTime: 5.161000 ms
Unloading 1 unused Assets to reduce memory usage. Loaded Objects now: 2872.
Total: 0.838600 ms (FindLiveObjects: 0.083600 ms CreateObjectMapping: 0.038100 ms MarkObjects: 0.709700 ms  DeleteObjects: 0.006900 ms)

Unloading 3 Unused Serialized files (Serialized files now loaded: 0)
Fewer observations (0) made than vector observation size (7). The observations will be padded.
UnloadTime: 0.710800 ms
Unloading 1 unused Assets to reduce memory usage. Loaded Objects now: 2872.
Total: 0.844600 ms (FindLiveObjects: 0.084700 ms CreateObjectMapping: 0.038000 ms MarkObjects: 0.714200 ms  DeleteObjects: 0.007600 ms)

[LoadMap] Using main map source: D:\Unity\ML-agent\Map\Decode.txt
[LoadFinishMap] Using finish map source: D:\Unity\ML-agent\Map\finishmap.txt
[LoadFinishMap] Finish size = 15 x 15, new rightX = 215
[LoadMap] Done. Main size = 200 x 15, rightX = 215
Fewer observations (0) made than vector observation size (7). The observations will be padded.
Fewer observations (0) made than vector observation size (7). The observations will be padded.
生成了一個物件
Fewer observations (0) made than vector observation size (7). The observations will be padded.
Fewer observations (0) made than vector observation size (7). The observations will be padded.
Fewer observations (0) made than vector observation size (7). The observations will be padded.
Fewer observations (0) made than vector observation size (7). The observations will be padded.
生成了一個物件
Fewer observations (0) made than vector observation size (7). The observations will be padded.
Fewer observations (0) made than vector observation size (7). The observations will be padded.
Fewer observations (0) made than vector observation size (7). The observations will be padded.
生成了一個物件
Fewer observations (0) made than vector observation size (7). The observations will be padded.
生成了一個物件
Fewer observations (0) made than vector observation size (7). The observations will be padded.
Fewer observations (0) made than vector observation size (7). The observations will be padded.
Fewer observations (0) made than vector observation size (7). The observations will be padded.
Fewer observations (0) made than vector observation size (7). The observations will be padded.
Fewer observations (0) made than vector observation size (7). The observations will be padded.
Fewer observations (0) made than vector observation size (7). The observations will be padded.
Fewer observations (0) made than vector observation size (7). The observations will be padded.
Fewer observations (0) made than vector observation size (7). The observations will be padded.
Fewer observations (0) made than vector observation size (7). The observations will be padded.
生成了一個物件
Fewer observations (0) made than vector observation size (7). The observations will be padded.
Fewer observations (0) made than vector observation size (7). The observations will be padded.
Fewer observations (0) made than vector observation size (7). The observations will be padded.
Fewer observations (0) made than vector observation size (7). The observations will be padded.
生成了一個物件
Fewer observations (0) made than vector observation size (7). The observations will be padded.
Fewer observations (0) made than vector observation size (7). The observations will be padded.
生成了一個物件
Fewer observations (0) made than vector observation size (7). The observations will be padded.
Fewer observations (0) made than vector observation size (7). The observations will be padded.
生成了一個物件
Fewer observations (0) made than vector observation size (7). The observations will be padded.
Fewer observations (0) made than vector observation size (7). The observations will be padded.
Fewer observations (0) made than vector observation size (7). The observations will be padded.
Fewer observations (0) made than vector observation size (7). The observations will be padded.
Fewer observations (0) made than vector observation size (7). The observations will be padded.
Fewer observations (0) made than vector observation size (7). The observations will be padded.
Fewer observations (0) made than vector observation size (7). The observations will be padded.
Fewer observations (0) made than vector observation size (7). The observations will be padded.
生成了一個物件
Fewer observations (0) made than vector observation size (7). The observations will be padded.
Fewer observations (0) made than vector observation size (7). The observations will be padded.
Player died!
Fewer observations (0) made than vector observation size (7). The observations will be padded.
Unloading 3 Unused Serialized files (Serialized files now loaded: 0)
UnloadTime: 5.170500 ms
Unloading 1 unused Assets to reduce memory usage. Loaded Objects now: 2872.
Total: 1.403400 ms (FindLiveObjects: 0.112700 ms CreateObjectMapping: 0.044700 ms MarkObjects: 1.233700 ms  DeleteObjects: 0.012200 ms)

[LoadMap] Using main map source: D:\Unity\ML-agent\Map\Decode.txt
[LoadFinishMap] Using finish map source: D:\Unity\ML-agent\Map\finishmap.txt
[LoadFinishMap] Finish size = 15 x 15, new rightX = 215
[LoadMap] Done. Main size = 200 x 15, rightX = 215
Fewer observations (0) made than vector observation size (7). The observations will be padded.
生成了一個物件
Fewer observations (0) made than vector observation size (7). The observations will be padded.
Fewer observations (0) made than vector observation size (7). The observations will be padded.
Fewer observations (0) made than vector observation size (7). The observations will be padded.
FrontWall hit: ground 1(Clone) normalX=1
FrontWall hit: ground 1(Clone) normalX=1
FrontWall hit: ground 1(Clone) normalX=1
Fewer observations (0) made than vector observation size (7). The observations will be padded.
FrontWall hit: ground 1(Clone) normalX=1
FrontWall hit: ground 1(Clone) normalX=1
FrontWall hit: ground 1(Clone) normalX=1
Fewer observations (0) made than vector observation size (7). The observations will be padded.
Fewer observations (0) made than vector observation size (7). The observations will be padded.
FrontWall hit: ground 1(Clone) normalX=1
FrontWall hit: ground 1(Clone) normalX=1
FrontWall hit: ground 1(Clone) normalX=1
Fewer observations (0) made than vector observation size (7). The observations will be padded.
Fewer observations (0) made than vector observation size (7). The observations will be padded.
FrontWall hit: ground 1(Clone) normalX=1
FrontWall hit: ground 1(Clone) normalX=1
FrontWall hit: ground 1(Clone) normalX=1
Fewer observations (0) made than vector observation size (7). The observations will be padded.
FrontWall hit: ground 1(Clone) normalX=1
FrontWall hit: ground 1(Clone) normalX=1
FrontWall hit: ground 1(Clone) normalX=1
Fewer observations (0) made than vector observation size (7). The observations will be padded.
Fewer observations (0) made than vector observation size (7). The observations will be padded.
Fewer observations (0) made than vector observation size (7). The observations will be padded.
Fewer observations (0) made than vector observation size (7). The observations will be padded.
Fewer observations (0) made than vector observation size (7). The observations will be padded.
Fewer observations (0) made than vector observation size (7). The observations will be padded.
Fewer observations (0) made than vector observation size (7). The observations will be padded.
生成了一個物件
Fewer observations (0) made than vector observation size (7). The observations will be padded.
Fewer observations (0) made than vector observation size (7). The observations will be padded.
Fewer observations (0) made than vector observation size (7). The observations will be padded.
生成了一個物件
Fewer observations (0) made than vector observation size (7). The observations will be padded.
Fewer observations (0) made than vector observation size (7). The observations will be padded.
生成了一個物件
Fewer observations (0) made than vector observation size (7). The observations will be padded.
生成了一個物件
Fewer observations (0) made than vector observation size (7). The observations will be padded.
Fewer observations (0) made than vector observation size (7). The observations will be padded.
Fewer observations (0) made than vector observation size (7). The observations will be padded.
Fewer observations (0) made than vector observation size (7). The observations will be padded.
Fewer observations (0) made than vector observation size (7). The observations will be padded.
Fewer observations (0) made than vector observation size (7). The observations will be padded.
Fewer observations (0) made than vector observation size (7). The observations will be padded.
Fewer observations (0) made than vector observation size (7). The observations will be padded.
Fewer observations (0) made than vector observation size (7). The observations will be padded.
Fewer observations (0) made than vector observation size (7). The observations will be padded.
Fewer observations (0) made than vector observation size (7). The observations will be padded.
生成了一個物件
Player died!
Fewer observations (0) made than vector observation size (7). The observations will be padded.
Player died!
Fewer observations (0) made than vector observation size (7). The observations will be padded.
Unloading 3 Unused Serialized files (Serialized files now loaded: 0)
Fewer observations (0) made than vector observation size (7). The observations will be padded.
UnloadTime: 3.919300 ms
Unloading 1 unused Assets to reduce memory usage. Loaded Objects now: 2872.
Total: 0.935100 ms (FindLiveObjects: 0.098800 ms CreateObjectMapping: 0.042500 ms MarkObjects: 0.785600 ms  DeleteObjects: 0.008000 ms)

Unloading 3 Unused Serialized files (Serialized files now loaded: 0)
Fewer observations (0) made than vector observation size (7). The observations will be padded.
UnloadTime: 0.560200 ms
Unloading 1 unused Assets to reduce memory usage. Loaded Objects now: 2872.
Total: 0.829200 ms (FindLiveObjects: 0.087200 ms CreateObjectMapping: 0.033700 ms MarkObjects: 0.701100 ms  DeleteObjects: 0.007100 ms)

[LoadMap] Using main map source: D:\Unity\ML-agent\Map\Decode.txt
[LoadFinishMap] Using finish map source: D:\Unity\ML-agent\Map\finishmap.txt
[LoadFinishMap] Finish size = 15 x 15, new rightX = 215
[LoadMap] Done. Main size = 200 x 15, rightX = 215
Fewer observations (0) made than vector observation size (7). The observations will be padded.
生成了一個物件
Fewer observations (0) made than vector observation size (7). The observations will be padded.
Fewer observations (0) made than vector observation size (7). The observations will be padded.
FrontWall hit: ground 1(Clone) normalX=1
FrontWall hit: ground 1(Clone) normalX=1
FrontWall hit: ground 1(Clone) normalX=1
Fewer observations (0) made than vector observation size (7). The observations will be padded.
Fewer observations (0) made than vector observation size (7). The observations will be padded.
FrontWall hit: ground 1(Clone) normalX=1
FrontWall hit: ground 1(Clone) normalX=1
FrontWall hit: ground 1(Clone) normalX=1
Fewer observations (0) made than vector observation size (7). The observations will be padded.
Fewer observations (0) made than vector observation size (7). The observations will be padded.
Fewer observations (0) made than vector observation size (7). The observations will be padded.
Fewer observations (0) made than vector observation size (7). The observations will be padded.
Fewer observations (0) made than vector observation size (7). The observations will be padded.
生成了一個物件
Fewer observations (0) made than vector observation size (7). The observations will be padded.
Fewer observations (0) made than vector observation size (7). The observations will be padded.
Fewer observations (0) made than vector observation size (7). The observations will be padded.
生成了一個物件
Fewer observations (0) made than vector observation size (7). The observations will be padded.
生成了一個物件
Fewer observations (0) made than vector observation size (7). The observations will be padded.
Fewer observations (0) made than vector observation size (7). The observations will be padded.
Fewer observations (0) made than vector observation size (7). The observations will be padded.
Fewer observations (0) made than vector observation size (7). The observations will be padded.
生成了一個物件
Fewer observations (0) made than vector observation size (7). The observations will be padded.
Fewer observations (0) made than vector observation size (7). The observations will be padded.
Fewer observations (0) made than vector observation size (7). The observations will be padded.
Fewer observations (0) made than vector observation size (7). The observations will be padded.
Fewer observations (0) made than vector observation size (7). The observations will be padded.
Fewer observations (0) made than vector observation size (7). The observations will be padded.
Fewer observations (0) made than vector observation size (7). The observations will be padded.
Fewer observations (0) made than vector observation size (7). The observations will be padded.
FrontWall hit: ground 1(Clone) normalX=1
FrontWall hit: ground 1(Clone) normalX=1
Fewer observations (0) made than vector observation size (7). The observations will be padded.
生成了一個物件
Fewer observations (0) made than vector observation size (7). The observations will be padded.
Fewer observations (0) made than vector observation size (7). The observations will be padded.
生成了一個物件
Fewer observations (0) made than vector observation size (7). The observations will be padded.
Fewer observations (0) made than vector observation size (7). The observations will be padded.
生成了一個物件
Fewer observations (0) made than vector observation size (7). The observations will be padded.
Fewer observations (0) made than vector observation size (7). The observations will be padded.
Fewer observations (0) made than vector observation size (7). The observations will be padded.
Fewer observations (0) made than vector observation size (7). The observations will be padded.
生成了一個物件
Fewer observations (0) made than vector observation size (7). The observations will be padded.
Fewer observations (0) made than vector observation size (7). The observations will be padded.
Fewer observations (0) made than vector observation size (7). The observations will be padded.
FrontWall hit: ground 1(Clone) normalX=1
FrontWall hit: ground 1(Clone) normalX=1
FrontWall hit: ground 1(Clone) normalX=1
Fewer observations (0) made than vector observation size (7). The observations will be padded.
FrontWall hit: ground 1(Clone) normalX=1
FrontWall hit: ground 1(Clone) normalX=1
FrontWall hit: ground 1(Clone) normalX=1
Fewer observations (0) made than vector observation size (7). The observations will be padded.
Fewer observations (0) made than vector observation size (7). The observations will be padded.
Fewer observations (0) made than vector observation size (7). The observations will be padded.
Fewer observations (0) made than vector observation size (7). The observations will be padded.
Fewer observations (0) made than vector observation size (7). The observations will be padded.
生成了一個物件
Fewer observations (0) made than vector observation size (7). The observations will be padded.
Fewer observations (0) made than vector observation size (7). The observations will be padded.
生成了一個物件
Fewer observations (0) made than vector observation size (7). The observations will be padded.
Fewer observations (0) made than vector observation size (7). The observations will be padded.
生成了一個物件
Fewer observations (0) made than vector observation size (7). The observations will be padded.
Player died!
Fewer observations (0) made than vector observation size (7). The observations will be padded.
Player died!
Unloading 3 Unused Serialized files (Serialized files now loaded: 0)
UnloadTime: 4.249600 ms
Unloading 1 unused Assets to reduce memory usage. Loaded Objects now: 2872.
Total: 1.206600 ms (FindLiveObjects: 0.147200 ms CreateObjectMapping: 0.067700 ms MarkObjects: 0.980700 ms  DeleteObjects: 0.010800 ms)

Unloading 3 Unused Serialized files (Serialized files now loaded: 0)
Fewer observations (0) made than vector observation size (7). The observations will be padded.
UnloadTime: 0.514800 ms
Unloading 1 unused Assets to reduce memory usage. Loaded Objects now: 2872.
Total: 0.952500 ms (FindLiveObjects: 0.079600 ms CreateObjectMapping: 0.037000 ms MarkObjects: 0.828000 ms  DeleteObjects: 0.007900 ms)

[LoadMap] Using main map source: D:\Unity\ML-agent\Map\Decode.txt
[LoadFinishMap] Using finish map source: D:\Unity\ML-agent\Map\finishmap.txt
[LoadFinishMap] Finish size = 15 x 15, new rightX = 215
[LoadMap] Done. Main size = 200 x 15, rightX = 215
Fewer observations (0) made than vector observation size (7). The observations will be padded.
Fewer observations (0) made than vector observation size (7). The observations will be padded.
生成了一個物件
Fewer observations (0) made than vector observation size (7). The observations will be padded.
Fewer observations (0) made than vector observation size (7). The observations will be padded.
FrontWall hit: ground 1(Clone) normalX=1
FrontWall hit: ground 1(Clone) normalX=1
Fewer observations (0) made than vector observation size (7). The observations will be padded.
Fewer observations (0) made than vector observation size (7). The observations will be padded.
Fewer observations (0) made than vector observation size (7). The observations will be padded.
生成了一個物件
Fewer observations (0) made than vector observation size (7). The observations will be padded.
Fewer observations (0) made than vector observation size (7). The observations will be padded.
Fewer observations (0) made than vector observation size (7). The observations will be padded.
生成了一個物件
Fewer observations (0) made than vector observation size (7). The observations will be padded.
生成了一個物件
Fewer observations (0) made than vector observation size (7). The observations will be padded.
Fewer observations (0) made than vector observation size (7). The observations will be padded.
Fewer observations (0) made than vector observation size (7). The observations will be padded.
Fewer observations (0) made than vector observation size (7). The observations will be padded.
Fewer observations (0) made than vector observation size (7). The observations will be padded.
Fewer observations (0) made than vector observation size (7). The observations will be padded.
Fewer observations (0) made than vector observation size (7). The observations will be padded.
Fewer observations (0) made than vector observation size (7). The observations will be padded.
生成了一個物件
Fewer observations (0) made than vector observation size (7). The observations will be padded.
Fewer observations (0) made than vector observation size (7). The observations will be padded.
Fewer observations (0) made than vector observation size (7). The observations will be padded.
Fewer observations (0) made than vector observation size (7). The observations will be padded.
Fewer observations (0) made than vector observation size (7). The observations will be padded.
生成了一個物件
Fewer observations (0) made than vector observation size (7). The observations will be padded.
Fewer observations (0) made than vector observation size (7). The observations will be padded.
生成了一個物件
Fewer observations (0) made than vector observation size (7). The observations will be padded.
Fewer observations (0) made than vector observation size (7). The observations will be padded.
生成了一個物件
Fewer observations (0) made than vector observation size (7). The observations will be padded.
Fewer observations (0) made than vector observation size (7). The observations will be padded.
Fewer observations (0) made than vector observation size (7). The observations will be padded.
Fewer observations (0) made than vector observation size (7). The observations will be padded.
Fewer observations (0) made than vector observation size (7). The observations will be padded.
Fewer observations (0) made than vector observation size (7). The observations will be padded.
Fewer observations (0) made than vector observation size (7). The observations will be padded.
生成了一個物件
Fewer observations (0) made than vector observation size (7). The observations will be padded.
Fewer observations (0) made than vector observation size (7). The observations will be padded.
Player died!
Fewer observations (0) made than vector observation size (7). The observations will be padded.
Player died!
FrontWall hit: ground 1(Clone) normalX=-1
Unloading 3 Unused Serialized files (Serialized files now loaded: 0)
UnloadTime: 5.310100 ms
Unloading 1 unused Assets to reduce memory usage. Loaded Objects now: 2872.
Total: 1.237000 ms (FindLiveObjects: 0.088700 ms CreateObjectMapping: 0.040200 ms MarkObjects: 1.096200 ms  DeleteObjects: 0.011700 ms)

Unloading 3 Unused Serialized files (Serialized files now loaded: 0)
Fewer observations (0) made than vector observation size (7). The observations will be padded.
UnloadTime: 0.502900 ms
Unloading 1 unused Assets to reduce memory usage. Loaded Objects now: 2872.
Total: 0.819800 ms (FindLiveObjects: 0.073700 ms CreateObjectMapping: 0.036300 ms MarkObjects: 0.703100 ms  DeleteObjects: 0.006500 ms)

[LoadMap] Using main map source: D:\Unity\ML-agent\Map\Decode.txt
[LoadFinishMap] Using finish map source: D:\Unity\ML-agent\Map\finishmap.txt
[LoadFinishMap] Finish size = 15 x 15, new rightX = 215
[LoadMap] Done. Main size = 200 x 15, rightX = 215
Fewer observations (0) made than vector observation size (7). The observations will be padded.
Fewer observations (0) made than vector observation size (7). The observations will be padded.
FrontWall hit: ground 1(Clone) normalX=1
生成了一個物件
FrontWall hit: ground 1(Clone) normalX=1
FrontWall hit: ground 1(Clone) normalX=1
Fewer observations (0) made than vector observation size (7). The observations will be padded.
Fewer observations (0) made than vector observation size (7). The observations will be padded.
Fewer observations (0) made than vector observation size (7). The observations will be padded.
Fewer observations (0) made than vector observation size (7). The observations will be padded.
Fewer observations (0) made than vector observation size (7). The observations will be padded.
Fewer observations (0) made than vector observation size (7). The observations will be padded.
生成了一個物件
Fewer observations (0) made than vector observation size (7). The observations will be padded.
Fewer observations (0) made than vector observation size (7). The observations will be padded.
生成了一個物件
Fewer observations (0) made than vector observation size (7). The observations will be padded.
Fewer observations (0) made than vector observation size (7). The observations will be padded.
生成了一個物件
Fewer observations (0) made than vector observation size (7). The observations will be padded.
Fewer observations (0) made than vector observation size (7). The observations will be padded.
FrontWall hit: ground 1(Clone) normalX=1
FrontWall hit: ground 1(Clone) normalX=1
FrontWall hit: ground 1(Clone) normalX=1
Fewer observations (0) made than vector observation size (7). The observations will be padded.
Fewer observations (0) made than vector observation size (7). The observations will be padded.
Fewer observations (0) made than vector observation size (7). The observations will be padded.
FrontWall hit: ground 1(Clone) normalX=1
FrontWall hit: ground 1(Clone) normalX=1
FrontWall hit: ground 1(Clone) normalX=1
Fewer observations (0) made than vector observation size (7). The observations will be padded.
FrontWall hit: ground 1(Clone) normalX=1
FrontWall hit: ground 1(Clone) normalX=1
FrontWall hit: ground 1(Clone) normalX=1
生成了一個物件
Fewer observations (0) made than vector observation size (7). The observations will be padded.
FrontWall hit: ground 1(Clone) normalX=1
FrontWall hit: ground 1(Clone) normalX=1
FrontWall hit: ground 1(Clone) normalX=1
Fewer observations (0) made than vector observation size (7). The observations will be padded.
Fewer observations (0) made than vector observation size (7). The observations will be padded.
Fewer observations (0) made than vector observation size (7). The observations will be padded.
Fewer observations (0) made than vector observation size (7). The observations will be padded.
Fewer observations (0) made than vector observation size (7). The observations will be padded.
生成了一個物件
Fewer observations (0) made than vector observation size (7). The observations will be padded.
Fewer observations (0) made than vector observation size (7). The observations will be padded.
Fewer observations (0) made than vector observation size (7). The observations will be padded.
生成了一個物件
Fewer observations (0) made than vector observation size (7). The observations will be padded.
生成了一個物件
Fewer observations (0) made than vector observation size (7). The observations will be padded.
Fewer observations (0) made than vector observation size (7). The observations will be padded.
Fewer observations (0) made than vector observation size (7). The observations will be padded.
Fewer observations (0) made than vector observation size (7). The observations will be padded.
Fewer observations (0) made than vector observation size (7). The observations will be padded.
Fewer observations (0) made than vector observation size (7). The observations will be padded.
Fewer observations (0) made than vector observation size (7). The observations will be padded.
生成了一個物件
Fewer observations (0) made than vector observation size (7). The observations will be padded.
Fewer observations (0) made than vector observation size (7). The observations will be padded.
Fewer observations (0) made than vector observation size (7). The observations will be padded.
FrontWall hit: ground 1(Clone) normalX=1
Fewer observations (0) made than vector observation size (7). The observations will be padded.
FrontWall hit: ground 1(Clone) normalX=1
FrontWall hit: ground 1(Clone) normalX=1
FrontWall hit: ground 1(Clone) normalX=1
Fewer observations (0) made than vector observation size (7). The observations will be padded.
Player died!
Fewer observations (0) made than vector observation size (7). The observations will be padded.
FrontWall hit: ground 1(Clone) normalX=-1
Unloading 3 Unused Serialized files (Serialized files now loaded: 0)
UnloadTime: 3.345900 ms
Unloading 1 unused Assets to reduce memory usage. Loaded Objects now: 2872.
Total: 0.790400 ms (FindLiveObjects: 0.096400 ms CreateObjectMapping: 0.034900 ms MarkObjects: 0.651000 ms  DeleteObjects: 0.007900 ms)

[LoadMap] Using main map source: D:\Unity\ML-agent\Map\Decode.txt
[LoadFinishMap] Using finish map source: D:\Unity\ML-agent\Map\finishmap.txt
[LoadFinishMap] Finish size = 15 x 15, new rightX = 215
[LoadMap] Done. Main size = 200 x 15, rightX = 215
Fewer observations (0) made than vector observation size (7). The observations will be padded.
Fewer observations (0) made than vector observation size (7). The observations will be padded.
FrontWall hit: ground 1(Clone) normalX=1
生成了一個物件
FrontWall hit: ground 1(Clone) normalX=1
Fewer observations (0) made than vector observation size (7). The observations will be padded.
Fewer observations (0) made than vector observation size (7). The observations will be padded.
Fewer observations (0) made than vector observation size (7). The observations will be padded.
Fewer observations (0) made than vector observation size (7). The observations will be padded.
Fewer observations (0) made than vector observation size (7). The observations will be padded.
FrontWall hit: ground 1(Clone) normalX=1
FrontWall hit: ground 1(Clone) normalX=1
FrontWall hit: ground 1(Clone) normalX=1
Fewer observations (0) made than vector observation size (7). The observations will be padded.
Fewer observations (0) made than vector observation size (7). The observations will be padded.
生成了一個物件
Fewer observations (0) made than vector observation size (7). The observations will be padded.
Fewer observations (0) made than vector observation size (7). The observations will be padded.
Fewer observations (0) made than vector observation size (7). The observations will be padded.
Fewer observations (0) made than vector observation size (7). The observations will be padded.
生成了一個物件
Fewer observations (0) made than vector observation size (7). The observations will be padded.
Fewer observations (0) made than vector observation size (7). The observations will be padded.
生成了一個物件
Fewer observations (0) made than vector observation size (7). The observations will be padded.
Fewer observations (0) made than vector observation size (7). The observations will be padded.
Fewer observations (0) made than vector observation size (7). The observations will be padded.
Fewer observations (0) made than vector observation size (7). The observations will be padded.
生成了一個物件
Fewer observations (0) made than vector observation size (7). The observations will be padded.
Fewer observations (0) made than vector observation size (7). The observations will be padded.
Fewer observations (0) made than vector observation size (7). The observations will be padded.
Fewer observations (0) made than vector observation size (7). The observations will be padded.
Fewer observations (0) made than vector observation size (7). The observations will be padded.
Fewer observations (0) made than vector observation size (7). The observations will be padded.
Fewer observations (0) made than vector observation size (7). The observations will be padded.
生成了一個物件
Fewer observations (0) made than vector observation size (7). The observations will be padded.
Fewer observations (0) made than vector observation size (7). The observations will be padded.
Fewer observations (0) made than vector observation size (7). The observations will be padded.
生成了一個物件
Fewer observations (0) made than vector observation size (7). The observations will be padded.
Fewer observations (0) made than vector observation size (7). The observations will be padded.
Fewer observations (0) made than vector observation size (7). The observations will be padded.
生成了一個物件
Fewer observations (0) made than vector observation size (7). The observations will be padded.
Fewer observations (0) made than vector observation size (7). The observations will be padded.
Fewer observations (0) made than vector observation size (7). The observations will be padded.
生成了一個物件
Fewer observations (0) made than vector observation size (7). The observations will be padded.
Fewer observations (0) made than vector observation size (7). The observations will be padded.
Fewer observations (0) made than vector observation size (7). The observations will be padded.
Player died!
Fewer observations (0) made than vector observation size (7). The observations will be padded.
Player died!
FrontWall hit: ground 1(Clone) normalX=-1
Unloading 3 Unused Serialized files (Serialized files now loaded: 0)
UnloadTime: 3.696800 ms
Unloading 1 unused Assets to reduce memory usage. Loaded Objects now: 2872.
Total: 0.775700 ms (FindLiveObjects: 0.086100 ms CreateObjectMapping: 0.034900 ms MarkObjects: 0.648000 ms  DeleteObjects: 0.006400 ms)

Unloading 3 Unused Serialized files (Serialized files now loaded: 0)
Fewer observations (0) made than vector observation size (7). The observations will be padded.
UnloadTime: 0.597600 ms
Unloading 1 unused Assets to reduce memory usage. Loaded Objects now: 2872.
Total: 0.738200 ms (FindLiveObjects: 0.083300 ms CreateObjectMapping: 0.037800 ms MarkObjects: 0.610000 ms  DeleteObjects: 0.006900 ms)

[LoadMap] Using main map source: D:\Unity\ML-agent\Map\Decode.txt
[LoadFinishMap] Using finish map source: D:\Unity\ML-agent\Map\finishmap.txt
[LoadFinishMap] Finish size = 15 x 15, new rightX = 215
[LoadMap] Done. Main size = 200 x 15, rightX = 215
Fewer observations (0) made than vector observation size (7). The observations will be padded.
Fewer observations (0) made than vector observation size (7). The observations will be padded.
生成了一個物件
Fewer observations (0) made than vector observation size (7). The observations will be padded.
Fewer observations (0) made than vector observation size (7). The observations will be padded.
Fewer observations (0) made than vector observation size (7). The observations will be padded.
Fewer observations (0) made than vector observation size (7). The observations will be padded.
生成了一個物件
Fewer observations (0) made than vector observation size (7). The observations will be padded.
Fewer observations (0) made than vector observation size (7). The observations will be padded.
Fewer observations (0) made than vector observation size (7). The observations will be padded.
生成了一個物件
Fewer observations (0) made than vector observation size (7). The observations will be padded.
生成了一個物件
Fewer observations (0) made than vector observation size (7). The observations will be padded.
FrontWall hit: ground 1(Clone) normalX=1
FrontWall hit: ground 1(Clone) normalX=1
Fewer observations (0) made than vector observation size (7). The observations will be padded.
FrontWall hit: ground 1(Clone) normalX=1
FrontWall hit: ground 1(Clone) normalX=1
FrontWall hit: ground 1(Clone) normalX=1
Fewer observations (0) made than vector observation size (7). The observations will be padded.
FrontWall hit: ground 1(Clone) normalX=1
FrontWall hit: ground 1(Clone) normalX=1
FrontWall hit: ground 1(Clone) normalX=1
Fewer observations (0) made than vector observation size (7). The observations will be padded.
FrontWall hit: ground 1(Clone) normalX=1
FrontWall hit: ground 1(Clone) normalX=1
FrontWall hit: ground 1(Clone) normalX=1
Fewer observations (0) made than vector observation size (7). The observations will be padded.
Fewer observations (0) made than vector observation size (7). The observations will be padded.
Fewer observations (0) made than vector observation size (7). The observations will be padded.
Fewer observations (0) made than vector observation size (7). The observations will be padded.
Fewer observations (0) made than vector observation size (7). The observations will be padded.
生成了一個物件
Fewer observations (0) made than vector observation size (7). The observations will be padded.
Fewer observations (0) made than vector observation size (7). The observations will be padded.
Fewer observations (0) made than vector observation size (7). The observations will be padded.
Fewer observations (0) made than vector observation size (7). The observations will be padded.
生成了一個物件
Fewer observations (0) made than vector observation size (7). The observations will be padded.
Fewer observations (0) made than vector observation size (7). The observations will be padded.
生成了一個物件
Fewer observations (0) made than vector observation size (7). The observations will be padded.
Fewer observations (0) made than vector observation size (7). The observations will be padded.
生成了一個物件
Fewer observations (0) made than vector observation size (7). The observations will be padded.
Fewer observations (0) made than vector observation size (7). The observations will be padded.
Fewer observations (0) made than vector observation size (7). The observations will be padded.
FrontWall hit: ground 1(Clone) normalX=1
FrontWall hit: ground 1(Clone) normalX=1
FrontWall hit: ground 1(Clone) normalX=1
Fewer observations (0) made than vector observation size (7). The observations will be padded.
Fewer observations (0) made than vector observation size (7). The observations will be padded.
FrontWall hit: ground 1(Clone) normalX=1
FrontWall hit: ground 1(Clone) normalX=1
FrontWall hit: ground 1(Clone) normalX=1
Fewer observations (0) made than vector observation size (7). The observations will be padded.
FrontWall hit: ground 1(Clone) normalX=1
FrontWall hit: ground 1(Clone) normalX=1
FrontWall hit: ground 1(Clone) normalX=1
Fewer observations (0) made than vector observation size (7). The observations will be padded.
FrontWall hit: ground 1(Clone) normalX=1
FrontWall hit: ground 1(Clone) normalX=1
FrontWall hit: ground 1(Clone) normalX=1
Fewer observations (0) made than vector observation size (7). The observations will be padded.
生成了一個物件
Fewer observations (0) made than vector observation size (7). The observations will be padded.
Fewer observations (0) made than vector observation size (7). The observations will be padded.
Fewer observations (0) made than vector observation size (7). The observations will be padded.
Fewer observations (0) made than vector observation size (7). The observations will be padded.
Fewer observations (0) made than vector observation size (7). The observations will be padded.
生成了一個物件
Fewer observations (0) made than vector observation size (7). The observations will be padded.
Fewer observations (0) made than vector observation size (7). The observations will be padded.
生成了一個物件
Fewer observations (0) made than vector observation size (7). The observations will be padded.
Fewer observations (0) made than vector observation size (7). The observations will be padded.
生成了一個物件
Fewer observations (0) made than vector observation size (7). The observations will be padded.
Player died!
Fewer observations (0) made than vector observation size (7). The observations will be padded.
Player died!
Unloading 3 Unused Serialized files (Serialized files now loaded: 0)
UnloadTime: 5.159100 ms
Unloading 1 unused Assets to reduce memory usage. Loaded Objects now: 2872.
Total: 1.279500 ms (FindLiveObjects: 0.115400 ms CreateObjectMapping: 0.072500 ms MarkObjects: 1.081400 ms  DeleteObjects: 0.010000 ms)

Unloading 3 Unused Serialized files (Serialized files now loaded: 0)
Fewer observations (0) made than vector observation size (7). The observations will be padded.
UnloadTime: 0.571900 ms
Unloading 1 unused Assets to reduce memory usage. Loaded Objects now: 2872.
Total: 0.967200 ms (FindLiveObjects: 0.088900 ms CreateObjectMapping: 0.037500 ms MarkObjects: 0.831400 ms  DeleteObjects: 0.009400 ms)

[LoadMap] Using main map source: D:\Unity\ML-agent\Map\Decode.txt
[LoadFinishMap] Using finish map source: D:\Unity\ML-agent\Map\finishmap.txt
[LoadFinishMap] Finish size = 15 x 15, new rightX = 215
[LoadMap] Done. Main size = 200 x 15, rightX = 215
Fewer observations (0) made than vector observation size (7). The observations will be padded.
Fewer observations (0) made than vector observation size (7). The observations will be padded.
FrontWall hit: ground 1(Clone) normalX=1
FrontWall hit: ground 1(Clone) normalX=1
生成了一個物件
FrontWall hit: ground 1(Clone) normalX=1
Fewer observations (0) made than vector observation size (7). The observations will be padded.
Fewer observations (0) made than vector observation size (7). The observations will be padded.
Fewer observations (0) made than vector observation size (7). The observations will be padded.
Fewer observations (0) made than vector observation size (7). The observations will be padded.
Fewer observations (0) made than vector observation size (7). The observations will be padded.
FrontWall hit: ground 1(Clone) normalX=1
FrontWall hit: ground 1(Clone) normalX=1
FrontWall hit: ground 1(Clone) normalX=1
Fewer observations (0) made than vector observation size (7). The observations will be padded.
Fewer observations (0) made than vector observation size (7). The observations will be padded.
Fewer observations (0) made than vector observation size (7). The observations will be padded.
生成了一個物件
Fewer observations (0) made than vector observation size (7). The observations will be padded.
FrontWall hit: ground 1(Clone) normalX=1
FrontWall hit: ground 1(Clone) normalX=1
FrontWall hit: ground 1(Clone) normalX=1
Fewer observations (0) made than vector observation size (7). The observations will be padded.
Fewer observations (0) made than vector observation size (7). The observations will be padded.
Fewer observations (0) made than vector observation size (7). The observations will be padded.
Fewer observations (0) made than vector observation size (7). The observations will be padded.
Fewer observations (0) made than vector observation size (7). The observations will be padded.
生成了一個物件
Fewer observations (0) made than vector observation size (7). The observations will be padded.
Fewer observations (0) made than vector observation size (7). The observations will be padded.
Fewer observations (0) made than vector observation size (7). The observations will be padded.
生成了一個物件
生成了一個物件
Fewer observations (0) made than vector observation size (7). The observations will be padded.
Fewer observations (0) made than vector observation size (7). The observations will be padded.
Fewer observations (0) made than vector observation size (7). The observations will be padded.
Fewer observations (0) made than vector observation size (7). The observations will be padded.
Fewer observations (0) made than vector observation size (7). The observations will be padded.
Fewer observations (0) made than vector observation size (7). The observations will be padded.
Fewer observations (0) made than vector observation size (7). The observations will be padded.
生成了一個物件
Fewer observations (0) made than vector observation size (7). The observations will be padded.
Fewer observations (0) made than vector observation size (7). The observations will be padded.
Fewer observations (0) made than vector observation size (7). The observations will be padded.
Fewer observations (0) made than vector observation size (7). The observations will be padded.
Fewer observations (0) made than vector observation size (7). The observations will be padded.
Fewer observations (0) made than vector observation size (7). The observations will be padded.
FrontWall hit: ground 1(Clone) normalX=1
FrontWall hit: ground 1(Clone) normalX=1
FrontWall hit: ground 1(Clone) normalX=1
Fewer observations (0) made than vector observation size (7). The observations will be padded.
FrontWall hit: ground 1(Clone) normalX=1
FrontWall hit: ground 1(Clone) normalX=1
生成了一個物件
FrontWall hit: ground 1(Clone) normalX=1
Fewer observations (0) made than vector observation size (7). The observations will be padded.
Fewer observations (0) made than vector observation size (7). The observations will be padded.
FrontWall hit: ground 1(Clone) normalX=1
FrontWall hit: ground 1(Clone) normalX=1
FrontWall hit: ground 1(Clone) normalX=1
生成了一個物件
生成了一個物件
Fewer observations (0) made than vector observation size (7). The observations will be padded.
FrontWall hit: ground 1(Clone) normalX=1
FrontWall hit: ground 1(Clone) normalX=1
FrontWall hit: ground 1(Clone) normalX=1
Fewer observations (0) made than vector observation size (7). The observations will be padded.
FrontWall hit: ground 1(Clone) normalX=1
FrontWall hit: ground 1(Clone) normalX=1
FrontWall hit: ground 1(Clone) normalX=1
Fewer observations (0) made than vector observation size (7). The observations will be padded.
FrontWall hit: ground 1(Clone) normalX=1
FrontWall hit: ground 1(Clone) normalX=1
FrontWall hit: ground 1(Clone) normalX=1
Fewer observations (0) made than vector observation size (7). The observations will be padded.
Player died!
Fewer observations (0) made than vector observation size (7). The observations will be padded.
Fewer observations (0) made than vector observation size (7). The observations will be padded.
FrontWall hit: ground 1(Clone) normalX=1
Unloading 3 Unused Serialized files (Serialized files now loaded: 0)
Fewer observations (0) made than vector observation size (7). The observations will be padded.
UnloadTime: 3.452100 ms
Unloading 1 unused Assets to reduce memory usage. Loaded Objects now: 2872.
Total: 1.114200 ms (FindLiveObjects: 0.090100 ms CreateObjectMapping: 0.039300 ms MarkObjects: 0.974600 ms  DeleteObjects: 0.009900 ms)

[LoadMap] Using main map source: D:\Unity\ML-agent\Map\Decode.txt
[LoadFinishMap] Using finish map source: D:\Unity\ML-agent\Map\finishmap.txt
[LoadFinishMap] Finish size = 15 x 15, new rightX = 215
[LoadMap] Done. Main size = 200 x 15, rightX = 215
生成了一個物件
Fewer observations (0) made than vector observation size (7). The observations will be padded.
Fewer observations (0) made than vector observation size (7). The observations will be padded.
FrontWall hit: ground 1(Clone) normalX=1
FrontWall hit: ground 1(Clone) normalX=1
FrontWall hit: ground 1(Clone) normalX=1
Fewer observations (0) made than vector observation size (7). The observations will be padded.
Fewer observations (0) made than vector observation size (7). The observations will be padded.
Fewer observations (0) made than vector observation size (7). The observations will be padded.
Fewer observations (0) made than vector observation size (7). The observations will be padded.
Fewer observations (0) made than vector observation size (7). The observations will be padded.
Fewer observations (0) made than vector observation size (7). The observations will be padded.
生成了一個物件
Fewer observations (0) made than vector observation size (7). The observations will be padded.
FrontWall hit: ground 1(Clone) normalX=1
FrontWall hit: ground 1(Clone) normalX=1
FrontWall hit: ground 1(Clone) normalX=1
Fewer observations (0) made than vector observation size (7). The observations will be padded.
Fewer observations (0) made than vector observation size (7). The observations will be padded.
生成了一個物件
Fewer observations (0) made than vector observation size (7). The observations will be padded.
Fewer observations (0) made than vector observation size (7). The observations will be padded.
生成了一個物件
Fewer observations (0) made than vector observation size (7). The observations will be padded.
Fewer observations (0) made than vector observation size (7). The observations will be padded.
Fewer observations (0) made than vector observation size (7). The observations will be padded.
Fewer observations (0) made than vector observation size (7). The observations will be padded.
生成了一個物件
Fewer observations (0) made than vector observation size (7). The observations will be padded.
Fewer observations (0) made than vector observation size (7). The observations will be padded.
Fewer observations (0) made than vector observation size (7). The observations will be padded.
FrontWall hit: ground 1(Clone) normalX=1
FrontWall hit: ground 1(Clone) normalX=1
FrontWall hit: ground 1(Clone) normalX=1
Fewer observations (0) made than vector observation size (7). The observations will be padded.
Fewer observations (0) made than vector observation size (7). The observations will be padded.
FrontWall hit: ground 1(Clone) normalX=1
FrontWall hit: ground 1(Clone) normalX=1
FrontWall hit: ground 1(Clone) normalX=1
Fewer observations (0) made than vector observation size (7). The observations will be padded.
FrontWall hit: ground 1(Clone) normalX=1
FrontWall hit: ground 1(Clone) normalX=1
FrontWall hit: ground 1(Clone) normalX=1
Fewer observations (0) made than vector observation size (7). The observations will be padded.
FrontWall hit: ground 1(Clone) normalX=1
FrontWall hit: ground 1(Clone) normalX=1
FrontWall hit: ground 1(Clone) normalX=1
Fewer observations (0) made than vector observation size (7). The observations will be padded.
生成了一個物件
Fewer observations (0) made than vector observation size (7). The observations will be padded.
Fewer observations (0) made than vector observation size (7). The observations will be padded.
生成了一個物件
Fewer observations (0) made than vector observation size (7). The observations will be padded.
Fewer observations (0) made than vector observation size (7). The observations will be padded.
Fewer observations (0) made than vector observation size (7). The observations will be padded.
生成了一個物件
Fewer observations (0) made than vector observation size (7). The observations will be padded.
Fewer observations (0) made than vector observation size (7). The observations will be padded.
Fewer observations (0) made than vector observation size (7). The observations will be padded.
生成了一個物件
Fewer observations (0) made than vector observation size (7). The observations will be padded.
Fewer observations (0) made than vector observation size (7). The observations will be padded.
Fewer observations (0) made than vector observation size (7). The observations will be padded.
Fewer observations (0) made than vector observation size (7). The observations will be padded.
Fewer observations (0) made than vector observation size (7). The observations will be padded.
FrontWall hit: ground 1(Clone) normalX=1
FrontWall hit: ground 1(Clone) normalX=1
Player died!
Fewer observations (0) made than vector observation size (7). The observations will be padded.
Player died!
Fewer observations (0) made than vector observation size (7). The observations will be padded.
Unloading 3 Unused Serialized files (Serialized files now loaded: 0)
Fewer observations (0) made than vector observation size (7). The observations will be padded.
UnloadTime: 3.444200 ms
Unloading 1 unused Assets to reduce memory usage. Loaded Objects now: 2872.
Total: 0.955600 ms (FindLiveObjects: 0.084600 ms CreateObjectMapping: 0.036900 ms MarkObjects: 0.823600 ms  DeleteObjects: 0.010300 ms)

Unloading 3 Unused Serialized files (Serialized files now loaded: 0)
Fewer observations (0) made than vector observation size (7). The observations will be padded.
UnloadTime: 0.776700 ms
Unloading 1 unused Assets to reduce memory usage. Loaded Objects now: 2872.
Total: 1.047700 ms (FindLiveObjects: 0.082600 ms CreateObjectMapping: 0.033200 ms MarkObjects: 0.923700 ms  DeleteObjects: 0.007900 ms)

[LoadMap] Using main map source: D:\Unity\ML-agent\Map\Decode.txt
[LoadFinishMap] Using finish map source: D:\Unity\ML-agent\Map\finishmap.txt
[LoadFinishMap] Finish size = 15 x 15, new rightX = 215
[LoadMap] Done. Main size = 200 x 15, rightX = 215
Fewer observations (0) made than vector observation size (7). The observations will be padded.
生成了一個物件
Fewer observations (0) made than vector observation size (7). The observations will be padded.
Fewer observations (0) made than vector observation size (7). The observations will be padded.
Fewer observations (0) made than vector observation size (7). The observations will be padded.
Fewer observations (0) made than vector observation size (7). The observations will be padded.
FrontWall hit: ground 1(Clone) normalX=1
FrontWall hit: ground 1(Clone) normalX=1
FrontWall hit: ground 1(Clone) normalX=1
Fewer observations (0) made than vector observation size (7). The observations will be padded.
Fewer observations (0) made than vector observation size (7). The observations will be padded.
生成了一個物件
Fewer observations (0) made than vector observation size (7). The observations will be padded.
Fewer observations (0) made than vector observation size (7). The observations will be padded.
Fewer observations (0) made than vector observation size (7). The observations will be padded.
Fewer observations (0) made than vector observation size (7). The observations will be padded.
生成了一個物件
Fewer observations (0) made than vector observation size (7). The observations will be padded.
Fewer observations (0) made than vector observation size (7). The observations will be padded.
生成了一個物件
Fewer observations (0) made than vector observation size (7). The observations will be padded.
Fewer observations (0) made than vector observation size (7). The observations will be padded.
Fewer observations (0) made than vector observation size (7). The observations will be padded.
Fewer observations (0) made than vector observation size (7). The observations will be padded.
Fewer observations (0) made than vector observation size (7). The observations will be padded.
生成了一個物件
Fewer observations (0) made than vector observation size (7). The observations will be padded.
Fewer observations (0) made than vector observation size (7). The observations will be padded.
Fewer observations (0) made than vector observation size (7). The observations will be padded.
Fewer observations (0) made than vector observation size (7). The observations will be padded.
Fewer observations (0) made than vector observation size (7). The observations will be padded.
Fewer observations (0) made than vector observation size (7). The observations will be padded.
生成了一個物件
Fewer observations (0) made than vector observation size (7). The observations will be padded.
FrontWall hit: ground 1(Clone) normalX=1
FrontWall hit: ground 1(Clone) normalX=1
FrontWall hit: ground 1(Clone) normalX=1
Fewer observations (0) made than vector observation size (7). The observations will be padded.
Fewer observations (0) made than vector observation size (7). The observations will be padded.
生成了一個物件
Fewer observations (0) made than vector observation size (7). The observations will be padded.
Fewer observations (0) made than vector observation size (7). The observations will be padded.
Fewer observations (0) made than vector observation size (7). The observations will be padded.
生成了一個物件
Fewer observations (0) made than vector observation size (7). The observations will be padded.
Fewer observations (0) made than vector observation size (7). The observations will be padded.
Fewer observations (0) made than vector observation size (7). The observations will be padded.
Fewer observations (0) made than vector observation size (7). The observations will be padded.
Fewer observations (0) made than vector observation size (7). The observations will be padded.
FrontWall hit: ground 1(Clone) normalX=1
生成了一個物件
FrontWall hit: ground 1(Clone) normalX=1
FrontWall hit: ground 1(Clone) normalX=1
Fewer observations (0) made than vector observation size (7). The observations will be padded.
Fewer observations (0) made than vector observation size (7). The observations will be padded.
Fewer observations (0) made than vector observation size (7). The observations will be padded.
Fewer observations (0) made than vector observation size (7). The observations will be padded.
Fewer observations (0) made than vector observation size (7). The observations will be padded.
Fewer observations (0) made than vector observation size (7). The observations will be padded.
生成了一個物件
Fewer observations (0) made than vector observation size (7). The observations will be padded.
Fewer observations (0) made than vector observation size (7). The observations will be padded.
Fewer observations (0) made than vector observation size (7). The observations will be padded.
生成了一個物件
Fewer observations (0) made than vector observation size (7). The observations will be padded.
Fewer observations (0) made than vector observation size (7). The observations will be padded.
生成了一個物件
Fewer observations (0) made than vector observation size (7). The observations will be padded.
Fewer observations (0) made than vector observation size (7). The observations will be padded.
FrontWall hit: ground 1(Clone) normalX=1
FrontWall hit: ground 1(Clone) normalX=1
FrontWall hit: ground 1(Clone) normalX=1
Fewer observations (0) made than vector observation size (7). The observations will be padded.
FrontWall hit: ground 1(Clone) normalX=1
FrontWall hit: ground 1(Clone) normalX=1
FrontWall hit: ground 1(Clone) normalX=1
Fewer observations (0) made than vector observation size (7). The observations will be padded.
Fewer observations (0) made than vector observation size (7). The observations will be padded.
生成了一個物件
Fewer observations (0) made than vector observation size (7). The observations will be padded.
Fewer observations (0) made than vector observation size (7). The observations will be padded.
Fewer observations (0) made than vector observation size (7). The observations will be padded.
Fewer observations (0) made than vector observation size (7). The observations will be padded.
Fewer observations (0) made than vector observation size (7). The observations will be padded.
Fewer observations (0) made than vector observation size (7). The observations will be padded.
生成了一個物件
Fewer observations (0) made than vector observation size (7). The observations will be padded.
Fewer observations (0) made than vector observation size (7). The observations will be padded.
FrontWall hit: ground 1(Clone) normalX=1
FrontWall hit: ground 1(Clone) normalX=1
FrontWall hit: ground 1(Clone) normalX=1
Fewer observations (0) made than vector observation size (7). The observations will be padded.
Fewer observations (0) made than vector observation size (7). The observations will be padded.
生成了一個物件
Fewer observations (0) made than vector observation size (7). The observations will be padded.
FrontWall hit: ground 1(Clone) normalX=1
FrontWall hit: ground 1(Clone) normalX=1
FrontWall hit: ground 1(Clone) normalX=1
Fewer observations (0) made than vector observation size (7). The observations will be padded.
生成了一個物件
Fewer observations (0) made than vector observation size (7). The observations will be padded.
Fewer observations (0) made than vector observation size (7). The observations will be padded.
Player died!
Fewer observations (0) made than vector observation size (7). The observations will be padded.
Player died!
Unloading 3 Unused Serialized files (Serialized files now loaded: 0)
UnloadTime: 3.285300 ms
Unloading 1 unused Assets to reduce memory usage. Loaded Objects now: 2872.
Total: 0.800600 ms (FindLiveObjects: 0.082000 ms CreateObjectMapping: 0.041200 ms MarkObjects: 0.670400 ms  DeleteObjects: 0.006900 ms)

Unloading 3 Unused Serialized files (Serialized files now loaded: 0)
Fewer observations (0) made than vector observation size (7). The observations will be padded.
UnloadTime: 0.464200 ms
Unloading 1 unused Assets to reduce memory usage. Loaded Objects now: 2872.
Total: 0.907500 ms (FindLiveObjects: 0.079300 ms CreateObjectMapping: 0.039000 ms MarkObjects: 0.781800 ms  DeleteObjects: 0.007400 ms)

[LoadMap] Using main map source: D:\Unity\ML-agent\Map\Decode.txt
[LoadFinishMap] Using finish map source: D:\Unity\ML-agent\Map\finishmap.txt
[LoadFinishMap] Finish size = 15 x 15, new rightX = 215
[LoadMap] Done. Main size = 200 x 15, rightX = 215
Fewer observations (0) made than vector observation size (7). The observations will be padded.
Fewer observations (0) made than vector observation size (7). The observations will be padded.
生成了一個物件
Fewer observations (0) made than vector observation size (7). The observations will be padded.
Fewer observations (0) made than vector observation size (7). The observations will be padded.
Fewer observations (0) made than vector observation size (7). The observations will be padded.
Fewer observations (0) made than vector observation size (7). The observations will be padded.
生成了一個物件
Fewer observations (0) made than vector observation size (7). The observations will be padded.
Fewer observations (0) made than vector observation size (7). The observations will be padded.
Fewer observations (0) made than vector observation size (7). The observations will be padded.
生成了一個物件
Fewer observations (0) made than vector observation size (7). The observations will be padded.
生成了一個物件
Fewer observations (0) made than vector observation size (7). The observations will be padded.
Fewer observations (0) made than vector observation size (7). The observations will be padded.
Fewer observations (0) made than vector observation size (7). The observations will be padded.
Fewer observations (0) made than vector observation size (7). The observations will be padded.
Fewer observations (0) made than vector observation size (7). The observations will be padded.
Fewer observations (0) made than vector observation size (7). The observations will be padded.
Fewer observations (0) made than vector observation size (7). The observations will be padded.
Fewer observations (0) made than vector observation size (7). The observations will be padded.
Fewer observations (0) made than vector observation size (7). The observations will be padded.
生成了一個物件
Fewer observations (0) made than vector observation size (7). The observations will be padded.
Fewer observations (0) made than vector observation size (7). The observations will be padded.
Fewer observations (0) made than vector observation size (7). The observations will be padded.
Fewer observations (0) made than vector observation size (7). The observations will be padded.
生成了一個物件
Fewer observations (0) made than vector observation size (7). The observations will be padded.
Fewer observations (0) made than vector observation size (7). The observations will be padded.
生成了一個物件
Fewer observations (0) made than vector observation size (7). The observations will be padded.
Fewer observations (0) made than vector observation size (7). The observations will be padded.
生成了一個物件
Fewer observations (0) made than vector observation size (7). The observations will be padded.
Fewer observations (0) made than vector observation size (7). The observations will be padded.
Fewer observations (0) made than vector observation size (7). The observations will be padded.
Fewer observations (0) made than vector observation size (7). The observations will be padded.
Fewer observations (0) made than vector observation size (7). The observations will be padded.
Fewer observations (0) made than vector observation size (7). The observations will be padded.
Fewer observations (0) made than vector observation size (7). The observations will be padded.
Fewer observations (0) made than vector observation size (7). The observations will be padded.
生成了一個物件
Fewer observations (0) made than vector observation size (7). The observations will be padded.
Fewer observations (0) made than vector observation size (7). The observations will be padded.
Fewer observations (0) made than vector observation size (7). The observations will be padded.
Fewer observations (0) made than vector observation size (7). The observations will be padded.
Fewer observations (0) made than vector observation size (7). The observations will be padded.
生成了一個物件
Fewer observations (0) made than vector observation size (7). The observations will be padded.
Fewer observations (0) made than vector observation size (7). The observations will be padded.
生成了一個物件
FrontWall hit: ground 1(Clone) normalX=1
Fewer observations (0) made than vector observation size (7). The observations will be padded.
FrontWall hit: ground 1(Clone) normalX=1
FrontWall hit: ground 1(Clone) normalX=1
FrontWall hit: ground 1(Clone) normalX=1
Fewer observations (0) made than vector observation size (7). The observations will be padded.
FrontWall hit: ground 1(Clone) normalX=1
生成了一個物件
FrontWall hit: ground 1(Clone) normalX=1
FrontWall hit: ground 1(Clone) normalX=1
Fewer observations (0) made than vector observation size (7). The observations will be padded.
Fewer observations (0) made than vector observation size (7). The observations will be padded.
Fewer observations (0) made than vector observation size (7). The observations will be padded.
Fewer observations (0) made than vector observation size (7). The observations will be padded.
Fewer observations (0) made than vector observation size (7). The observations will be padded.
Fewer observations (0) made than vector observation size (7). The observations will be padded.
Fewer observations (0) made than vector observation size (7). The observations will be padded.
Fewer observations (0) made than vector observation size (7). The observations will be padded.
生成了一個物件
Fewer observations (0) made than vector observation size (7). The observations will be padded.
Fewer observations (0) made than vector observation size (7). The observations will be padded.
Fewer observations (0) made than vector observation size (7). The observations will be padded.
Fewer observations (0) made than vector observation size (7). The observations will be padded.
生成了一個物件
Fewer observations (0) made than vector observation size (7). The observations will be padded.
Fewer observations (0) made than vector observation size (7). The observations will be padded.
Fewer observations (0) made than vector observation size (7). The observations will be padded.
生成了一個物件
Player died!
Fewer observations (0) made than vector observation size (7). The observations will be padded.
Player died!
Fewer observations (0) made than vector observation size (7). The observations will be padded.
FrontWall hit: ground 1(Clone) normalX=1
Unloading 3 Unused Serialized files (Serialized files now loaded: 0)
Fewer observations (0) made than vector observation size (7). The observations will be padded.
UnloadTime: 3.389400 ms
Unloading 1 unused Assets to reduce memory usage. Loaded Objects now: 2872.
Total: 1.118100 ms (FindLiveObjects: 0.088400 ms CreateObjectMapping: 0.039500 ms MarkObjects: 0.979100 ms  DeleteObjects: 0.011100 ms)

Unloading 3 Unused Serialized files (Serialized files now loaded: 0)
Fewer observations (0) made than vector observation size (7). The observations will be padded.
UnloadTime: 0.603400 ms
Unloading 1 unused Assets to reduce memory usage. Loaded Objects now: 2872.
Total: 0.966000 ms (FindLiveObjects: 0.088000 ms CreateObjectMapping: 0.039900 ms MarkObjects: 0.829600 ms  DeleteObjects: 0.008200 ms)

[LoadMap] Using main map source: D:\Unity\ML-agent\Map\Decode.txt
[LoadFinishMap] Using finish map source: D:\Unity\ML-agent\Map\finishmap.txt
[LoadFinishMap] Finish size = 15 x 15, new rightX = 215
[LoadMap] Done. Main size = 200 x 15, rightX = 215
Fewer observations (0) made than vector observation size (7). The observations will be padded.
Fewer observations (0) made than vector observation size (7). The observations will be padded.
Fewer observations (0) made than vector observation size (7). The observations will be padded.
Fewer observations (0) made than vector observation size (7). The observations will be padded.
Fewer observations (0) made than vector observation size (7). The observations will be padded.
Fewer observations (0) made than vector observation size (7). The observations will be padded.
Fewer observations (0) made than vector observation size (7). The observations will be padded.
FrontWall hit: ground 1(Clone) normalX=1
FrontWall hit: ground 1(Clone) normalX=1
Fewer observations (0) made than vector observation size (7). The observations will be padded.
Fewer observations (0) made than vector observation size (7). The observations will be padded.
Fewer observations (0) made than vector observation size (7). The observations will be padded.
Fewer observations (0) made than vector observation size (7). The observations will be padded.
Fewer observations (0) made than vector observation size (7). The observations will be padded.
Fewer observations (0) made than vector observation size (7). The observations will be padded.
Fewer observations (0) made than vector observation size (7). The observations will be padded.
Fewer observations (0) made than vector observation size (7). The observations will be padded.
Fewer observations (0) made than vector observation size (7). The observations will be padded.
Fewer observations (0) made than vector observation size (7). The observations will be padded.
生成了一個物件
Fewer observations (0) made than vector observation size (7). The observations will be padded.
Fewer observations (0) made than vector observation size (7). The observations will be padded.
生成了一個物件
Fewer observations (0) made than vector observation size (7). The observations will be padded.
生成了一個物件
Fewer observations (0) made than vector observation size (7). The observations will be padded.
生成了一個物件
Fewer observations (0) made than vector observation size (7). The observations will be padded.
Fewer observations (0) made than vector observation size (7). The observations will be padded.
Fewer observations (0) made than vector observation size (7). The observations will be padded.
Fewer observations (0) made than vector observation size (7). The observations will be padded.
Fewer observations (0) made than vector observation size (7). The observations will be padded.
Fewer observations (0) made than vector observation size (7). The observations will be padded.
Fewer observations (0) made than vector observation size (7). The observations will be padded.
Fewer observations (0) made than vector observation size (7). The observations will be padded.
Fewer observations (0) made than vector observation size (7). The observations will be padded.
Fewer observations (0) made than vector observation size (7). The observations will be padded.
Fewer observations (0) made than vector observation size (7). The observations will be padded.
Fewer observations (0) made than vector observation size (7). The observations will be padded.
Fewer observations (0) made than vector observation size (7). The observations will be padded.
生成了一個物件
Fewer observations (0) made than vector observation size (7). The observations will be padded.
生成了一個物件
Fewer observations (0) made than vector observation size (7). The observations will be padded.
生成了一個物件
Fewer observations (0) made than vector observation size (7). The observations will be padded.
生成了一個物件
Fewer observations (0) made than vector observation size (7). The observations will be padded.
Fewer observations (0) made than vector observation size (7). The observations will be padded.
Fewer observations (0) made than vector observation size (7). The observations will be padded.
Fewer observations (0) made than vector observation size (7). The observations will be padded.
Fewer observations (0) made than vector observation size (7). The observations will be padded.
Fewer observations (0) made than vector observation size (7). The observations will be padded.
Fewer observations (0) made than vector observation size (7). The observations will be padded.
Fewer observations (0) made than vector observation size (7). The observations will be padded.
Fewer observations (0) made than vector observation size (7). The observations will be padded.
Fewer observations (0) made than vector observation size (7). The observations will be padded.
Fewer observations (0) made than vector observation size (7). The observations will be padded.
Fewer observations (0) made than vector observation size (7). The observations will be padded.
Fewer observations (0) made than vector observation size (7). The observations will be padded.
Fewer observations (0) made than vector observation size (7). The observations will be padded.
生成了一個物件
Fewer observations (0) made than vector observation size (7). The observations will be padded.
生成了一個物件
Fewer observations (0) made than vector observation size (7). The observations will be padded.
生成了一個物件
Fewer observations (0) made than vector observation size (7). The observations will be padded.
生成了一個物件
Fewer observations (0) made than vector observation size (7). The observations will be padded.
Fewer observations (0) made than vector observation size (7). The observations will be padded.
Player died!
Fewer observations (0) made than vector observation size (7). The observations will be padded.
Player died!
Unloading 3 Unused Serialized files (Serialized files now loaded: 0)
UnloadTime: 5.023000 ms
Unloading 1 unused Assets to reduce memory usage. Loaded Objects now: 2872.
Total: 0.887900 ms (FindLiveObjects: 0.081300 ms CreateObjectMapping: 0.041400 ms MarkObjects: 0.758500 ms  DeleteObjects: 0.006400 ms)

Unloading 3 Unused Serialized files (Serialized files now loaded: 0)
Fewer observations (0) made than vector observation size (7). The observations will be padded.
UnloadTime: 0.606000 ms
Unloading 1 unused Assets to reduce memory usage. Loaded Objects now: 2872.
Total: 0.809100 ms (FindLiveObjects: 0.077600 ms CreateObjectMapping: 0.035900 ms MarkObjects: 0.688900 ms  DeleteObjects: 0.006700 ms)

[LoadMap] Using main map source: D:\Unity\ML-agent\Map\Decode.txt
[LoadFinishMap] Using finish map source: D:\Unity\ML-agent\Map\finishmap.txt
[LoadFinishMap] Finish size = 15 x 15, new rightX = 215
[LoadMap] Done. Main size = 200 x 15, rightX = 215
Fewer observations (0) made than vector observation size (7). The observations will be padded.
FrontWall hit: ground 1(Clone) normalX=1
FrontWall hit: ground 1(Clone) normalX=1
FrontWall hit: ground 1(Clone) normalX=1
Fewer observations (0) made than vector observation size (7). The observations will be padded.
Fewer observations (0) made than vector observation size (7). The observations will be padded.
生成了一個物件
Fewer observations (0) made than vector observation size (7). The observations will be padded.
Fewer observations (0) made than vector observation size (7). The observations will be padded.
Fewer observations (0) made than vector observation size (7). The observations will be padded.
Fewer observations (0) made than vector observation size (7). The observations will be padded.
FrontWall hit: ground 1(Clone) normalX=1
FrontWall hit: ground 1(Clone) normalX=1
FrontWall hit: ground 1(Clone) normalX=1
生成了一個物件
Fewer observations (0) made than vector observation size (7). The observations will be padded.
FrontWall hit: ground 1(Clone) normalX=1
FrontWall hit: ground 1(Clone) normalX=1
FrontWall hit: ground 1(Clone) normalX=1
Fewer observations (0) made than vector observation size (7). The observations will be padded.
Fewer observations (0) made than vector observation size (7). The observations will be padded.
Fewer observations (0) made than vector observation size (7). The observations will be padded.
Fewer observations (0) made than vector observation size (7). The observations will be padded.
Fewer observations (0) made than vector observation size (7). The observations will be padded.
Fewer observations (0) made than vector observation size (7). The observations will be padded.
生成了一個物件
Fewer observations (0) made than vector observation size (7). The observations will be padded.
Fewer observations (0) made than vector observation size (7). The observations will be padded.
生成了一個物件
Fewer observations (0) made than vector observation size (7). The observations will be padded.
Fewer observations (0) made than vector observation size (7). The observations will be padded.
Fewer observations (0) made than vector observation size (7). The observations will be padded.
生成了一個物件
Fewer observations (0) made than vector observation size (7). The observations will be padded.
Fewer observations (0) made than vector observation size (7). The observations will be padded.
Fewer observations (0) made than vector observation size (7). The observations will be padded.
Fewer observations (0) made than vector observation size (7). The observations will be padded.
Fewer observations (0) made than vector observation size (7). The observations will be padded.
生成了一個物件
Fewer observations (0) made than vector observation size (7). The observations will be padded.
Fewer observations (0) made than vector observation size (7). The observations will be padded.
Fewer observations (0) made than vector observation size (7). The observations will be padded.
Fewer observations (0) made than vector observation size (7). The observations will be padded.
Fewer observations (0) made than vector observation size (7). The observations will be padded.
Fewer observations (0) made than vector observation size (7). The observations will be padded.
生成了一個物件
Fewer observations (0) made than vector observation size (7). The observations will be padded.
Fewer observations (0) made than vector observation size (7). The observations will be padded.
Fewer observations (0) made than vector observation size (7). The observations will be padded.
生成了一個物件
Fewer observations (0) made than vector observation size (7). The observations will be padded.
Fewer observations (0) made than vector observation size (7). The observations will be padded.
Fewer observations (0) made than vector observation size (7). The observations will be padded.
生成了一個物件
Fewer observations (0) made than vector observation size (7). The observations will be padded.
Fewer observations (0) made than vector observation size (7). The observations will be padded.
Fewer observations (0) made than vector observation size (7). The observations will be padded.
Fewer observations (0) made than vector observation size (7). The observations will be padded.
Fewer observations (0) made than vector observation size (7). The observations will be padded.
生成了一個物件
Player died!
Fewer observations (0) made than vector observation size (7). The observations will be padded.
Player died!
FrontWall hit: ground 1(Clone) normalX=-1
Unloading 3 Unused Serialized files (Serialized files now loaded: 0)
UnloadTime: 3.135000 ms
Unloading 1 unused Assets to reduce memory usage. Loaded Objects now: 2872.
Total: 0.999300 ms (FindLiveObjects: 0.084500 ms CreateObjectMapping: 0.032300 ms MarkObjects: 0.875400 ms  DeleteObjects: 0.006900 ms)

Unloading 3 Unused Serialized files (Serialized files now loaded: 0)
Fewer observations (0) made than vector observation size (7). The observations will be padded.
UnloadTime: 0.485000 ms
Unloading 1 unused Assets to reduce memory usage. Loaded Objects now: 2872.
Total: 0.782000 ms (FindLiveObjects: 0.081900 ms CreateObjectMapping: 0.035700 ms MarkObjects: 0.656700 ms  DeleteObjects: 0.007600 ms)

[LoadMap] Using main map source: D:\Unity\ML-agent\Map\Decode.txt
[LoadFinishMap] Using finish map source: D:\Unity\ML-agent\Map\finishmap.txt
[LoadFinishMap] Finish size = 15 x 15, new rightX = 215
[LoadMap] Done. Main size = 200 x 15, rightX = 215
Fewer observations (0) made than vector observation size (7). The observations will be padded.
FrontWall hit: ground 1(Clone) normalX=1
生成了一個物件
FrontWall hit: ground 1(Clone) normalX=1
FrontWall hit: ground 1(Clone) normalX=1
Fewer observations (0) made than vector observation size (7). The observations will be padded.
Fewer observations (0) made than vector observation size (7). The observations will be padded.
Fewer observations (0) made than vector observation size (7). The observations will be padded.
Fewer observations (0) made than vector observation size (7). The observations will be padded.
Fewer observations (0) made than vector observation size (7). The observations will be padded.
Fewer observations (0) made than vector observation size (7). The observations will be padded.
生成了一個物件
Fewer observations (0) made than vector observation size (7). The observations will be padded.
Fewer observations (0) made than vector observation size (7). The observations will be padded.
生成了一個物件
Fewer observations (0) made than vector observation size (7). The observations will be padded.
Fewer observations (0) made than vector observation size (7). The observations will be padded.
生成了一個物件
Fewer observations (0) made than vector observation size (7). The observations will be padded.
Fewer observations (0) made than vector observation size (7). The observations will be padded.
Fewer observations (0) made than vector observation size (7). The observations will be padded.
Fewer observations (0) made than vector observation size (7). The observations will be padded.
Fewer observations (0) made than vector observation size (7). The observations will be padded.
Fewer observations (0) made than vector observation size (7). The observations will be padded.
FrontWall hit: ground 1(Clone) normalX=1
FrontWall hit: ground 1(Clone) normalX=1
FrontWall hit: ground 1(Clone) normalX=1
生成了一個物件
Fewer observations (0) made than vector observation size (7). The observations will be padded.
Fewer observations (0) made than vector observation size (7). The observations will be padded.
Fewer observations (0) made than vector observation size (7). The observations will be padded.
Fewer observations (0) made than vector observation size (7). The observations will be padded.
Fewer observations (0) made than vector observation size (7). The observations will be padded.
Fewer observations (0) made than vector observation size (7). The observations will be padded.
Fewer observations (0) made than vector observation size (7). The observations will be padded.
生成了一個物件
Fewer observations (0) made than vector observation size (7). The observations will be padded.
Fewer observations (0) made than vector observation size (7). The observations will be padded.
生成了一個物件
Fewer observations (0) made than vector observation size (7). The observations will be padded.
Fewer observations (0) made than vector observation size (7). The observations will be padded.
生成了一個物件
Fewer observations (0) made than vector observation size (7). The observations will be padded.
Fewer observations (0) made than vector observation size (7). The observations will be padded.
Fewer observations (0) made than vector observation size (7). The observations will be padded.
Fewer observations (0) made than vector observation size (7). The observations will be padded.
Fewer observations (0) made than vector observation size (7). The observations will be padded.
Fewer observations (0) made than vector observation size (7). The observations will be padded.
生成了一個物件
Fewer observations (0) made than vector observation size (7). The observations will be padded.
FrontWall hit: ground 1(Clone) normalX=1
FrontWall hit: ground 1(Clone) normalX=1
FrontWall hit: ground 1(Clone) normalX=1
Fewer observations (0) made than vector observation size (7). The observations will be padded.
Fewer observations (0) made than vector observation size (7). The observations will be padded.
Fewer observations (0) made than vector observation size (7). The observations will be padded.
FrontWall hit: ground 1(Clone) normalX=1
FrontWall hit: ground 1(Clone) normalX=1
FrontWall hit: ground 1(Clone) normalX=1
Fewer observations (0) made than vector observation size (7). The observations will be padded.
Player died!
Fewer observations (0) made than vector observation size (7). The observations will be padded.
Player died!
Fewer observations (0) made than vector observation size (7). The observations will be padded.
FrontWall hit: ground 1(Clone) normalX=1
Unloading 3 Unused Serialized files (Serialized files now loaded: 0)
Fewer observations (0) made than vector observation size (7). The observations will be padded.
UnloadTime: 3.155100 ms
Unloading 1 unused Assets to reduce memory usage. Loaded Objects now: 2872.
Total: 1.094200 ms (FindLiveObjects: 0.080600 ms CreateObjectMapping: 0.038000 ms MarkObjects: 0.967400 ms  DeleteObjects: 0.008200 ms)

Unloading 3 Unused Serialized files (Serialized files now loaded: 0)
Fewer observations (0) made than vector observation size (7). The observations will be padded.
UnloadTime: 0.497300 ms
Unloading 1 unused Assets to reduce memory usage. Loaded Objects now: 2872.
Total: 0.804400 ms (FindLiveObjects: 0.082200 ms CreateObjectMapping: 0.041900 ms MarkObjects: 0.673100 ms  DeleteObjects: 0.007100 ms)

[LoadMap] Using main map source: D:\Unity\ML-agent\Map\Decode.txt
[LoadFinishMap] Using finish map source: D:\Unity\ML-agent\Map\finishmap.txt
[LoadFinishMap] Finish size = 15 x 15, new rightX = 215
[LoadMap] Done. Main size = 200 x 15, rightX = 215
Fewer observations (0) made than vector observation size (7). The observations will be padded.
生成了一個物件
Fewer observations (0) made than vector observation size (7). The observations will be padded.
FrontWall hit: ground 1(Clone) normalX=1
FrontWall hit: ground 1(Clone) normalX=1
FrontWall hit: ground 1(Clone) normalX=1
Fewer observations (0) made than vector observation size (7). The observations will be padded.
Fewer observations (0) made than vector observation size (7). The observations will be padded.
FrontWall hit: ground 1(Clone) normalX=1
FrontWall hit: ground 1(Clone) normalX=1
FrontWall hit: ground 1(Clone) normalX=1
Fewer observations (0) made than vector observation size (7). The observations will be padded.
FrontWall hit: ground 1(Clone) normalX=1
FrontWall hit: ground 1(Clone) normalX=1
FrontWall hit: ground 1(Clone) normalX=1
Fewer observations (0) made than vector observation size (7). The observations will be padded.
Fewer observations (0) made than vector observation size (7). The observations will be padded.
Fewer observations (0) made than vector observation size (7). The observations will be padded.
FrontWall hit: ground 1(Clone) normalX=1
FrontWall hit: ground 1(Clone) normalX=1
FrontWall hit: ground 1(Clone) normalX=1
Fewer observations (0) made than vector observation size (7). The observations will be padded.
Fewer observations (0) made than vector observation size (7). The observations will be padded.
FrontWall hit: ground 1(Clone) normalX=1
FrontWall hit: ground 1(Clone) normalX=1
FrontWall hit: ground 1(Clone) normalX=1
Fewer observations (0) made than vector observation size (7). The observations will be padded.
Fewer observations (0) made than vector observation size (7). The observations will be padded.
Fewer observations (0) made than vector observation size (7). The observations will be padded.
Fewer observations (0) made than vector observation size (7). The observations will be padded.
Fewer observations (0) made than vector observation size (7). The observations will be padded.
生成了一個物件
Fewer observations (0) made than vector observation size (7). The observations will be padded.
Fewer observations (0) made than vector observation size (7). The observations will be padded.
Fewer observations (0) made than vector observation size (7). The observations will be padded.
生成了一個物件
生成了一個物件
Fewer observations (0) made than vector observation size (7). The observations will be padded.
生成了一個物件
Fewer observations (0) made than vector observation size (7). The observations will be padded.
FrontWall hit: ground 1(Clone) normalX=1
FrontWall hit: ground 1(Clone) normalX=1
FrontWall hit: ground 1(Clone) normalX=1
Fewer observations (0) made than vector observation size (7). The observations will be padded.
FrontWall hit: ground 1(Clone) normalX=1
FrontWall hit: ground 1(Clone) normalX=1
FrontWall hit: ground 1(Clone) normalX=1
Fewer observations (0) made than vector observation size (7). The observations will be padded.
Fewer observations (0) made than vector observation size (7). The observations will be padded.
Fewer observations (0) made than vector observation size (7). The observations will be padded.
Fewer observations (0) made than vector observation size (7). The observations will be padded.
Fewer observations (0) made than vector observation size (7). The observations will be padded.
Fewer observations (0) made than vector observation size (7). The observations will be padded.
Fewer observations (0) made than vector observation size (7). The observations will be padded.
Fewer observations (0) made than vector observation size (7). The observations will be padded.
Fewer observations (0) made than vector observation size (7). The observations will be padded.
Fewer observations (0) made than vector observation size (7). The observations will be padded.
Fewer observations (0) made than vector observation size (7). The observations will be padded.
生成了一個物件
Fewer observations (0) made than vector observation size (7). The observations will be padded.
Fewer observations (0) made than vector observation size (7). The observations will be padded.
生成了一個物件
Fewer observations (0) made than vector observation size (7). The observations will be padded.
生成了一個物件
Fewer observations (0) made than vector observation size (7). The observations will be padded.
生成了一個物件
Fewer observations (0) made than vector observation size (7). The observations will be padded.
Fewer observations (0) made than vector observation size (7). The observations will be padded.
Player died!
Fewer observations (0) made than vector observation size (7). The observations will be padded.
Unloading 3 Unused Serialized files (Serialized files now loaded: 0)
UnloadTime: 4.718500 ms
Unloading 1 unused Assets to reduce memory usage. Loaded Objects now: 2872.
Total: 0.997000 ms (FindLiveObjects: 0.135100 ms CreateObjectMapping: 0.057300 ms MarkObjects: 0.796400 ms  DeleteObjects: 0.008000 ms)

[LoadMap] Using main map source: D:\Unity\ML-agent\Map\Decode.txt
[LoadFinishMap] Using finish map source: D:\Unity\ML-agent\Map\finishmap.txt
[LoadFinishMap] Finish size = 15 x 15, new rightX = 215
[LoadMap] Done. Main size = 200 x 15, rightX = 215
Fewer observations (0) made than vector observation size (7). The observations will be padded.
FrontWall hit: ground 1(Clone) normalX=1
FrontWall hit: ground 1(Clone) normalX=1
FrontWall hit: ground 1(Clone) normalX=1
Fewer observations (0) made than vector observation size (7). The observations will be padded.
生成了一個物件
Fewer observations (0) made than vector observation size (7). The observations will be padded.
Fewer observations (0) made than vector observation size (7). The observations will be padded.
Fewer observations (0) made than vector observation size (7). The observations will be padded.
Fewer observations (0) made than vector observation size (7). The observations will be padded.
FrontWall hit: ground 1(Clone) normalX=1
FrontWall hit: ground 1(Clone) normalX=1
FrontWall hit: ground 1(Clone) normalX=1
Fewer observations (0) made than vector observation size (7). The observations will be padded.
FrontWall hit: ground 1(Clone) normalX=1
FrontWall hit: ground 1(Clone) normalX=1
FrontWall hit: ground 1(Clone) normalX=1
Fewer observations (0) made than vector observation size (7). The observations will be padded.
Fewer observations (0) made than vector observation size (7). The observations will be padded.
Fewer observations (0) made than vector observation size (7). The observations will be padded.
生成了一個物件
Fewer observations (0) made than vector observation size (7). The observations will be padded.
Fewer observations (0) made than vector observation size (7). The observations will be padded.
Fewer observations (0) made than vector observation size (7). The observations will be padded.
Fewer observations (0) made than vector observation size (7). The observations will be padded.
生成了一個物件
Fewer observations (0) made than vector observation size (7). The observations will be padded.
Fewer observations (0) made than vector observation size (7). The observations will be padded.
生成了一個物件
Fewer observations (0) made than vector observation size (7). The observations will be padded.
Fewer observations (0) made than vector observation size (7). The observations will be padded.
Fewer observations (0) made than vector observation size (7). The observations will be padded.
生成了一個物件
Fewer observations (0) made than vector observation size (7). The observations will be padded.
Fewer observations (0) made than vector observation size (7). The observations will be padded.
Fewer observations (0) made than vector observation size (7). The observations will be padded.
Fewer observations (0) made than vector observation size (7). The observations will be padded.
Fewer observations (0) made than vector observation size (7). The observations will be padded.
Fewer observations (0) made than vector observation size (7). The observations will be padded.
Fewer observations (0) made than vector observation size (7). The observations will be padded.
Fewer observations (0) made than vector observation size (7). The observations will be padded.
生成了一個物件
Fewer observations (0) made than vector observation size (7). The observations will be padded.
Fewer observations (0) made than vector observation size (7). The observations will be padded.
Fewer observations (0) made than vector observation size (7). The observations will be padded.
生成了一個物件
Fewer observations (0) made than vector observation size (7). The observations will be padded.
Fewer observations (0) made than vector observation size (7). The observations will be padded.
生成了一個物件
Fewer observations (0) made than vector observation size (7). The observations will be padded.
Fewer observations (0) made than vector observation size (7). The observations will be padded.
Fewer observations (0) made than vector observation size (7). The observations will be padded.
Fewer observations (0) made than vector observation size (7). The observations will be padded.
生成了一個物件
Fewer observations (0) made than vector observation size (7). The observations will be padded.
Fewer observations (0) made than vector observation size (7). The observations will be padded.
Fewer observations (0) made than vector observation size (7). The observations will be padded.
Fewer observations (0) made than vector observation size (7). The observations will be padded.
Fewer observations (0) made than vector observation size (7). The observations will be padded.
Fewer observations (0) made than vector observation size (7). The observations will be padded.
Fewer observations (0) made than vector observation size (7). The observations will be padded.
Fewer observations (0) made than vector observation size (7). The observations will be padded.
生成了一個物件
Player died!
Fewer observations (0) made than vector observation size (7). The observations will be padded.
Unloading 3 Unused Serialized files (Serialized files now loaded: 0)
UnloadTime: 3.198300 ms
Unloading 1 unused Assets to reduce memory usage. Loaded Objects now: 2872.
Total: 0.891600 ms (FindLiveObjects: 0.090200 ms CreateObjectMapping: 0.041700 ms MarkObjects: 0.752600 ms  DeleteObjects: 0.007100 ms)

[LoadMap] Using main map source: D:\Unity\ML-agent\Map\Decode.txt
[LoadFinishMap] Using finish map source: D:\Unity\ML-agent\Map\finishmap.txt
[LoadFinishMap] Finish size = 15 x 15, new rightX = 215
[LoadMap] Done. Main size = 200 x 15, rightX = 215
Fewer observations (0) made than vector observation size (7). The observations will be padded.
Fewer observations (0) made than vector observation size (7). The observations will be padded.
生成了一個物件
Fewer observations (0) made than vector observation size (7). The observations will be padded.
Fewer observations (0) made than vector observation size (7). The observations will be padded.
Fewer observations (0) made than vector observation size (7). The observations will be padded.
Fewer observations (0) made than vector observation size (7). The observations will be padded.
生成了一個物件
Fewer observations (0) made than vector observation size (7). The observations will be padded.
Fewer observations (0) made than vector observation size (7). The observations will be padded.
生成了一個物件
Fewer observations (0) made than vector observation size (7). The observations will be padded.
Fewer observations (0) made than vector observation size (7). The observations will be padded.
生成了一個物件
Fewer observations (0) made than vector observation size (7). The observations will be padded.
Fewer observations (0) made than vector observation size (7). The observations will be padded.
Fewer observations (0) made than vector observation size (7). The observations will be padded.
Fewer observations (0) made than vector observation size (7). The observations will be padded.
Fewer observations (0) made than vector observation size (7). The observations will be padded.
Fewer observations (0) made than vector observation size (7). The observations will be padded.
Fewer observations (0) made than vector observation size (7). The observations will be padded.
Fewer observations (0) made than vector observation size (7). The observations will be padded.
生成了一個物件
Fewer observations (0) made than vector observation size (7). The observations will be padded.
Fewer observations (0) made than vector observation size (7). The observations will be padded.
Fewer observations (0) made than vector observation size (7). The observations will be padded.
Fewer observations (0) made than vector observation size (7). The observations will be padded.
Fewer observations (0) made than vector observation size (7). The observations will be padded.
生成了一個物件
Fewer observations (0) made than vector observation size (7). The observations will be padded.
FrontWall hit: ground 1(Clone) normalX=1
FrontWall hit: ground 1(Clone) normalX=1
FrontWall hit: ground 1(Clone) normalX=1
Fewer observations (0) made than vector observation size (7). The observations will be padded.
生成了一個物件
Fewer observations (0) made than vector observation size (7). The observations will be padded.
Fewer observations (0) made than vector observation size (7). The observations will be padded.
生成了一個物件
Fewer observations (0) made than vector observation size (7). The observations will be padded.
Fewer observations (0) made than vector observation size (7). The observations will be padded.
FrontWall hit: ground 1(Clone) normalX=1
FrontWall hit: ground 1(Clone) normalX=1
FrontWall hit: ground 1(Clone) normalX=1
Fewer observations (0) made than vector observation size (7). The observations will be padded.
Fewer observations (0) made than vector observation size (7). The observations will be padded.
Fewer observations (0) made than vector observation size (7). The observations will be padded.
Fewer observations (0) made than vector observation size (7). The observations will be padded.
Fewer observations (0) made than vector observation size (7). The observations will be padded.
Fewer observations (0) made than vector observation size (7). The observations will be padded.
生成了一個物件
Fewer observations (0) made than vector observation size (7). The observations will be padded.
Fewer observations (0) made than vector observation size (7). The observations will be padded.
Fewer observations (0) made than vector observation size (7). The observations will be padded.
Fewer observations (0) made than vector observation size (7). The observations will be padded.
生成了一個物件
Fewer observations (0) made than vector observation size (7). The observations will be padded.
Fewer observations (0) made than vector observation size (7). The observations will be padded.
Fewer observations (0) made than vector observation size (7). The observations will be padded.
生成了一個物件
Fewer observations (0) made than vector observation size (7). The observations will be padded.
生成了一個物件
Fewer observations (0) made than vector observation size (7). The observations will be padded.
Fewer observations (0) made than vector observation size (7). The observations will be padded.
Fewer observations (0) made than vector observation size (7). The observations will be padded.
Fewer observations (0) made than vector observation size (7). The observations will be padded.
Fewer observations (0) made than vector observation size (7). The observations will be padded.
Fewer observations (0) made than vector observation size (7). The observations will be padded.
Fewer observations (0) made than vector observation size (7). The observations will be padded.
Fewer observations (0) made than vector observation size (7). The observations will be padded.
Fewer observations (0) made than vector observation size (7). The observations will be padded.
生成了一個物件
Fewer observations (0) made than vector observation size (7). The observations will be padded.
Fewer observations (0) made than vector observation size (7). The observations will be padded.
Fewer observations (0) made than vector observation size (7). The observations will be padded.
Fewer observations (0) made than vector observation size (7). The observations will be padded.
生成了一個物件
Fewer observations (0) made than vector observation size (7). The observations will be padded.
Fewer observations (0) made than vector observation size (7). The observations will be padded.
生成了一個物件
Fewer observations (0) made than vector observation size (7). The observations will be padded.
Player died!
Fewer observations (0) made than vector observation size (7). The observations will be padded.
FrontWall hit: ground 1(Clone) normalX=-1
Unloading 3 Unused Serialized files (Serialized files now loaded: 0)
UnloadTime: 5.498900 ms
Unloading 1 unused Assets to reduce memory usage. Loaded Objects now: 2872.
Total: 0.953500 ms (FindLiveObjects: 0.091400 ms CreateObjectMapping: 0.043300 ms MarkObjects: 0.810200 ms  DeleteObjects: 0.008600 ms)

[LoadMap] Using main map source: D:\Unity\ML-agent\Map\Decode.txt
[LoadFinishMap] Using finish map source: D:\Unity\ML-agent\Map\finishmap.txt
[LoadFinishMap] Finish size = 15 x 15, new rightX = 215
[LoadMap] Done. Main size = 200 x 15, rightX = 215
Fewer observations (0) made than vector observation size (7). The observations will be padded.
Fewer observations (0) made than vector observation size (7). The observations will be padded.
FrontWall hit: ground 1(Clone) normalX=1
FrontWall hit: ground 1(Clone) normalX=1
FrontWall hit: ground 1(Clone) normalX=1
Fewer observations (0) made than vector observation size (7). The observations will be padded.
FrontWall hit: ground 1(Clone) normalX=1
FrontWall hit: ground 1(Clone) normalX=1
FrontWall hit: ground 1(Clone) normalX=1
Fewer observations (0) made than vector observation size (7). The observations will be padded.
FrontWall hit: ground 1(Clone) normalX=1
FrontWall hit: ground 1(Clone) normalX=1
FrontWall hit: ground 1(Clone) normalX=1
Fewer observations (0) made than vector observation size (7). The observations will be padded.
FrontWall hit: ground 1(Clone) normalX=1
FrontWall hit: ground 1(Clone) normalX=1
FrontWall hit: ground 1(Clone) normalX=1
Fewer observations (0) made than vector observation size (7). The observations will be padded.
Fewer observations (0) made than vector observation size (7). The observations will be padded.
FrontWall hit: ground 1(Clone) normalX=1
FrontWall hit: ground 1(Clone) normalX=1
FrontWall hit: ground 1(Clone) normalX=1
Fewer observations (0) made than vector observation size (7). The observations will be padded.
Fewer observations (0) made than vector observation size (7). The observations will be padded.
Fewer observations (0) made than vector observation size (7). The observations will be padded.
Fewer observations (0) made than vector observation size (7). The observations will be padded.
Fewer observations (0) made than vector observation size (7). The observations will be padded.
FrontWall hit: ground 1(Clone) normalX=1
FrontWall hit: ground 1(Clone) normalX=1
FrontWall hit: ground 1(Clone) normalX=1
Fewer observations (0) made than vector observation size (7). The observations will be padded.
FrontWall hit: ground 1(Clone) normalX=1
FrontWall hit: ground 1(Clone) normalX=1
FrontWall hit: ground 1(Clone) normalX=1
Fewer observations (0) made than vector observation size (7). The observations will be padded.
Fewer observations (0) made than vector observation size (7). The observations will be padded.
Fewer observations (0) made than vector observation size (7). The observations will be padded.
FrontWall hit: ground 1(Clone) normalX=1
FrontWall hit: ground 1(Clone) normalX=1
FrontWall hit: ground 1(Clone) normalX=1
Fewer observations (0) made than vector observation size (7). The observations will be padded.
Fewer observations (0) made than vector observation size (7). The observations will be padded.
Fewer observations (0) made than vector observation size (7). The observations will be padded.
Fewer observations (0) made than vector observation size (7). The observations will be padded.
生成了一個物件
Fewer observations (0) made than vector observation size (7). The observations will be padded.
Fewer observations (0) made than vector observation size (7). The observations will be padded.
Fewer observations (0) made than vector observation size (7). The observations will be padded.
生成了一個物件
Fewer observations (0) made than vector observation size (7). The observations will be padded.
Fewer observations (0) made than vector observation size (7). The observations will be padded.
生成了一個物件
Fewer observations (0) made than vector observation size (7). The observations will be padded.
FrontWall hit: ground 1(Clone) normalX=1
FrontWall hit: ground 1(Clone) normalX=1
FrontWall hit: ground 1(Clone) normalX=1
Fewer observations (0) made than vector observation size (7). The observations will be padded.
生成了一個物件
Fewer observations (0) made than vector observation size (7). The observations will be padded.
FrontWall hit: ground 1(Clone) normalX=1
FrontWall hit: ground 1(Clone) normalX=1
FrontWall hit: ground 1(Clone) normalX=1
Fewer observations (0) made than vector observation size (7). The observations will be padded.
Fewer observations (0) made than vector observation size (7). The observations will be padded.
Fewer observations (0) made than vector observation size (7). The observations will be padded.
Fewer observations (0) made than vector observation size (7). The observations will be padded.
Fewer observations (0) made than vector observation size (7). The observations will be padded.
Fewer observations (0) made than vector observation size (7). The observations will be padded.
Fewer observations (0) made than vector observation size (7). The observations will be padded.
Fewer observations (0) made than vector observation size (7). The observations will be padded.
Fewer observations (0) made than vector observation size (7). The observations will be padded.
生成了一個物件
Fewer observations (0) made than vector observation size (7). The observations will be padded.
Fewer observations (0) made than vector observation size (7). The observations will be padded.
FrontWall hit: ground 1(Clone) normalX=1
生成了一個物件
Fewer observations (0) made than vector observation size (7). The observations will be padded.
FrontWall hit: ground 1(Clone) normalX=1
FrontWall hit: ground 1(Clone) normalX=1
FrontWall hit: ground 1(Clone) normalX=1
Fewer observations (0) made than vector observation size (7). The observations will be padded.
FrontWall hit: ground 1(Clone) normalX=1
FrontWall hit: ground 1(Clone) normalX=1
FrontWall hit: ground 1(Clone) normalX=1
Fewer observations (0) made than vector observation size (7). The observations will be padded.
FrontWall hit: ground 1(Clone) normalX=1
生成了一個物件
FrontWall hit: ground 1(Clone) normalX=1
FrontWall hit: ground 1(Clone) normalX=1
Fewer observations (0) made than vector observation size (7). The observations will be padded.
生成了一個物件
Fewer observations (0) made than vector observation size (7). The observations will be padded.
Fewer observations (0) made than vector observation size (7). The observations will be padded.
Fewer observations (0) made than vector observation size (7). The observations will be padded.
Fewer observations (0) made than vector observation size (7). The observations will be padded.
Fewer observations (0) made than vector observation size (7). The observations will be padded.
Fewer observations (0) made than vector observation size (7). The observations will be padded.
Fewer observations (0) made than vector observation size (7). The observations will be padded.
Fewer observations (0) made than vector observation size (7). The observations will be padded.
Fewer observations (0) made than vector observation size (7). The observations will be padded.
Fewer observations (0) made than vector observation size (7). The observations will be padded.
生成了一個物件
Fewer observations (0) made than vector observation size (7). The observations will be padded.
Fewer observations (0) made than vector observation size (7). The observations will be padded.
Fewer observations (0) made than vector observation size (7). The observations will be padded.
生成了一個物件
Fewer observations (0) made than vector observation size (7). The observations will be padded.
Fewer observations (0) made than vector observation size (7). The observations will be padded.
生成了一個物件
Fewer observations (0) made than vector observation size (7). The observations will be padded.
Fewer observations (0) made than vector observation size (7). The observations will be padded.
生成了一個物件
Fewer observations (0) made than vector observation size (7). The observations will be padded.
Fewer observations (0) made than vector observation size (7). The observations will be padded.
Fewer observations (0) made than vector observation size (7). The observations will be padded.
Fewer observations (0) made than vector observation size (7). The observations will be padded.
Fewer observations (0) made than vector observation size (7). The observations will be padded.
Fewer observations (0) made than vector observation size (7). The observations will be padded.
Fewer observations (0) made than vector observation size (7). The observations will be padded.
Fewer observations (0) made than vector observation size (7). The observations will be padded.
Fewer observations (0) made than vector observation size (7). The observations will be padded.
Fewer observations (0) made than vector observation size (7). The observations will be padded.
Player died!
Fewer observations (0) made than vector observation size (7). The observations will be padded.
生成了一個物件
FrontWall hit: ground 1(Clone) normalX=-1
Unloading 3 Unused Serialized files (Serialized files now loaded: 0)
UnloadTime: 5.341300 ms
Unloading 1 unused Assets to reduce memory usage. Loaded Objects now: 2872.
Total: 1.228200 ms (FindLiveObjects: 0.086200 ms CreateObjectMapping: 0.034600 ms MarkObjects: 1.099300 ms  DeleteObjects: 0.007900 ms)

[LoadMap] Using main map source: D:\Unity\ML-agent\Map\Decode.txt
[LoadFinishMap] Using finish map source: D:\Unity\ML-agent\Map\finishmap.txt
[LoadFinishMap] Finish size = 15 x 15, new rightX = 215
[LoadMap] Done. Main size = 200 x 15, rightX = 215
Fewer observations (0) made than vector observation size (7). The observations will be padded.
Fewer observations (0) made than vector observation size (7). The observations will be padded.
生成了一個物件
Fewer observations (0) made than vector observation size (7). The observations will be padded.
Fewer observations (0) made than vector observation size (7). The observations will be padded.
Fewer observations (0) made than vector observation size (7). The observations will be padded.
Fewer observations (0) made than vector observation size (7). The observations will be padded.
生成了一個物件
Fewer observations (0) made than vector observation size (7). The observations will be padded.
FrontWall hit: ground 1(Clone) normalX=1
FrontWall hit: ground 1(Clone) normalX=1
Fewer observations (0) made than vector observation size (7). The observations will be padded.
Fewer observations (0) made than vector observation size (7). The observations will be padded.
生成了一個物件
Fewer observations (0) made than vector observation size (7). The observations will be padded.
Fewer observations (0) made than vector observation size (7). The observations will be padded.
FrontWall hit: ground 1(Clone) normalX=1
生成了一個物件
FrontWall hit: ground 1(Clone) normalX=1
FrontWall hit: ground 1(Clone) normalX=1
Fewer observations (0) made than vector observation size (7). The observations will be padded.
Fewer observations (0) made than vector observation size (7). The observations will be padded.
Fewer observations (0) made than vector observation size (7). The observations will be padded.
Fewer observations (0) made than vector observation size (7). The observations will be padded.
Fewer observations (0) made than vector observation size (7). The observations will be padded.
Fewer observations (0) made than vector observation size (7). The observations will be padded.
Fewer observations (0) made than vector observation size (7). The observations will be padded.
Fewer observations (0) made than vector observation size (7). The observations will be padded.
生成了一個物件
Fewer observations (0) made than vector observation size (7). The observations will be padded.
Fewer observations (0) made than vector observation size (7). The observations will be padded.
Fewer observations (0) made than vector observation size (7). The observations will be padded.
Fewer observations (0) made than vector observation size (7). The observations will be padded.
生成了一個物件
Fewer observations (0) made than vector observation size (7). The observations will be padded.
Fewer observations (0) made than vector observation size (7). The observations will be padded.
Fewer observations (0) made than vector observation size (7). The observations will be padded.
生成了一個物件
Fewer observations (0) made than vector observation size (7). The observations will be padded.
生成了一個物件
Fewer observations (0) made than vector observation size (7). The observations will be padded.
Fewer observations (0) made than vector observation size (7). The observations will be padded.
Fewer observations (0) made than vector observation size (7). The observations will be padded.
Fewer observations (0) made than vector observation size (7). The observations will be padded.
Fewer observations (0) made than vector observation size (7). The observations will be padded.
Fewer observations (0) made than vector observation size (7). The observations will be padded.
Fewer observations (0) made than vector observation size (7). The observations will be padded.
Fewer observations (0) made than vector observation size (7). The observations will be padded.
生成了一個物件
Fewer observations (0) made than vector observation size (7). The observations will be padded.
Fewer observations (0) made than vector observation size (7). The observations will be padded.
Fewer observations (0) made than vector observation size (7). The observations will be padded.
Player died!
Fewer observations (0) made than vector observation size (7). The observations will be padded.
Player died!
Unloading 3 Unused Serialized files (Serialized files now loaded: 0)
UnloadTime: 5.352200 ms
Unloading 1 unused Assets to reduce memory usage. Loaded Objects now: 2872.
Total: 1.027600 ms (FindLiveObjects: 0.091600 ms CreateObjectMapping: 0.040200 ms MarkObjects: 0.885000 ms  DeleteObjects: 0.010500 ms)

Unloading 3 Unused Serialized files (Serialized files now loaded: 0)
Fewer observations (0) made than vector observation size (7). The observations will be padded.
UnloadTime: 0.576300 ms
Unloading 1 unused Assets to reduce memory usage. Loaded Objects now: 2872.
Total: 1.551600 ms (FindLiveObjects: 0.140400 ms CreateObjectMapping: 0.061700 ms MarkObjects: 1.340200 ms  DeleteObjects: 0.009200 ms)

[LoadMap] Using main map source: D:\Unity\ML-agent\Map\Decode.txt
[LoadFinishMap] Using finish map source: D:\Unity\ML-agent\Map\finishmap.txt
[LoadFinishMap] Finish size = 15 x 15, new rightX = 215
[LoadMap] Done. Main size = 200 x 15, rightX = 215
Fewer observations (0) made than vector observation size (7). The observations will be padded.
Fewer observations (0) made than vector observation size (7). The observations will be padded.
Fewer observations (0) made than vector observation size (7). The observations will be padded.
Fewer observations (0) made than vector observation size (7). The observations will be padded.
FrontWall hit: ground 1(Clone) normalX=1
FrontWall hit: ground 1(Clone) normalX=1
Fewer observations (0) made than vector observation size (7). The observations will be padded.
FrontWall hit: ground 1(Clone) normalX=1
FrontWall hit: ground 1(Clone) normalX=1
FrontWall hit: ground 1(Clone) normalX=1
Fewer observations (0) made than vector observation size (7). The observations will be padded.
Fewer observations (0) made than vector observation size (7). The observations will be padded.
Fewer observations (0) made than vector observation size (7). The observations will be padded.
Fewer observations (0) made than vector observation size (7). The observations will be padded.
FrontWall hit: ground 1(Clone) normalX=1
FrontWall hit: ground 1(Clone) normalX=1
FrontWall hit: ground 1(Clone) normalX=1
Fewer observations (0) made than vector observation size (7). The observations will be padded.
FrontWall hit: ground 1(Clone) normalX=1
FrontWall hit: ground 1(Clone) normalX=1
FrontWall hit: ground 1(Clone) normalX=1
Fewer observations (0) made than vector observation size (7). The observations will be padded.
FrontWall hit: ground 1(Clone) normalX=1
FrontWall hit: ground 1(Clone) normalX=1
FrontWall hit: ground 1(Clone) normalX=1
Fewer observations (0) made than vector observation size (7). The observations will be padded.
Fewer observations (0) made than vector observation size (7). The observations will be padded.
Fewer observations (0) made than vector observation size (7). The observations will be padded.
Fewer observations (0) made than vector observation size (7). The observations will be padded.
Fewer observations (0) made than vector observation size (7). The observations will be padded.
Fewer observations (0) made than vector observation size (7). The observations will be padded.
Fewer observations (0) made than vector observation size (7). The observations will be padded.
Fewer observations (0) made than vector observation size (7). The observations will be padded.
FrontWall hit: ground 1(Clone) normalX=1
FrontWall hit: ground 1(Clone) normalX=1
生成了一個物件
FrontWall hit: ground 1(Clone) normalX=1
Fewer observations (0) made than vector observation size (7). The observations will be padded.
Fewer observations (0) made than vector observation size (7). The observations will be padded.
Fewer observations (0) made than vector observation size (7). The observations will be padded.
FrontWall hit: ground 1(Clone) normalX=1
FrontWall hit: ground 1(Clone) normalX=1
生成了一個物件
FrontWall hit: ground 1(Clone) normalX=1
Fewer observations (0) made than vector observation size (7). The observations will be padded.
Fewer observations (0) made than vector observation size (7). The observations will be padded.
Fewer observations (0) made than vector observation size (7). The observations will be padded.
生成了一個物件
Fewer observations (0) made than vector observation size (7). The observations will be padded.
Fewer observations (0) made than vector observation size (7). The observations will be padded.
生成了一個物件
Fewer observations (0) made than vector observation size (7). The observations will be padded.
Fewer observations (0) made than vector observation size (7). The observations will be padded.
Fewer observations (0) made than vector observation size (7). The observations will be padded.
Fewer observations (0) made than vector observation size (7). The observations will be padded.
Fewer observations (0) made than vector observation size (7). The observations will be padded.
Fewer observations (0) made than vector observation size (7). The observations will be padded.
Fewer observations (0) made than vector observation size (7). The observations will be padded.
Fewer observations (0) made than vector observation size (7). The observations will be padded.
Fewer observations (0) made than vector observation size (7). The observations will be padded.
生成了一個物件
Fewer observations (0) made than vector observation size (7). The observations will be padded.
Fewer observations (0) made than vector observation size (7). The observations will be padded.
Fewer observations (0) made than vector observation size (7). The observations will be padded.
生成了一個物件
Fewer observations (0) made than vector observation size (7). The observations will be padded.
Fewer observations (0) made than vector observation size (7). The observations will be padded.
Fewer observations (0) made than vector observation size (7). The observations will be padded.
生成了一個物件
Fewer observations (0) made than vector observation size (7). The observations will be padded.
Fewer observations (0) made than vector observation size (7). The observations will be padded.
生成了一個物件
Fewer observations (0) made than vector observation size (7). The observations will be padded.
Fewer observations (0) made than vector observation size (7). The observations will be padded.
Fewer observations (0) made than vector observation size (7). The observations will be padded.
Fewer observations (0) made than vector observation size (7). The observations will be padded.
Fewer observations (0) made than vector observation size (7). The observations will be padded.
Fewer observations (0) made than vector observation size (7). The observations will be padded.
Fewer observations (0) made than vector observation size (7). The observations will be padded.
Fewer observations (0) made than vector observation size (7). The observations will be padded.
生成了一個物件
Fewer observations (0) made than vector observation size (7). The observations will be padded.
Fewer observations (0) made than vector observation size (7). The observations will be padded.
Fewer observations (0) made than vector observation size (7). The observations will be padded.
Player died!
Fewer observations (0) made than vector observation size (7). The observations will be padded.
Player died!
生成了一個物件
Unloading 3 Unused Serialized files (Serialized files now loaded: 0)
UnloadTime: 3.297500 ms
Unloading 1 unused Assets to reduce memory usage. Loaded Objects now: 2872.
Total: 0.962900 ms (FindLiveObjects: 0.088300 ms CreateObjectMapping: 0.039600 ms MarkObjects: 0.828200 ms  DeleteObjects: 0.006700 ms)

Unloading 3 Unused Serialized files (Serialized files now loaded: 0)
Fewer observations (0) made than vector observation size (7). The observations will be padded.
UnloadTime: 0.768500 ms
Unloading 1 unused Assets to reduce memory usage. Loaded Objects now: 2872.
Total: 1.072700 ms (FindLiveObjects: 0.083200 ms CreateObjectMapping: 0.036100 ms MarkObjects: 0.945200 ms  DeleteObjects: 0.008000 ms)

[LoadMap] Using main map source: D:\Unity\ML-agent\Map\Decode.txt
[LoadFinishMap] Using finish map source: D:\Unity\ML-agent\Map\finishmap.txt
[LoadFinishMap] Finish size = 15 x 15, new rightX = 215
[LoadMap] Done. Main size = 200 x 15, rightX = 215
Fewer observations (0) made than vector observation size (7). The observations will be padded.
Fewer observations (0) made than vector observation size (7). The observations will be padded.
生成了一個物件
Fewer observations (0) made than vector observation size (7). The observations will be padded.
FrontWall hit: ground 1(Clone) normalX=1
FrontWall hit: ground 1(Clone) normalX=1
Fewer observations (0) made than vector observation size (7). The observations will be padded.
Fewer observations (0) made than vector observation size (7). The observations will be padded.
Fewer observations (0) made than vector observation size (7). The observations will be padded.
Fewer observations (0) made than vector observation size (7). The observations will be padded.
Fewer observations (0) made than vector observation size (7). The observations will be padded.
Fewer observations (0) made than vector observation size (7). The observations will be padded.
生成了一個物件
Fewer observations (0) made than vector observation size (7). The observations will be padded.
Fewer observations (0) made than vector observation size (7). The observations will be padded.
生成了一個物件
Fewer observations (0) made than vector observation size (7). The observations will be padded.
Fewer observations (0) made than vector observation size (7). The observations will be padded.
生成了一個物件
Fewer observations (0) made than vector observation size (7). The observations will be padded.
Fewer observations (0) made than vector observation size (7). The observations will be padded.
Fewer observations (0) made than vector observation size (7). The observations will be padded.
Fewer observations (0) made than vector observation size (7). The observations will be padded.
Fewer observations (0) made than vector observation size (7). The observations will be padded.
Fewer observations (0) made than vector observation size (7). The observations will be padded.
生成了一個物件
Fewer observations (0) made than vector observation size (7). The observations will be padded.
Fewer observations (0) made than vector observation size (7). The observations will be padded.
Fewer observations (0) made than vector observation size (7). The observations will be padded.
Fewer observations (0) made than vector observation size (7). The observations will be padded.
Fewer observations (0) made than vector observation size (7). The observations will be padded.
Fewer observations (0) made than vector observation size (7). The observations will be padded.
生成了一個物件
Fewer observations (0) made than vector observation size (7). The observations will be padded.
Fewer observations (0) made than vector observation size (7). The observations will be padded.
Fewer observations (0) made than vector observation size (7). The observations will be padded.
生成了一個物件
Fewer observations (0) made than vector observation size (7). The observations will be padded.
生成了一個物件
Fewer observations (0) made than vector observation size (7). The observations will be padded.
Fewer observations (0) made than vector observation size (7). The observations will be padded.
Fewer observations (0) made than vector observation size (7). The observations will be padded.
FrontWall hit: ground 1(Clone) normalX=1
Fewer observations (0) made than vector observation size (7). The observations will be padded.
Fewer observations (0) made than vector observation size (7). The observations will be padded.
Fewer observations (0) made than vector observation size (7). The observations will be padded.
生成了一個物件
Fewer observations (0) made than vector observation size (7). The observations will be padded.
FrontWall hit: ground 1(Clone) normalX=1
FrontWall hit: ground 1(Clone) normalX=1
FrontWall hit: ground 1(Clone) normalX=1
Fewer observations (0) made than vector observation size (7). The observations will be padded.
FrontWall hit: ground 1(Clone) normalX=1
FrontWall hit: ground 1(Clone) normalX=1
FrontWall hit: ground 1(Clone) normalX=1
Fewer observations (0) made than vector observation size (7). The observations will be padded.
Fewer observations (0) made than vector observation size (7). The observations will be padded.
Player died!
Fewer observations (0) made than vector observation size (7). The observations will be padded.
Fewer observations (0) made than vector observation size (7). The observations will be padded.
Unloading 3 Unused Serialized files (Serialized files now loaded: 0)
Fewer observations (0) made than vector observation size (7). The observations will be padded.
UnloadTime: 5.232400 ms
Unloading 1 unused Assets to reduce memory usage. Loaded Objects now: 2872.
Total: 0.886300 ms (FindLiveObjects: 0.084900 ms CreateObjectMapping: 0.039400 ms MarkObjects: 0.755300 ms  DeleteObjects: 0.006600 ms)

[LoadMap] Using main map source: D:\Unity\ML-agent\Map\Decode.txt
[LoadFinishMap] Using finish map source: D:\Unity\ML-agent\Map\finishmap.txt
[LoadFinishMap] Finish size = 15 x 15, new rightX = 215
[LoadMap] Done. Main size = 200 x 15, rightX = 215
生成了一個物件
Fewer observations (0) made than vector observation size (7). The observations will be padded.
Fewer observations (0) made than vector observation size (7). The observations will be padded.
FrontWall hit: ground 1(Clone) normalX=1
FrontWall hit: ground 1(Clone) normalX=1
FrontWall hit: ground 1(Clone) normalX=1
Fewer observations (0) made than vector observation size (7). The observations will be padded.
FrontWall hit: ground 1(Clone) normalX=1
FrontWall hit: ground 1(Clone) normalX=1
FrontWall hit: ground 1(Clone) normalX=1
Fewer observations (0) made than vector observation size (7). The observations will be padded.
Fewer observations (0) made than vector observation size (7). The observations will be padded.
Fewer observations (0) made than vector observation size (7). The observations will be padded.
Fewer observations (0) made than vector observation size (7). The observations will be padded.
Fewer observations (0) made than vector observation size (7). The observations will be padded.
Fewer observations (0) made than vector observation size (7). The observations will be padded.
生成了一個物件
Fewer observations (0) made than vector observation size (7). The observations will be padded.
FrontWall hit: ground 1(Clone) normalX=1
FrontWall hit: ground 1(Clone) normalX=1
FrontWall hit: ground 1(Clone) normalX=1
Fewer observations (0) made than vector observation size (7). The observations will be padded.
Fewer observations (0) made than vector observation size (7). The observations will be padded.
FrontWall hit: ground 1(Clone) normalX=1
FrontWall hit: ground 1(Clone) normalX=1
FrontWall hit: ground 1(Clone) normalX=1
Fewer observations (0) made than vector observation size (7). The observations will be padded.
Fewer observations (0) made than vector observation size (7). The observations will be padded.
生成了一個物件
Fewer observations (0) made than vector observation size (7). The observations will be padded.
Fewer observations (0) made than vector observation size (7). The observations will be padded.
Fewer observations (0) made than vector observation size (7). The observations will be padded.
生成了一個物件
Fewer observations (0) made than vector observation size (7). The observations will be padded.
生成了一個物件
Fewer observations (0) made than vector observation size (7). The observations will be padded.
Fewer observations (0) made than vector observation size (7). The observations will be padded.
Fewer observations (0) made than vector observation size (7). The observations will be padded.
Fewer observations (0) made than vector observation size (7). The observations will be padded.
Fewer observations (0) made than vector observation size (7). The observations will be padded.
Fewer observations (0) made than vector observation size (7). The observations will be padded.
Fewer observations (0) made than vector observation size (7). The observations will be padded.
生成了一個物件
Fewer observations (0) made than vector observation size (7). The observations will be padded.
Fewer observations (0) made than vector observation size (7). The observations will be padded.
Fewer observations (0) made than vector observation size (7). The observations will be padded.
Fewer observations (0) made than vector observation size (7). The observations will be padded.
Fewer observations (0) made than vector observation size (7). The observations will be padded.
生成了一個物件
Fewer observations (0) made than vector observation size (7). The observations will be padded.
Fewer observations (0) made than vector observation size (7). The observations will be padded.
Fewer observations (0) made than vector observation size (7). The observations will be padded.
生成了一個物件
Fewer observations (0) made than vector observation size (7). The observations will be padded.
Fewer observations (0) made than vector observation size (7). The observations will be padded.
生成了一個物件
Fewer observations (0) made than vector observation size (7). The observations will be padded.
Fewer observations (0) made than vector observation size (7). The observations will be padded.
Fewer observations (0) made than vector observation size (7). The observations will be padded.
Fewer observations (0) made than vector observation size (7). The observations will be padded.
Fewer observations (0) made than vector observation size (7). The observations will be padded.
Fewer observations (0) made than vector observation size (7). The observations will be padded.
Fewer observations (0) made than vector observation size (7). The observations will be padded.
生成了一個物件
Fewer observations (0) made than vector observation size (7). The observations will be padded.
Fewer observations (0) made than vector observation size (7). The observations will be padded.
Fewer observations (0) made than vector observation size (7). The observations will be padded.
Fewer observations (0) made than vector observation size (7). The observations will be padded.
Player died!
Fewer observations (0) made than vector observation size (7). The observations will be padded.
Player died!
Unloading 3 Unused Serialized files (Serialized files now loaded: 0)
UnloadTime: 5.171800 ms
Unloading 1 unused Assets to reduce memory usage. Loaded Objects now: 2872.
Total: 0.877700 ms (FindLiveObjects: 0.098600 ms CreateObjectMapping: 0.039600 ms MarkObjects: 0.732100 ms  DeleteObjects: 0.007100 ms)

Unloading 3 Unused Serialized files (Serialized files now loaded: 0)
Fewer observations (0) made than vector observation size (7). The observations will be padded.
UnloadTime: 0.740300 ms
Unloading 1 unused Assets to reduce memory usage. Loaded Objects now: 2872.
Total: 0.921400 ms (FindLiveObjects: 0.085200 ms CreateObjectMapping: 0.038900 ms MarkObjects: 0.789200 ms  DeleteObjects: 0.007900 ms)

[LoadMap] Using main map source: D:\Unity\ML-agent\Map\Decode.txt
[LoadFinishMap] Using finish map source: D:\Unity\ML-agent\Map\finishmap.txt
[LoadFinishMap] Finish size = 15 x 15, new rightX = 215
[LoadMap] Done. Main size = 200 x 15, rightX = 215
Fewer observations (0) made than vector observation size (7). The observations will be padded.
生成了一個物件
Fewer observations (0) made than vector observation size (7). The observations will be padded.
Fewer observations (0) made than vector observation size (7). The observations will be padded.
FrontWall hit: ground 1(Clone) normalX=1
FrontWall hit: ground 1(Clone) normalX=1
Fewer observations (0) made than vector observation size (7). The observations will be padded.
Fewer observations (0) made than vector observation size (7). The observations will be padded.
Fewer observations (0) made than vector observation size (7). The observations will be padded.
Fewer observations (0) made than vector observation size (7). The observations will be padded.
Fewer observations (0) made than vector observation size (7). The observations will be padded.
Fewer observations (0) made than vector observation size (7). The observations will be padded.
Fewer observations (0) made than vector observation size (7). The observations will be padded.
Fewer observations (0) made than vector observation size (7). The observations will be padded.
Fewer observations (0) made than vector observation size (7). The observations will be padded.
Fewer observations (0) made than vector observation size (7). The observations will be padded.
Fewer observations (0) made than vector observation size (7). The observations will be padded.
Fewer observations (0) made than vector observation size (7). The observations will be padded.
Fewer observations (0) made than vector observation size (7). The observations will be padded.
Fewer observations (0) made than vector observation size (7). The observations will be padded.
生成了一個物件
Fewer observations (0) made than vector observation size (7). The observations will be padded.
Fewer observations (0) made than vector observation size (7). The observations will be padded.
Fewer observations (0) made than vector observation size (7). The observations will be padded.
Fewer observations (0) made than vector observation size (7). The observations will be padded.
生成了一個物件
Fewer observations (0) made than vector observation size (7). The observations will be padded.
生成了一個物件
Fewer observations (0) made than vector observation size (7). The observations will be padded.
生成了一個物件
Fewer observations (0) made than vector observation size (7). The observations will be padded.
Fewer observations (0) made than vector observation size (7). The observations will be padded.
Fewer observations (0) made than vector observation size (7). The observations will be padded.
Fewer observations (0) made than vector observation size (7). The observations will be padded.
Fewer observations (0) made than vector observation size (7). The observations will be padded.
Fewer observations (0) made than vector observation size (7). The observations will be padded.
Fewer observations (0) made than vector observation size (7). The observations will be padded.
Fewer observations (0) made than vector observation size (7). The observations will be padded.
Fewer observations (0) made than vector observation size (7). The observations will be padded.
Fewer observations (0) made than vector observation size (7). The observations will be padded.
Fewer observations (0) made than vector observation size (7). The observations will be padded.
生成了一個物件
Fewer observations (0) made than vector observation size (7). The observations will be padded.
Fewer observations (0) made than vector observation size (7). The observations will be padded.
Fewer observations (0) made than vector observation size (7). The observations will be padded.
Fewer observations (0) made than vector observation size (7). The observations will be padded.
生成了一個物件
Fewer observations (0) made than vector observation size (7). The observations will be padded.
生成了一個物件
Fewer observations (0) made than vector observation size (7). The observations will be padded.
生成了一個物件
Fewer observations (0) made than vector observation size (7). The observations will be padded.
Fewer observations (0) made than vector observation size (7). The observations will be padded.
Fewer observations (0) made than vector observation size (7). The observations will be padded.
Fewer observations (0) made than vector observation size (7). The observations will be padded.
Fewer observations (0) made than vector observation size (7). The observations will be padded.
Fewer observations (0) made than vector observation size (7). The observations will be padded.
Fewer observations (0) made than vector observation size (7). The observations will be padded.
Fewer observations (0) made than vector observation size (7). The observations will be padded.
Fewer observations (0) made than vector observation size (7). The observations will be padded.
Fewer observations (0) made than vector observation size (7). The observations will be padded.
Fewer observations (0) made than vector observation size (7). The observations will be padded.
生成了一個物件
Fewer observations (0) made than vector observation size (7). The observations will be padded.
Fewer observations (0) made than vector observation size (7). The observations will be padded.
Fewer observations (0) made than vector observation size (7). The observations will be padded.
生成了一個物件
Fewer observations (0) made than vector observation size (7). The observations will be padded.
FrontWall hit: ground 1(Clone) normalX=1
FrontWall hit: ground 1(Clone) normalX=1
生成了一個物件
Fewer observations (0) made than vector observation size (7). The observations will be padded.
Fewer observations (0) made than vector observation size (7). The observations will be padded.
FrontWall hit: ground 1(Clone) normalX=1
生成了一個物件
FrontWall hit: ground 1(Clone) normalX=1
FrontWall hit: ground 1(Clone) normalX=1
Fewer observations (0) made than vector observation size (7). The observations will be padded.
Fewer observations (0) made than vector observation size (7). The observations will be padded.
Player died!
Fewer observations (0) made than vector observation size (7). The observations will be padded.
Fewer observations (0) made than vector observation size (7). The observations will be padded.
FrontWall hit: ground 1(Clone) normalX=1
Unloading 3 Unused Serialized files (Serialized files now loaded: 0)
Fewer observations (0) made than vector observation size (7). The observations will be padded.
UnloadTime: 5.380700 ms
Unloading 1 unused Assets to reduce memory usage. Loaded Objects now: 2872.
Total: 1.178900 ms (FindLiveObjects: 0.100000 ms CreateObjectMapping: 0.040800 ms MarkObjects: 1.029700 ms  DeleteObjects: 0.008200 ms)

[LoadMap] Using main map source: D:\Unity\ML-agent\Map\Decode.txt
[LoadFinishMap] Using finish map source: D:\Unity\ML-agent\Map\finishmap.txt
[LoadFinishMap] Finish size = 15 x 15, new rightX = 215
[LoadMap] Done. Main size = 200 x 15, rightX = 215
Fewer observations (0) made than vector observation size (7). The observations will be padded.
生成了一個物件
Fewer observations (0) made than vector observation size (7). The observations will be padded.
Fewer observations (0) made than vector observation size (7). The observations will be padded.
Fewer observations (0) made than vector observation size (7). The observations will be padded.
Fewer observations (0) made than vector observation size (7). The observations will be padded.
Fewer observations (0) made than vector observation size (7). The observations will be padded.
生成了一個物件
Fewer observations (0) made than vector observation size (7). The observations will be padded.
Fewer observations (0) made than vector observation size (7). The observations will be padded.
生成了一個物件
Fewer observations (0) made than vector observation size (7). The observations will be padded.
Fewer observations (0) made than vector observation size (7). The observations will be padded.
生成了一個物件
Fewer observations (0) made than vector observation size (7). The observations will be padded.
Fewer observations (0) made than vector observation size (7). The observations will be padded.
Fewer observations (0) made than vector observation size (7). The observations will be padded.
Fewer observations (0) made than vector observation size (7). The observations will be padded.
Fewer observations (0) made than vector observation size (7). The observations will be padded.
Fewer observations (0) made than vector observation size (7). The observations will be padded.
Fewer observations (0) made than vector observation size (7). The observations will be padded.
Fewer observations (0) made than vector observation size (7). The observations will be padded.
生成了一個物件
Fewer observations (0) made than vector observation size (7). The observations will be padded.
Fewer observations (0) made than vector observation size (7). The observations will be padded.
Fewer observations (0) made than vector observation size (7). The observations will be padded.
Fewer observations (0) made than vector observation size (7). The observations will be padded.
Fewer observations (0) made than vector observation size (7). The observations will be padded.
生成了一個物件
Fewer observations (0) made than vector observation size (7). The observations will be padded.
Fewer observations (0) made than vector observation size (7). The observations will be padded.
生成了一個物件
Fewer observations (0) made than vector observation size (7). The observations will be padded.
生成了一個物件
Fewer observations (0) made than vector observation size (7). The observations will be padded.
Fewer observations (0) made than vector observation size (7). The observations will be padded.
Fewer observations (0) made than vector observation size (7). The observations will be padded.
Fewer observations (0) made than vector observation size (7). The observations will be padded.
Fewer observations (0) made than vector observation size (7). The observations will be padded.
Fewer observations (0) made than vector observation size (7). The observations will be padded.
Fewer observations (0) made than vector observation size (7). The observations will be padded.
Fewer observations (0) made than vector observation size (7). The observations will be padded.
Fewer observations (0) made than vector observation size (7). The observations will be padded.
生成了一個物件
Fewer observations (0) made than vector observation size (7). The observations will be padded.
Fewer observations (0) made than vector observation size (7). The observations will be padded.
Fewer observations (0) made than vector observation size (7). The observations will be padded.
Player died!
Fewer observations (0) made than vector observation size (7). The observations will be padded.
Fewer observations (0) made than vector observation size (7). The observations will be padded.
Unloading 3 Unused Serialized files (Serialized files now loaded: 0)
Fewer observations (0) made than vector observation size (7). The observations will be padded.
UnloadTime: 3.262500 ms
Unloading 1 unused Assets to reduce memory usage. Loaded Objects now: 2872.
Total: 0.917400 ms (FindLiveObjects: 0.090300 ms CreateObjectMapping: 0.033400 ms MarkObjects: 0.786100 ms  DeleteObjects: 0.007600 ms)

[LoadMap] Using main map source: D:\Unity\ML-agent\Map\Decode.txt
[LoadFinishMap] Using finish map source: D:\Unity\ML-agent\Map\finishmap.txt
[LoadFinishMap] Finish size = 15 x 15, new rightX = 215
[LoadMap] Done. Main size = 200 x 15, rightX = 215
生成了一個物件
Fewer observations (0) made than vector observation size (7). The observations will be padded.
Fewer observations (0) made than vector observation size (7). The observations will be padded.
Fewer observations (0) made than vector observation size (7). The observations will be padded.
Fewer observations (0) made than vector observation size (7). The observations will be padded.
Fewer observations (0) made than vector observation size (7). The observations will be padded.
Fewer observations (0) made than vector observation size (7). The observations will be padded.
生成了一個物件
Fewer observations (0) made than vector observation size (7). The observations will be padded.
Fewer observations (0) made than vector observation size (7). The observations will be padded.
生成了一個物件
Fewer observations (0) made than vector observation size (7). The observations will be padded.
Fewer observations (0) made than vector observation size (7). The observations will be padded.
生成了一個物件
Fewer observations (0) made than vector observation size (7). The observations will be padded.
Fewer observations (0) made than vector observation size (7). The observations will be padded.
Fewer observations (0) made than vector observation size (7). The observations will be padded.
Fewer observations (0) made than vector observation size (7). The observations will be padded.
Fewer observations (0) made than vector observation size (7). The observations will be padded.
Fewer observations (0) made than vector observation size (7). The observations will be padded.
Fewer observations (0) made than vector observation size (7). The observations will be padded.
生成了一個物件
Fewer observations (0) made than vector observation size (7). The observations will be padded.
Fewer observations (0) made than vector observation size (7). The observations will be padded.
Fewer observations (0) made than vector observation size (7). The observations will be padded.
FrontWall hit: ground 1(Clone) normalX=1
FrontWall hit: ground 1(Clone) normalX=1
FrontWall hit: ground 1(Clone) normalX=1
Fewer observations (0) made than vector observation size (7). The observations will be padded.
Fewer observations (0) made than vector observation size (7). The observations will be padded.
Fewer observations (0) made than vector observation size (7). The observations will be padded.
生成了一個物件
Fewer observations (0) made than vector observation size (7). The observations will be padded.
Fewer observations (0) made than vector observation size (7). The observations will be padded.
生成了一個物件
Fewer observations (0) made than vector observation size (7). The observations will be padded.
生成了一個物件
Fewer observations (0) made than vector observation size (7). The observations will be padded.
Fewer observations (0) made than vector observation size (7). The observations will be padded.
Fewer observations (0) made than vector observation size (7). The observations will be padded.
Fewer observations (0) made than vector observation size (7). The observations will be padded.
Fewer observations (0) made than vector observation size (7). The observations will be padded.
Fewer observations (0) made than vector observation size (7). The observations will be padded.
Fewer observations (0) made than vector observation size (7). The observations will be padded.
生成了一個物件
Fewer observations (0) made than vector observation size (7). The observations will be padded.
Fewer observations (0) made than vector observation size (7). The observations will be padded.
Fewer observations (0) made than vector observation size (7). The observations will be padded.
FrontWall hit: ground 1(Clone) normalX=1
FrontWall hit: ground 1(Clone) normalX=1
Fewer observations (0) made than vector observation size (7). The observations will be padded.
Fewer observations (0) made than vector observation size (7). The observations will be padded.
Fewer observations (0) made than vector observation size (7). The observations will be padded.
生成了一個物件
Fewer observations (0) made than vector observation size (7). The observations will be padded.
Fewer observations (0) made than vector observation size (7). The observations will be padded.
生成了一個物件
Fewer observations (0) made than vector observation size (7). The observations will be padded.
Fewer observations (0) made than vector observation size (7). The observations will be padded.
生成了一個物件
Fewer observations (0) made than vector observation size (7). The observations will be padded.
Fewer observations (0) made than vector observation size (7). The observations will be padded.
FrontWall hit: ground 1(Clone) normalX=1
FrontWall hit: ground 1(Clone) normalX=1
FrontWall hit: ground 1(Clone) normalX=1
Fewer observations (0) made than vector observation size (7). The observations will be padded.
Fewer observations (0) made than vector observation size (7). The observations will be padded.
Player died!
Fewer observations (0) made than vector observation size (7). The observations will be padded.
FrontWall hit: ground 1(Clone) normalX=-1
Unloading 3 Unused Serialized files (Serialized files now loaded: 0)
UnloadTime: 3.177700 ms
Unloading 1 unused Assets to reduce memory usage. Loaded Objects now: 2872.
Total: 1.284000 ms (FindLiveObjects: 0.085400 ms CreateObjectMapping: 0.038200 ms MarkObjects: 1.131700 ms  DeleteObjects: 0.028600 ms)

[LoadMap] Using main map source: D:\Unity\ML-agent\Map\Decode.txt
[LoadFinishMap] Using finish map source: D:\Unity\ML-agent\Map\finishmap.txt
[LoadFinishMap] Finish size = 15 x 15, new rightX = 215
[LoadMap] Done. Main size = 200 x 15, rightX = 215
Fewer observations (0) made than vector observation size (7). The observations will be padded.
Fewer observations (0) made than vector observation size (7). The observations will be padded.
生成了一個物件
Fewer observations (0) made than vector observation size (7). The observations will be padded.
Fewer observations (0) made than vector observation size (7). The observations will be padded.
Fewer observations (0) made than vector observation size (7). The observations will be padded.
Fewer observations (0) made than vector observation size (7). The observations will be padded.
生成了一個物件
Fewer observations (0) made than vector observation size (7). The observations will be padded.
Fewer observations (0) made than vector observation size (7). The observations will be padded.
Fewer observations (0) made than vector observation size (7). The observations will be padded.
生成了一個物件
Fewer observations (0) made than vector observation size (7). The observations will be padded.
生成了一個物件
Fewer observations (0) made than vector observation size (7). The observations will be padded.
Fewer observations (0) made than vector observation size (7). The observations will be padded.
Fewer observations (0) made than vector observation size (7). The observations will be padded.
Fewer observations (0) made than vector observation size (7). The observations will be padded.
Fewer observations (0) made than vector observation size (7). The observations will be padded.
Fewer observations (0) made than vector observation size (7). The observations will be padded.
Fewer observations (0) made than vector observation size (7). The observations will be padded.
Fewer observations (0) made than vector observation size (7). The observations will be padded.
Fewer observations (0) made than vector observation size (7). The observations will be padded.
生成了一個物件
Fewer observations (0) made than vector observation size (7). The observations will be padded.
Fewer observations (0) made than vector observation size (7). The observations will be padded.
Fewer observations (0) made than vector observation size (7). The observations will be padded.
Fewer observations (0) made than vector observation size (7). The observations will be padded.
生成了一個物件
FrontWall hit: ground 1(Clone) normalX=1
FrontWall hit: ground 1(Clone) normalX=1
Fewer observations (0) made than vector observation size (7). The observations will be padded.
Fewer observations (0) made than vector observation size (7). The observations will be padded.
生成了一個物件
Fewer observations (0) made than vector observation size (7). The observations will be padded.
Fewer observations (0) made than vector observation size (7). The observations will be padded.
生成了一個物件
Fewer observations (0) made than vector observation size (7). The observations will be padded.
Fewer observations (0) made than vector observation size (7). The observations will be padded.
Fewer observations (0) made than vector observation size (7). The observations will be padded.
Fewer observations (0) made than vector observation size (7). The observations will be padded.
Fewer observations (0) made than vector observation size (7). The observations will be padded.
Fewer observations (0) made than vector observation size (7). The observations will be padded.
Fewer observations (0) made than vector observation size (7). The observations will be padded.
Fewer observations (0) made than vector observation size (7). The observations will be padded.
生成了一個物件
Fewer observations (0) made than vector observation size (7). The observations will be padded.
Fewer observations (0) made than vector observation size (7). The observations will be padded.
Fewer observations (0) made than vector observation size (7). The observations will be padded.
Fewer observations (0) made than vector observation size (7). The observations will be padded.
生成了一個物件
Fewer observations (0) made than vector observation size (7). The observations will be padded.
Fewer observations (0) made than vector observation size (7). The observations will be padded.
Fewer observations (0) made than vector observation size (7). The observations will be padded.
生成了一個物件
Fewer observations (0) made than vector observation size (7). The observations will be padded.
Fewer observations (0) made than vector observation size (7). The observations will be padded.
生成了一個物件
Fewer observations (0) made than vector observation size (7). The observations will be padded.
Fewer observations (0) made than vector observation size (7). The observations will be padded.
Fewer observations (0) made than vector observation size (7). The observations will be padded.
Fewer observations (0) made than vector observation size (7). The observations will be padded.
Fewer observations (0) made than vector observation size (7). The observations will be padded.
Fewer observations (0) made than vector observation size (7). The observations will be padded.
Fewer observations (0) made than vector observation size (7). The observations will be padded.
Fewer observations (0) made than vector observation size (7). The observations will be padded.
生成了一個物件
Fewer observations (0) made than vector observation size (7). The observations will be padded.
Fewer observations (0) made than vector observation size (7). The observations will be padded.
Fewer observations (0) made than vector observation size (7). The observations will be padded.
Fewer observations (0) made than vector observation size (7). The observations will be padded.
生成了一個物件
Fewer observations (0) made than vector observation size (7). The observations will be padded.
Fewer observations (0) made than vector observation size (7). The observations will be padded.
Fewer observations (0) made than vector observation size (7). The observations will be padded.
生成了一個物件
Fewer observations (0) made than vector observation size (7). The observations will be padded.
生成了一個物件
Fewer observations (0) made than vector observation size (7). The observations will be padded.
Player died!
Fewer observations (0) made than vector observation size (7). The observations will be padded.
Player died!
Unloading 3 Unused Serialized files (Serialized files now loaded: 0)
UnloadTime: 3.583900 ms
Unloading 1 unused Assets to reduce memory usage. Loaded Objects now: 2872.
Total: 1.302900 ms (FindLiveObjects: 0.091900 ms CreateObjectMapping: 0.032500 ms MarkObjects: 1.169900 ms  DeleteObjects: 0.008200 ms)

Unloading 3 Unused Serialized files (Serialized files now loaded: 0)
Fewer observations (0) made than vector observation size (7). The observations will be padded.
UnloadTime: 0.549800 ms
Unloading 1 unused Assets to reduce memory usage. Loaded Objects now: 2872.
Total: 1.018600 ms (FindLiveObjects: 0.112400 ms CreateObjectMapping: 0.056400 ms MarkObjects: 0.842000 ms  DeleteObjects: 0.007600 ms)

[LoadMap] Using main map source: D:\Unity\ML-agent\Map\Decode.txt
[LoadFinishMap] Using finish map source: D:\Unity\ML-agent\Map\finishmap.txt
[LoadFinishMap] Finish size = 15 x 15, new rightX = 215
[LoadMap] Done. Main size = 200 x 15, rightX = 215
生成了一個物件
Fewer observations (0) made than vector observation size (7). The observations will be padded.
FrontWall hit: ground 1(Clone) normalX=1
FrontWall hit: ground 1(Clone) normalX=1
FrontWall hit: ground 1(Clone) normalX=1
Fewer observations (0) made than vector observation size (7). The observations will be padded.
Fewer observations (0) made than vector observation size (7). The observations will be padded.
Fewer observations (0) made than vector observation size (7). The observations will be padded.
Fewer observations (0) made than vector observation size (7). The observations will be padded.
Fewer observations (0) made than vector observation size (7). The observations will be padded.
Fewer observations (0) made than vector observation size (7). The observations will be padded.
Fewer observations (0) made than vector observation size (7). The observations will be padded.
Fewer observations (0) made than vector observation size (7). The observations will be padded.
Fewer observations (0) made than vector observation size (7). The observations will be padded.
Fewer observations (0) made than vector observation size (7). The observations will be padded.
Fewer observations (0) made than vector observation size (7). The observations will be padded.
Fewer observations (0) made than vector observation size (7). The observations will be padded.
Fewer observations (0) made than vector observation size (7). The observations will be padded.
Fewer observations (0) made than vector observation size (7). The observations will be padded.
Fewer observations (0) made than vector observation size (7). The observations will be padded.
生成了一個物件
Fewer observations (0) made than vector observation size (7). The observations will be padded.
生成了一個物件
生成了一個物件
Fewer observations (0) made than vector observation size (7). The observations will be padded.
生成了一個物件
Fewer observations (0) made than vector observation size (7). The observations will be padded.
Fewer observations (0) made than vector observation size (7). The observations will be padded.
Fewer observations (0) made than vector observation size (7). The observations will be padded.
Fewer observations (0) made than vector observation size (7). The observations will be padded.
Fewer observations (0) made than vector observation size (7). The observations will be padded.
Fewer observations (0) made than vector observation size (7). The observations will be padded.
Fewer observations (0) made than vector observation size (7). The observations will be padded.
Fewer observations (0) made than vector observation size (7). The observations will be padded.
Fewer observations (0) made than vector observation size (7). The observations will be padded.
Fewer observations (0) made than vector observation size (7). The observations will be padded.
Fewer observations (0) made than vector observation size (7). The observations will be padded.
Fewer observations (0) made than vector observation size (7). The observations will be padded.
Player died!
Fewer observations (0) made than vector observation size (7). The observations will be padded.
Player died!
Unloading 3 Unused Serialized files (Serialized files now loaded: 0)
UnloadTime: 3.125800 ms
Unloading 1 unused Assets to reduce memory usage. Loaded Objects now: 2872.
Total: 0.944800 ms (FindLiveObjects: 0.084500 ms CreateObjectMapping: 0.038300 ms MarkObjects: 0.815100 ms  DeleteObjects: 0.006700 ms)

Unloading 3 Unused Serialized files (Serialized files now loaded: 0)
Fewer observations (0) made than vector observation size (7). The observations will be padded.
UnloadTime: 0.493300 ms
Unloading 1 unused Assets to reduce memory usage. Loaded Objects now: 2872.
Total: 0.784200 ms (FindLiveObjects: 0.076900 ms CreateObjectMapping: 0.035600 ms MarkObjects: 0.664400 ms  DeleteObjects: 0.006900 ms)

[LoadMap] Using main map source: D:\Unity\ML-agent\Map\Decode.txt
[LoadFinishMap] Using finish map source: D:\Unity\ML-agent\Map\finishmap.txt
[LoadFinishMap] Finish size = 15 x 15, new rightX = 215
[LoadMap] Done. Main size = 200 x 15, rightX = 215
Fewer observations (0) made than vector observation size (7). The observations will be padded.
FrontWall hit: ground 1(Clone) normalX=1
FrontWall hit: ground 1(Clone) normalX=1
FrontWall hit: ground 1(Clone) normalX=1
Fewer observations (0) made than vector observation size (7). The observations will be padded.
FrontWall hit: ground 1(Clone) normalX=1
FrontWall hit: ground 1(Clone) normalX=1
FrontWall hit: ground 1(Clone) normalX=1
Fewer observations (0) made than vector observation size (7). The observations will be padded.
生成了一個物件
Fewer observations (0) made than vector observation size (7). The observations will be padded.
Fewer observations (0) made than vector observation size (7). The observations will be padded.
Fewer observations (0) made than vector observation size (7). The observations will be padded.
Fewer observations (0) made than vector observation size (7). The observations will be padded.
Fewer observations (0) made than vector observation size (7). The observations will be padded.
生成了一個物件
Fewer observations (0) made than vector observation size (7). The observations will be padded.
Fewer observations (0) made than vector observation size (7). The observations will be padded.
生成了一個物件
Fewer observations (0) made than vector observation size (7). The observations will be padded.
Fewer observations (0) made than vector observation size (7). The observations will be padded.
生成了一個物件
Fewer observations (0) made than vector observation size (7). The observations will be padded.
Fewer observations (0) made than vector observation size (7). The observations will be padded.
Fewer observations (0) made than vector observation size (7). The observations will be padded.
Fewer observations (0) made than vector observation size (7). The observations will be padded.
Fewer observations (0) made than vector observation size (7). The observations will be padded.
Fewer observations (0) made than vector observation size (7). The observations will be padded.
Fewer observations (0) made than vector observation size (7). The observations will be padded.
Fewer observations (0) made than vector observation size (7). The observations will be padded.
生成了一個物件
Fewer observations (0) made than vector observation size (7). The observations will be padded.
Fewer observations (0) made than vector observation size (7). The observations will be padded.
Fewer observations (0) made than vector observation size (7). The observations will be padded.
Fewer observations (0) made than vector observation size (7). The observations will be padded.
Fewer observations (0) made than vector observation size (7). The observations will be padded.
生成了一個物件
Fewer observations (0) made than vector observation size (7). The observations will be padded.
Fewer observations (0) made than vector observation size (7). The observations will be padded.
生成了一個物件
Fewer observations (0) made than vector observation size (7). The observations will be padded.
生成了一個物件
Fewer observations (0) made than vector observation size (7). The observations will be padded.
Fewer observations (0) made than vector observation size (7). The observations will be padded.
Fewer observations (0) made than vector observation size (7). The observations will be padded.
FrontWall hit: ground 1(Clone) normalX=1
FrontWall hit: ground 1(Clone) normalX=1
FrontWall hit: ground 1(Clone) normalX=1
Fewer observations (0) made than vector observation size (7). The observations will be padded.
Fewer observations (0) made than vector observation size (7). The observations will be padded.
Fewer observations (0) made than vector observation size (7). The observations will be padded.
FrontWall hit: ground 1(Clone) normalX=1
FrontWall hit: ground 1(Clone) normalX=1
FrontWall hit: ground 1(Clone) normalX=1
Fewer observations (0) made than vector observation size (7). The observations will be padded.
Fewer observations (0) made than vector observation size (7). The observations will be padded.
Fewer observations (0) made than vector observation size (7). The observations will be padded.
生成了一個物件
Fewer observations (0) made than vector observation size (7). The observations will be padded.
Fewer observations (0) made than vector observation size (7). The observations will be padded.
Fewer observations (0) made than vector observation size (7). The observations will be padded.
Fewer observations (0) made than vector observation size (7). The observations will be padded.
生成了一個物件
Fewer observations (0) made than vector observation size (7). The observations will be padded.
Fewer observations (0) made than vector observation size (7). The observations will be padded.
生成了一個物件
Fewer observations (0) made than vector observation size (7). The observations will be padded.
Fewer observations (0) made than vector observation size (7). The observations will be padded.
FrontWall hit: ground 1(Clone) normalX=1
FrontWall hit: ground 1(Clone) normalX=1
生成了一個物件
FrontWall hit: ground 1(Clone) normalX=1
Fewer observations (0) made than vector observation size (7). The observations will be padded.
Fewer observations (0) made than vector observation size (7). The observations will be padded.
Fewer observations (0) made than vector observation size (7). The observations will be padded.
Player died!
Fewer observations (0) made than vector observation size (7). The observations will be padded.
Unloading 3 Unused Serialized files (Serialized files now loaded: 0)
UnloadTime: 3.308200 ms
Unloading 1 unused Assets to reduce memory usage. Loaded Objects now: 2872.
Total: 0.893200 ms (FindLiveObjects: 0.086100 ms CreateObjectMapping: 0.043400 ms MarkObjects: 0.756500 ms  DeleteObjects: 0.006900 ms)

[LoadMap] Using main map source: D:\Unity\ML-agent\Map\Decode.txt
[LoadFinishMap] Using finish map source: D:\Unity\ML-agent\Map\finishmap.txt
[LoadFinishMap] Finish size = 15 x 15, new rightX = 215
[LoadMap] Done. Main size = 200 x 15, rightX = 215
Fewer observations (0) made than vector observation size (7). The observations will be padded.
Fewer observations (0) made than vector observation size (7). The observations will be padded.
生成了一個物件
Fewer observations (0) made than vector observation size (7). The observations will be padded.
FrontWall hit: ground 1(Clone) normalX=1
FrontWall hit: ground 1(Clone) normalX=1
FrontWall hit: ground 1(Clone) normalX=1
Fewer observations (0) made than vector observation size (7). The observations will be padded.
FrontWall hit: ground 1(Clone) normalX=1
FrontWall hit: ground 1(Clone) normalX=1
FrontWall hit: ground 1(Clone) normalX=1
Fewer observations (0) made than vector observation size (7). The observations will be padded.
FrontWall hit: ground 1(Clone) normalX=1
FrontWall hit: ground 1(Clone) normalX=1
FrontWall hit: ground 1(Clone) normalX=1
Fewer observations (0) made than vector observation size (7). The observations will be padded.
FrontWall hit: ground 1(Clone) normalX=1
FrontWall hit: ground 1(Clone) normalX=1
FrontWall hit: ground 1(Clone) normalX=1
Fewer observations (0) made than vector observation size (7). The observations will be padded.
FrontWall hit: ground 1(Clone) normalX=1
FrontWall hit: ground 1(Clone) normalX=1
FrontWall hit: ground 1(Clone) normalX=1
Fewer observations (0) made than vector observation size (7). The observations will be padded.
Fewer observations (0) made than vector observation size (7). The observations will be padded.
Fewer observations (0) made than vector observation size (7). The observations will be padded.
Fewer observations (0) made than vector observation size (7). The observations will be padded.
Fewer observations (0) made than vector observation size (7). The observations will be padded.
Fewer observations (0) made than vector observation size (7). The observations will be padded.
生成了一個物件
Fewer observations (0) made than vector observation size (7). The observations will be padded.
Fewer observations (0) made than vector observation size (7). The observations will be padded.
生成了一個物件
Fewer observations (0) made than vector observation size (7). The observations will be padded.
Fewer observations (0) made than vector observation size (7). The observations will be padded.
生成了一個物件
Fewer observations (0) made than vector observation size (7). The observations will be padded.
Fewer observations (0) made than vector observation size (7). The observations will be padded.
FrontWall hit: ground 1(Clone) normalX=1
生成了一個物件
FrontWall hit: ground 1(Clone) normalX=1
FrontWall hit: ground 1(Clone) normalX=1
Fewer observations (0) made than vector observation size (7). The observations will be padded.
Fewer observations (0) made than vector observation size (7). The observations will be padded.
FrontWall hit: ground 1(Clone) normalX=1
FrontWall hit: ground 1(Clone) normalX=1
FrontWall hit: ground 1(Clone) normalX=1
Fewer observations (0) made than vector observation size (7). The observations will be padded.
FrontWall hit: ground 1(Clone) normalX=1
FrontWall hit: ground 1(Clone) normalX=1
FrontWall hit: ground 1(Clone) normalX=1
Fewer observations (0) made than vector observation size (7). The observations will be padded.
Fewer observations (0) made than vector observation size (7). The observations will be padded.
Fewer observations (0) made than vector observation size (7). The observations will be padded.
Fewer observations (0) made than vector observation size (7). The observations will be padded.
Fewer observations (0) made than vector observation size (7). The observations will be padded.
Fewer observations (0) made than vector observation size (7). The observations will be padded.
Fewer observations (0) made than vector observation size (7). The observations will be padded.
生成了一個物件
Fewer observations (0) made than vector observation size (7). The observations will be padded.
Fewer observations (0) made than vector observation size (7). The observations will be padded.
Fewer observations (0) made than vector observation size (7). The observations will be padded.
生成了一個物件
Fewer observations (0) made than vector observation size (7). The observations will be padded.
生成了一個物件
Fewer observations (0) made than vector observation size (7). The observations will be padded.
Fewer observations (0) made than vector observation size (7). The observations will be padded.
生成了一個物件
Fewer observations (0) made than vector observation size (7). The observations will be padded.
Fewer observations (0) made than vector observation size (7). The observations will be padded.
Player died!
Fewer observations (0) made than vector observation size (7). The observations will be padded.
Unloading 3 Unused Serialized files (Serialized files now loaded: 0)
UnloadTime: 4.036800 ms
Unloading 1 unused Assets to reduce memory usage. Loaded Objects now: 2872.
Total: 1.140600 ms (FindLiveObjects: 0.092900 ms CreateObjectMapping: 0.031300 ms MarkObjects: 1.006200 ms  DeleteObjects: 0.010000 ms)

[LoadMap] Using main map source: D:\Unity\ML-agent\Map\Decode.txt
[LoadFinishMap] Using finish map source: D:\Unity\ML-agent\Map\finishmap.txt
[LoadFinishMap] Finish size = 15 x 15, new rightX = 215
[LoadMap] Done. Main size = 200 x 15, rightX = 215
生成了一個物件
Fewer observations (0) made than vector observation size (7). The observations will be padded.
FrontWall hit: ground 1(Clone) normalX=1
FrontWall hit: ground 1(Clone) normalX=1
FrontWall hit: ground 1(Clone) normalX=1
Fewer observations (0) made than vector observation size (7). The observations will be padded.
FrontWall hit: ground 1(Clone) normalX=1
FrontWall hit: ground 1(Clone) normalX=1
FrontWall hit: ground 1(Clone) normalX=1
Fewer observations (0) made than vector observation size (7). The observations will be padded.
FrontWall hit: ground 1(Clone) normalX=1
FrontWall hit: ground 1(Clone) normalX=1
FrontWall hit: ground 1(Clone) normalX=1
Fewer observations (0) made than vector observation size (7). The observations will be padded.
Fewer observations (0) made than vector observation size (7). The observations will be padded.
Fewer observations (0) made than vector observation size (7). The observations will be padded.
Fewer observations (0) made than vector observation size (7). The observations will be padded.
Fewer observations (0) made than vector observation size (7). The observations will be padded.
Fewer observations (0) made than vector observation size (7). The observations will be padded.
Fewer observations (0) made than vector observation size (7). The observations will be padded.
Fewer observations (0) made than vector observation size (7). The observations will be padded.
生成了一個物件
Fewer observations (0) made than vector observation size (7). The observations will be padded.
生成了一個物件
Fewer observations (0) made than vector observation size (7). The observations will be padded.
Fewer observations (0) made than vector observation size (7). The observations will be padded.
生成了一個物件
Fewer observations (0) made than vector observation size (7). The observations will be padded.
Fewer observations (0) made than vector observation size (7). The observations will be padded.
Fewer observations (0) made than vector observation size (7). The observations will be padded.
生成了一個物件
Fewer observations (0) made than vector observation size (7). The observations will be padded.
Fewer observations (0) made than vector observation size (7). The observations will be padded.
Fewer observations (0) made than vector observation size (7). The observations will be padded.
Fewer observations (0) made than vector observation size (7). The observations will be padded.
FrontWall hit: ground 1(Clone) normalX=1
FrontWall hit: ground 1(Clone) normalX=1
FrontWall hit: ground 1(Clone) normalX=1
Fewer observations (0) made than vector observation size (7). The observations will be padded.
Fewer observations (0) made than vector observation size (7). The observations will be padded.
Fewer observations (0) made than vector observation size (7). The observations will be padded.
Fewer observations (0) made than vector observation size (7). The observations will be padded.
Fewer observations (0) made than vector observation size (7). The observations will be padded.
Fewer observations (0) made than vector observation size (7). The observations will be padded.
生成了一個物件
Fewer observations (0) made than vector observation size (7). The observations will be padded.
Fewer observations (0) made than vector observation size (7). The observations will be padded.
FrontWall hit: ground 1(Clone) normalX=1
FrontWall hit: ground 1(Clone) normalX=1
生成了一個物件
FrontWall hit: ground 1(Clone) normalX=1
Fewer observations (0) made than vector observation size (7). The observations will be padded.
Fewer observations (0) made than vector observation size (7). The observations will be padded.
FrontWall hit: ground 1(Clone) normalX=1
生成了一個物件
FrontWall hit: ground 1(Clone) normalX=1
FrontWall hit: ground 1(Clone) normalX=1
Fewer observations (0) made than vector observation size (7). The observations will be padded.
FrontWall hit: ground 1(Clone) normalX=1
FrontWall hit: ground 1(Clone) normalX=1
FrontWall hit: ground 1(Clone) normalX=1
Fewer observations (0) made than vector observation size (7). The observations will be padded.
Fewer observations (0) made than vector observation size (7). The observations will be padded.
生成了一個物件
Fewer observations (0) made than vector observation size (7). The observations will be padded.
Fewer observations (0) made than vector observation size (7). The observations will be padded.
Fewer observations (0) made than vector observation size (7). The observations will be padded.
Player died!
Fewer observations (0) made than vector observation size (7). The observations will be padded.
Player died!
FrontWall hit: ground 1(Clone) normalX=-1
Unloading 3 Unused Serialized files (Serialized files now loaded: 0)
UnloadTime: 3.046400 ms
Unloading 1 unused Assets to reduce memory usage. Loaded Objects now: 2872.
Total: 0.884800 ms (FindLiveObjects: 0.082500 ms CreateObjectMapping: 0.038600 ms MarkObjects: 0.756700 ms  DeleteObjects: 0.006700 ms)

Unloading 3 Unused Serialized files (Serialized files now loaded: 0)
Fewer observations (0) made than vector observation size (7). The observations will be padded.
UnloadTime: 0.466900 ms
Unloading 1 unused Assets to reduce memory usage. Loaded Objects now: 2872.
Total: 0.841400 ms (FindLiveObjects: 0.075400 ms CreateObjectMapping: 0.035800 ms MarkObjects: 0.722800 ms  DeleteObjects: 0.007100 ms)

[LoadMap] Using main map source: D:\Unity\ML-agent\Map\Decode.txt
[LoadFinishMap] Using finish map source: D:\Unity\ML-agent\Map\finishmap.txt
[LoadFinishMap] Finish size = 15 x 15, new rightX = 215
[LoadMap] Done. Main size = 200 x 15, rightX = 215
Fewer observations (0) made than vector observation size (7). The observations will be padded.
Fewer observations (0) made than vector observation size (7). The observations will be padded.
生成了一個物件
Fewer observations (0) made than vector observation size (7). The observations will be padded.
FrontWall hit: ground 1(Clone) normalX=1
FrontWall hit: ground 1(Clone) normalX=1
Fewer observations (0) made than vector observation size (7). The observations will be padded.
FrontWall hit: ground 1(Clone) normalX=1
FrontWall hit: ground 1(Clone) normalX=1
FrontWall hit: ground 1(Clone) normalX=1
Fewer observations (0) made than vector observation size (7). The observations will be padded.
FrontWall hit: ground 1(Clone) normalX=1
FrontWall hit: ground 1(Clone) normalX=1
FrontWall hit: ground 1(Clone) normalX=1
Fewer observations (0) made than vector observation size (7). The observations will be padded.
FrontWall hit: ground 1(Clone) normalX=1
FrontWall hit: ground 1(Clone) normalX=1
FrontWall hit: ground 1(Clone) normalX=1
Fewer observations (0) made than vector observation size (7). The observations will be padded.
FrontWall hit: ground 1(Clone) normalX=1
FrontWall hit: ground 1(Clone) normalX=1
FrontWall hit: ground 1(Clone) normalX=1
Fewer observations (0) made than vector observation size (7). The observations will be padded.
FrontWall hit: ground 1(Clone) normalX=1
FrontWall hit: ground 1(Clone) normalX=1
FrontWall hit: ground 1(Clone) normalX=1
Fewer observations (0) made than vector observation size (7). The observations will be padded.
FrontWall hit: ground 1(Clone) normalX=1
FrontWall hit: ground 1(Clone) normalX=1
FrontWall hit: ground 1(Clone) normalX=1
Fewer observations (0) made than vector observation size (7). The observations will be padded.
FrontWall hit: ground 1(Clone) normalX=1
FrontWall hit: ground 1(Clone) normalX=1
FrontWall hit: ground 1(Clone) normalX=1
Fewer observations (0) made than vector observation size (7). The observations will be padded.
FrontWall hit: ground 1(Clone) normalX=1
FrontWall hit: ground 1(Clone) normalX=1
FrontWall hit: ground 1(Clone) normalX=1
Fewer observations (0) made than vector observation size (7). The observations will be padded.
Fewer observations (0) made than vector observation size (7). The observations will be padded.
Fewer observations (0) made than vector observation size (7). The observations will be padded.
Fewer observations (0) made than vector observation size (7). The observations will be padded.
Fewer observations (0) made than vector observation size (7). The observations will be padded.
生成了一個物件
Fewer observations (0) made than vector observation size (7). The observations will be padded.
FrontWall hit: ground 1(Clone) normalX=1
FrontWall hit: ground 1(Clone) normalX=1
FrontWall hit: ground 1(Clone) normalX=1
Fewer observations (0) made than vector observation size (7). The observations will be padded.
Fewer observations (0) made than vector observation size (7). The observations will be padded.
生成了一個物件
Fewer observations (0) made than vector observation size (7). The observations will be padded.
Fewer observations (0) made than vector observation size (7). The observations will be padded.
生成了一個物件
Fewer observations (0) made than vector observation size (7). The observations will be padded.
Fewer observations (0) made than vector observation size (7). The observations will be padded.
生成了一個物件
Fewer observations (0) made than vector observation size (7). The observations will be padded.
Fewer observations (0) made than vector observation size (7). The observations will be padded.
Fewer observations (0) made than vector observation size (7). The observations will be padded.
Fewer observations (0) made than vector observation size (7). The observations will be padded.
Fewer observations (0) made than vector observation size (7). The observations will be padded.
Fewer observations (0) made than vector observation size (7). The observations will be padded.
Fewer observations (0) made than vector observation size (7). The observations will be padded.
Fewer observations (0) made than vector observation size (7). The observations will be padded.
Fewer observations (0) made than vector observation size (7). The observations will be padded.
Fewer observations (0) made than vector observation size (7). The observations will be padded.
生成了一個物件
Fewer observations (0) made than vector observation size (7). The observations will be padded.
Fewer observations (0) made than vector observation size (7). The observations will be padded.
生成了一個物件
Fewer observations (0) made than vector observation size (7). The observations will be padded.
Fewer observations (0) made than vector observation size (7). The observations will be padded.
Fewer observations (0) made than vector observation size (7). The observations will be padded.
生成了一個物件
Fewer observations (0) made than vector observation size (7). The observations will be padded.
Player died!
Fewer observations (0) made than vector observation size (7). The observations will be padded.
Player died!
Fewer observations (0) made than vector observation size (7). The observations will be padded.
FrontWall hit: ground 1(Clone) normalX=-1
生成了一個物件
Unloading 3 Unused Serialized files (Serialized files now loaded: 0)
Fewer observations (0) made than vector observation size (7). The observations will be padded.
UnloadTime: 5.143800 ms
Unloading 1 unused Assets to reduce memory usage. Loaded Objects now: 2872.
Total: 0.898100 ms (FindLiveObjects: 0.087300 ms CreateObjectMapping: 0.038800 ms MarkObjects: 0.764300 ms  DeleteObjects: 0.007500 ms)

Unloading 3 Unused Serialized files (Serialized files now loaded: 0)
Fewer observations (0) made than vector observation size (7). The observations will be padded.
UnloadTime: 0.583300 ms
Unloading 1 unused Assets to reduce memory usage. Loaded Objects now: 2872.
Total: 0.909300 ms (FindLiveObjects: 0.110200 ms CreateObjectMapping: 0.064700 ms MarkObjects: 0.726700 ms  DeleteObjects: 0.007600 ms)

[LoadMap] Using main map source: D:\Unity\ML-agent\Map\Decode.txt
[LoadFinishMap] Using finish map source: D:\Unity\ML-agent\Map\finishmap.txt
[LoadFinishMap] Finish size = 15 x 15, new rightX = 215
[LoadMap] Done. Main size = 200 x 15, rightX = 215
生成了一個物件
Fewer observations (0) made than vector observation size (7). The observations will be padded.
FrontWall hit: ground 1(Clone) normalX=1
FrontWall hit: ground 1(Clone) normalX=1
FrontWall hit: ground 1(Clone) normalX=1
Fewer observations (0) made than vector observation size (7). The observations will be padded.
FrontWall hit: ground 1(Clone) normalX=1
FrontWall hit: ground 1(Clone) normalX=1
FrontWall hit: ground 1(Clone) normalX=1
Fewer observations (0) made than vector observation size (7). The observations will be padded.
Fewer observations (0) made than vector observation size (7). The observations will be padded.
Fewer observations (0) made than vector observation size (7). The observations will be padded.
Fewer observations (0) made than vector observation size (7). The observations will be padded.
Fewer observations (0) made than vector observation size (7). The observations will be padded.
FrontWall hit: ground 1(Clone) normalX=1
FrontWall hit: ground 1(Clone) normalX=1
FrontWall hit: ground 1(Clone) normalX=1
Fewer observations (0) made than vector observation size (7). The observations will be padded.
Fewer observations (0) made than vector observation size (7). The observations will be padded.
生成了一個物件
Fewer observations (0) made than vector observation size (7). The observations will be padded.
Fewer observations (0) made than vector observation size (7). The observations will be padded.
Fewer observations (0) made than vector observation size (7). The observations will be padded.
生成了一個物件
Fewer observations (0) made than vector observation size (7). The observations will be padded.
Fewer observations (0) made than vector observation size (7). The observations will be padded.
FrontWall hit: ground 1(Clone) normalX=1
FrontWall hit: ground 1(Clone) normalX=1
生成了一個物件
FrontWall hit: ground 1(Clone) normalX=1
Fewer observations (0) made than vector observation size (7). The observations will be padded.
FrontWall hit: ground 1(Clone) normalX=1
FrontWall hit: ground 1(Clone) normalX=1
FrontWall hit: ground 1(Clone) normalX=1
Fewer observations (0) made than vector observation size (7). The observations will be padded.
Fewer observations (0) made than vector observation size (7). The observations will be padded.
生成了一個物件
Fewer observations (0) made than vector observation size (7). The observations will be padded.
Fewer observations (0) made than vector observation size (7). The observations will be padded.
Fewer observations (0) made than vector observation size (7). The observations will be padded.
Fewer observations (0) made than vector observation size (7). The observations will be padded.
Fewer observations (0) made than vector observation size (7). The observations will be padded.
Fewer observations (0) made than vector observation size (7). The observations will be padded.
FrontWall hit: ground 1(Clone) normalX=1
FrontWall hit: ground 1(Clone) normalX=1
FrontWall hit: ground 1(Clone) normalX=1
Fewer observations (0) made than vector observation size (7). The observations will be padded.
Fewer observations (0) made than vector observation size (7). The observations will be padded.
Fewer observations (0) made than vector observation size (7). The observations will be padded.
生成了一個物件
Fewer observations (0) made than vector observation size (7). The observations will be padded.
Fewer observations (0) made than vector observation size (7). The observations will be padded.
Fewer observations (0) made than vector observation size (7). The observations will be padded.
生成了一個物件
Fewer observations (0) made than vector observation size (7). The observations will be padded.
Fewer observations (0) made than vector observation size (7). The observations will be padded.
生成了一個物件
Fewer observations (0) made than vector observation size (7). The observations will be padded.
Fewer observations (0) made than vector observation size (7). The observations will be padded.
生成了一個物件
Fewer observations (0) made than vector observation size (7). The observations will be padded.
Fewer observations (0) made than vector observation size (7). The observations will be padded.
Player died!
Fewer observations (0) made than vector observation size (7). The observations will be padded.
Fewer observations (0) made than vector observation size (7). The observations will be padded.
FrontWall hit: ground 1(Clone) normalX=1
Unloading 3 Unused Serialized files (Serialized files now loaded: 0)
Fewer observations (0) made than vector observation size (7). The observations will be padded.
UnloadTime: 3.201000 ms
Unloading 1 unused Assets to reduce memory usage. Loaded Objects now: 2872.
Total: 1.142700 ms (FindLiveObjects: 0.084300 ms CreateObjectMapping: 0.038600 ms MarkObjects: 1.012600 ms  DeleteObjects: 0.007000 ms)

[LoadMap] Using main map source: D:\Unity\ML-agent\Map\Decode.txt
[LoadFinishMap] Using finish map source: D:\Unity\ML-agent\Map\finishmap.txt
[LoadFinishMap] Finish size = 15 x 15, new rightX = 215
[LoadMap] Done. Main size = 200 x 15, rightX = 215
Fewer observations (0) made than vector observation size (7). The observations will be padded.
生成了一個物件
Fewer observations (0) made than vector observation size (7). The observations will be padded.
FrontWall hit: ground 1(Clone) normalX=1
FrontWall hit: ground 1(Clone) normalX=1
FrontWall hit: ground 1(Clone) normalX=1
Fewer observations (0) made than vector observation size (7). The observations will be padded.
Fewer observations (0) made than vector observation size (7). The observations will be padded.
Fewer observations (0) made than vector observation size (7). The observations will be padded.
Fewer observations (0) made than vector observation size (7). The observations will be padded.
Fewer observations (0) made than vector observation size (7). The observations will be padded.
Fewer observations (0) made than vector observation size (7). The observations will be padded.
生成了一個物件
Fewer observations (0) made than vector observation size (7). The observations will be padded.
Fewer observations (0) made than vector observation size (7). The observations will be padded.
生成了一個物件
Fewer observations (0) made than vector observation size (7). The observations will be padded.
Fewer observations (0) made than vector observation size (7). The observations will be padded.
生成了一個物件
Fewer observations (0) made than vector observation size (7). The observations will be padded.
Fewer observations (0) made than vector observation size (7). The observations will be padded.
Fewer observations (0) made than vector observation size (7). The observations will be padded.
Fewer observations (0) made than vector observation size (7). The observations will be padded.
Fewer observations (0) made than vector observation size (7). The observations will be padded.
Fewer observations (0) made than vector observation size (7). The observations will be padded.
生成了一個物件
Fewer observations (0) made than vector observation size (7). The observations will be padded.
Fewer observations (0) made than vector observation size (7). The observations will be padded.
Fewer observations (0) made than vector observation size (7). The observations will be padded.
Fewer observations (0) made than vector observation size (7). The observations will be padded.
Fewer observations (0) made than vector observation size (7). The observations will be padded.
Fewer observations (0) made than vector observation size (7). The observations will be padded.
生成了一個物件
Fewer observations (0) made than vector observation size (7). The observations will be padded.
Fewer observations (0) made than vector observation size (7). The observations will be padded.
Fewer observations (0) made than vector observation size (7). The observations will be padded.
生成了一個物件
Fewer observations (0) made than vector observation size (7). The observations will be padded.
生成了一個物件
Fewer observations (0) made than vector observation size (7). The observations will be padded.
Fewer observations (0) made than vector observation size (7). The observations will be padded.
Fewer observations (0) made than vector observation size (7). The observations will be padded.
Fewer observations (0) made than vector observation size (7). The observations will be padded.
Fewer observations (0) made than vector observation size (7). The observations will be padded.
Fewer observations (0) made than vector observation size (7). The observations will be padded.
Fewer observations (0) made than vector observation size (7). The observations will be padded.
生成了一個物件
Player died!
Fewer observations (0) made than vector observation size (7). The observations will be padded.
Player died!
FrontWall hit: ground 1(Clone) normalX=-1
Unloading 3 Unused Serialized files (Serialized files now loaded: 0)
UnloadTime: 3.119100 ms
Unloading 1 unused Assets to reduce memory usage. Loaded Objects now: 2872.
Total: 1.010200 ms (FindLiveObjects: 0.112100 ms CreateObjectMapping: 0.051600 ms MarkObjects: 0.838900 ms  DeleteObjects: 0.007500 ms)

Unloading 3 Unused Serialized files (Serialized files now loaded: 0)
Fewer observations (0) made than vector observation size (7). The observations will be padded.
UnloadTime: 0.562800 ms
Unloading 1 unused Assets to reduce memory usage. Loaded Objects now: 2872.
Total: 0.902200 ms (FindLiveObjects: 0.088600 ms CreateObjectMapping: 0.038400 ms MarkObjects: 0.765900 ms  DeleteObjects: 0.008900 ms)

[LoadMap] Using main map source: D:\Unity\ML-agent\Map\Decode.txt
[LoadFinishMap] Using finish map source: D:\Unity\ML-agent\Map\finishmap.txt
[LoadFinishMap] Finish size = 15 x 15, new rightX = 215
[LoadMap] Done. Main size = 200 x 15, rightX = 215
Fewer observations (0) made than vector observation size (7). The observations will be padded.
生成了一個物件
Fewer observations (0) made than vector observation size (7). The observations will be padded.
Fewer observations (0) made than vector observation size (7). The observations will be padded.
Fewer observations (0) made than vector observation size (7). The observations will be padded.
Fewer observations (0) made than vector observation size (7). The observations will be padded.
Fewer observations (0) made than vector observation size (7). The observations will be padded.
Fewer observations (0) made than vector observation size (7). The observations will be padded.
Fewer observations (0) made than vector observation size (7). The observations will be padded.
FrontWall hit: ground 1(Clone) normalX=1
FrontWall hit: ground 1(Clone) normalX=1
Fewer observations (0) made than vector observation size (7). The observations will be padded.
Fewer observations (0) made than vector observation size (7). The observations will be padded.
Fewer observations (0) made than vector observation size (7). The observations will be padded.
Fewer observations (0) made than vector observation size (7). The observations will be padded.
Fewer observations (0) made than vector observation size (7). The observations will be padded.
Fewer observations (0) made than vector observation size (7). The observations will be padded.
FrontWall hit: ground 1(Clone) normalX=1
FrontWall hit: ground 1(Clone) normalX=1
FrontWall hit: ground 1(Clone) normalX=1
Fewer observations (0) made than vector observation size (7). The observations will be padded.
Fewer observations (0) made than vector observation size (7). The observations will be padded.
Fewer observations (0) made than vector observation size (7). The observations will be padded.
生成了一個物件
Fewer observations (0) made than vector observation size (7). The observations will be padded.
Fewer observations (0) made than vector observation size (7). The observations will be padded.
Fewer observations (0) made than vector observation size (7). The observations will be padded.
Fewer observations (0) made than vector observation size (7). The observations will be padded.
Fewer observations (0) made than vector observation size (7). The observations will be padded.
Fewer observations (0) made than vector observation size (7). The observations will be padded.
Fewer observations (0) made than vector observation size (7). The observations will be padded.
Fewer observations (0) made than vector observation size (7). The observations will be padded.
生成了一個物件
Fewer observations (0) made than vector observation size (7). The observations will be padded.
Fewer observations (0) made than vector observation size (7). The observations will be padded.
生成了一個物件
Fewer observations (0) made than vector observation size (7). The observations will be padded.
生成了一個物件
Fewer observations (0) made than vector observation size (7). The observations will be padded.
Fewer observations (0) made than vector observation size (7). The observations will be padded.
Fewer observations (0) made than vector observation size (7). The observations will be padded.
Fewer observations (0) made than vector observation size (7). The observations will be padded.
Fewer observations (0) made than vector observation size (7). The observations will be padded.
Fewer observations (0) made than vector observation size (7). The observations will be padded.
生成了一個物件
Fewer observations (0) made than vector observation size (7). The observations will be padded.
Fewer observations (0) made than vector observation size (7). The observations will be padded.
Fewer observations (0) made than vector observation size (7). The observations will be padded.
Fewer observations (0) made than vector observation size (7). The observations will be padded.
Fewer observations (0) made than vector observation size (7). The observations will be padded.
Fewer observations (0) made than vector observation size (7). The observations will be padded.
Fewer observations (0) made than vector observation size (7). The observations will be padded.
Fewer observations (0) made than vector observation size (7). The observations will be padded.
生成了一個物件
Fewer observations (0) made than vector observation size (7). The observations will be padded.
Fewer observations (0) made than vector observation size (7). The observations will be padded.
生成了一個物件
Fewer observations (0) made than vector observation size (7). The observations will be padded.
生成了一個物件
Fewer observations (0) made than vector observation size (7). The observations will be padded.
Fewer observations (0) made than vector observation size (7). The observations will be padded.
Fewer observations (0) made than vector observation size (7). The observations will be padded.
Fewer observations (0) made than vector observation size (7). The observations will be padded.
Fewer observations (0) made than vector observation size (7). The observations will be padded.
Player died!
Fewer observations (0) made than vector observation size (7). The observations will be padded.
Unloading 3 Unused Serialized files (Serialized files now loaded: 0)
UnloadTime: 3.254700 ms
Unloading 1 unused Assets to reduce memory usage. Loaded Objects now: 2872.
Total: 1.000400 ms (FindLiveObjects: 0.098900 ms CreateObjectMapping: 0.046600 ms MarkObjects: 0.847000 ms  DeleteObjects: 0.007900 ms)

[LoadMap] Using main map source: D:\Unity\ML-agent\Map\Decode.txt
[LoadFinishMap] Using finish map source: D:\Unity\ML-agent\Map\finishmap.txt
[LoadFinishMap] Finish size = 15 x 15, new rightX = 215
[LoadMap] Done. Main size = 200 x 15, rightX = 215
Fewer observations (0) made than vector observation size (7). The observations will be padded.
生成了一個物件
Fewer observations (0) made than vector observation size (7). The observations will be padded.
Fewer observations (0) made than vector observation size (7). The observations will be padded.
FrontWall hit: ground 1(Clone) normalX=1
FrontWall hit: ground 1(Clone) normalX=1
Fewer observations (0) made than vector observation size (7). The observations will be padded.
FrontWall hit: ground 1(Clone) normalX=1
FrontWall hit: ground 1(Clone) normalX=1
FrontWall hit: ground 1(Clone) normalX=1
Fewer observations (0) made than vector observation size (7). The observations will be padded.
Fewer observations (0) made than vector observation size (7). The observations will be padded.
Fewer observations (0) made than vector observation size (7). The observations will be padded.
Fewer observations (0) made than vector observation size (7). The observations will be padded.
Fewer observations (0) made than vector observation size (7). The observations will be padded.
Fewer observations (0) made than vector observation size (7). The observations will be padded.
生成了一個物件
Fewer observations (0) made than vector observation size (7). The observations will be padded.
Fewer observations (0) made than vector observation size (7). The observations will be padded.
生成了一個物件
Fewer observations (0) made than vector observation size (7). The observations will be padded.
Fewer observations (0) made than vector observation size (7). The observations will be padded.
FrontWall hit: ground 1(Clone) normalX=1
生成了一個物件
FrontWall hit: ground 1(Clone) normalX=1
FrontWall hit: ground 1(Clone) normalX=1
Fewer observations (0) made than vector observation size (7). The observations will be padded.
Fewer observations (0) made than vector observation size (7). The observations will be padded.
Fewer observations (0) made than vector observation size (7). The observations will be padded.
生成了一個物件
Fewer observations (0) made than vector observation size (7). The observations will be padded.
Fewer observations (0) made than vector observation size (7). The observations will be padded.
Fewer observations (0) made than vector observation size (7). The observations will be padded.
Fewer observations (0) made than vector observation size (7). The observations will be padded.
Fewer observations (0) made than vector observation size (7). The observations will be padded.
Fewer observations (0) made than vector observation size (7). The observations will be padded.
Fewer observations (0) made than vector observation size (7). The observations will be padded.
Fewer observations (0) made than vector observation size (7). The observations will be padded.
FrontWall hit: ground 1(Clone) normalX=1
FrontWall hit: ground 1(Clone) normalX=1
FrontWall hit: ground 1(Clone) normalX=1
Fewer observations (0) made than vector observation size (7). The observations will be padded.
FrontWall hit: ground 1(Clone) normalX=1
FrontWall hit: ground 1(Clone) normalX=1
FrontWall hit: ground 1(Clone) normalX=1
生成了一個物件
Fewer observations (0) made than vector observation size (7). The observations will be padded.
FrontWall hit: ground 1(Clone) normalX=1
FrontWall hit: ground 1(Clone) normalX=1
FrontWall hit: ground 1(Clone) normalX=1
Fewer observations (0) made than vector observation size (7). The observations will be padded.
Fewer observations (0) made than vector observation size (7). The observations will be padded.
生成了一個物件
Fewer observations (0) made than vector observation size (7). The observations will be padded.
生成了一個物件
Fewer observations (0) made than vector observation size (7). The observations will be padded.
Fewer observations (0) made than vector observation size (7). The observations will be padded.
Fewer observations (0) made than vector observation size (7). The observations will be padded.
Fewer observations (0) made than vector observation size (7). The observations will be padded.
生成了一個物件
Fewer observations (0) made than vector observation size (7). The observations will be padded.
Fewer observations (0) made than vector observation size (7). The observations will be padded.
Fewer observations (0) made than vector observation size (7). The observations will be padded.
Fewer observations (0) made than vector observation size (7). The observations will be padded.
Fewer observations (0) made than vector observation size (7). The observations will be padded.
Fewer observations (0) made than vector observation size (7). The observations will be padded.
Fewer observations (0) made than vector observation size (7). The observations will be padded.
Fewer observations (0) made than vector observation size (7). The observations will be padded.
Fewer observations (0) made than vector observation size (7). The observations will be padded.
生成了一個物件
Fewer observations (0) made than vector observation size (7). The observations will be padded.
Fewer observations (0) made than vector observation size (7). The observations will be padded.
生成了一個物件
Fewer observations (0) made than vector observation size (7). The observations will be padded.
Fewer observations (0) made than vector observation size (7). The observations will be padded.
生成了一個物件
Fewer observations (0) made than vector observation size (7). The observations will be padded.
FrontWall hit: ground 1(Clone) normalX=1
FrontWall hit: ground 1(Clone) normalX=1
FrontWall hit: ground 1(Clone) normalX=1
Fewer observations (0) made than vector observation size (7). The observations will be padded.
FrontWall hit: ground 1(Clone) normalX=1
FrontWall hit: ground 1(Clone) normalX=1
FrontWall hit: ground 1(Clone) normalX=1
Fewer observations (0) made than vector observation size (7). The observations will be padded.
Fewer observations (0) made than vector observation size (7). The observations will be padded.
生成了一個物件
Fewer observations (0) made than vector observation size (7). The observations will be padded.
FrontWall hit: ground 1(Clone) normalX=1
FrontWall hit: ground 1(Clone) normalX=1
FrontWall hit: ground 1(Clone) normalX=1
Fewer observations (0) made than vector observation size (7). The observations will be padded.
Fewer observations (0) made than vector observation size (7). The observations will be padded.
Fewer observations (0) made than vector observation size (7). The observations will be padded.
Player died!
Fewer observations (0) made than vector observation size (7). The observations will be padded.
Player died!
Unloading 3 Unused Serialized files (Serialized files now loaded: 0)
UnloadTime: 3.155500 ms
Unloading 1 unused Assets to reduce memory usage. Loaded Objects now: 2872.
Total: 0.784500 ms (FindLiveObjects: 0.086200 ms CreateObjectMapping: 0.038400 ms MarkObjects: 0.651900 ms  DeleteObjects: 0.007800 ms)

Unloading 3 Unused Serialized files (Serialized files now loaded: 0)
Fewer observations (0) made than vector observation size (7). The observations will be padded.
UnloadTime: 0.520700 ms
Unloading 1 unused Assets to reduce memory usage. Loaded Objects now: 2872.
Total: 0.815100 ms (FindLiveObjects: 0.083500 ms CreateObjectMapping: 0.043000 ms MarkObjects: 0.681400 ms  DeleteObjects: 0.007100 ms)

[LoadMap] Using main map source: D:\Unity\ML-agent\Map\Decode.txt
[LoadFinishMap] Using finish map source: D:\Unity\ML-agent\Map\finishmap.txt
[LoadFinishMap] Finish size = 15 x 15, new rightX = 215
[LoadMap] Done. Main size = 200 x 15, rightX = 215
Fewer observations (0) made than vector observation size (7). The observations will be padded.
Fewer observations (0) made than vector observation size (7). The observations will be padded.
FrontWall hit: ground 1(Clone) normalX=1
FrontWall hit: ground 1(Clone) normalX=1
生成了一個物件
FrontWall hit: ground 1(Clone) normalX=1
Fewer observations (0) made than vector observation size (7). The observations will be padded.
Fewer observations (0) made than vector observation size (7). The observations will be padded.
Fewer observations (0) made than vector observation size (7). The observations will be padded.
FrontWall hit: ground 1(Clone) normalX=1
FrontWall hit: ground 1(Clone) normalX=1
FrontWall hit: ground 1(Clone) normalX=1
Fewer observations (0) made than vector observation size (7). The observations will be padded.
FrontWall hit: ground 1(Clone) normalX=1
FrontWall hit: ground 1(Clone) normalX=1
FrontWall hit: ground 1(Clone) normalX=1
Fewer observations (0) made than vector observation size (7). The observations will be padded.
FrontWall hit: ground 1(Clone) normalX=1
FrontWall hit: ground 1(Clone) normalX=1
FrontWall hit: ground 1(Clone) normalX=1
Fewer observations (0) made than vector observation size (7). The observations will be padded.
FrontWall hit: ground 1(Clone) normalX=1
FrontWall hit: ground 1(Clone) normalX=1
FrontWall hit: ground 1(Clone) normalX=1
Fewer observations (0) made than vector observation size (7). The observations will be padded.
Fewer observations (0) made than vector observation size (7). The observations will be padded.
Fewer observations (0) made than vector observation size (7). The observations will be padded.
Fewer observations (0) made than vector observation size (7). The observations will be padded.
Fewer observations (0) made than vector observation size (7). The observations will be padded.
生成了一個物件
Fewer observations (0) made than vector observation size (7). The observations will be padded.
Fewer observations (0) made than vector observation size (7). The observations will be padded.
FrontWall hit: ground 1(Clone) normalX=1
FrontWall hit: ground 1(Clone) normalX=1
FrontWall hit: ground 1(Clone) normalX=1
Fewer observations (0) made than vector observation size (7). The observations will be padded.
Fewer observations (0) made than vector observation size (7). The observations will be padded.
生成了一個物件
Fewer observations (0) made than vector observation size (7). The observations will be padded.
Fewer observations (0) made than vector observation size (7). The observations will be padded.
生成了一個物件
Fewer observations (0) made than vector observation size (7). The observations will be padded.
生成了一個物件
Fewer observations (0) made than vector observation size (7). The observations will be padded.
Fewer observations (0) made than vector observation size (7). The observations will be padded.
Fewer observations (0) made than vector observation size (7). The observations will be padded.
Fewer observations (0) made than vector observation size (7). The observations will be padded.
Fewer observations (0) made than vector observation size (7). The observations will be padded.
Fewer observations (0) made than vector observation size (7). The observations will be padded.
Fewer observations (0) made than vector observation size (7). The observations will be padded.
Fewer observations (0) made than vector observation size (7). The observations will be padded.
Fewer observations (0) made than vector observation size (7). The observations will be padded.
Fewer observations (0) made than vector observation size (7). The observations will be padded.
生成了一個物件
Fewer observations (0) made than vector observation size (7). The observations will be padded.
Fewer observations (0) made than vector observation size (7). The observations will be padded.
Fewer observations (0) made than vector observation size (7). The observations will be padded.
生成了一個物件
Fewer observations (0) made than vector observation size (7). The observations will be padded.
Fewer observations (0) made than vector observation size (7). The observations will be padded.
生成了一個物件
Fewer observations (0) made than vector observation size (7). The observations will be padded.
生成了一個物件
Fewer observations (0) made than vector observation size (7). The observations will be padded.
Player died!
Fewer observations (0) made than vector observation size (7). The observations will be padded.
Player died!
Fewer observations (0) made than vector observation size (7). The observations will be padded.
Unloading 3 Unused Serialized files (Serialized files now loaded: 0)
Fewer observations (0) made than vector observation size (7). The observations will be padded.
UnloadTime: 3.710900 ms
Unloading 1 unused Assets to reduce memory usage. Loaded Objects now: 2872.
Total: 1.138200 ms (FindLiveObjects: 0.153500 ms CreateObjectMapping: 0.068800 ms MarkObjects: 0.905500 ms  DeleteObjects: 0.010300 ms)

Unloading 3 Unused Serialized files (Serialized files now loaded: 0)
Fewer observations (0) made than vector observation size (7). The observations will be padded.
UnloadTime: 0.521400 ms
Unloading 1 unused Assets to reduce memory usage. Loaded Objects now: 2872.
Total: 0.877300 ms (FindLiveObjects: 0.080500 ms CreateObjectMapping: 0.032300 ms MarkObjects: 0.757400 ms  DeleteObjects: 0.007100 ms)

[LoadMap] Using main map source: D:\Unity\ML-agent\Map\Decode.txt
[LoadFinishMap] Using finish map source: D:\Unity\ML-agent\Map\finishmap.txt
[LoadFinishMap] Finish size = 15 x 15, new rightX = 215
[LoadMap] Done. Main size = 200 x 15, rightX = 215
Fewer observations (0) made than vector observation size (7). The observations will be padded.
生成了一個物件
Fewer observations (0) made than vector observation size (7). The observations will be padded.
Fewer observations (0) made than vector observation size (7). The observations will be padded.
Fewer observations (0) made than vector observation size (7). The observations will be padded.
Fewer observations (0) made than vector observation size (7). The observations will be padded.
Fewer observations (0) made than vector observation size (7). The observations will be padded.
生成了一個物件
Fewer observations (0) made than vector observation size (7). The observations will be padded.
Fewer observations (0) made than vector observation size (7). The observations will be padded.
生成了一個物件
Fewer observations (0) made than vector observation size (7). The observations will be padded.
Fewer observations (0) made than vector observation size (7). The observations will be padded.
生成了一個物件
Fewer observations (0) made than vector observation size (7). The observations will be padded.
Fewer observations (0) made than vector observation size (7). The observations will be padded.
Fewer observations (0) made than vector observation size (7). The observations will be padded.
Fewer observations (0) made than vector observation size (7). The observations will be padded.
FrontWall hit: ground 1(Clone) normalX=1
FrontWall hit: ground 1(Clone) normalX=1
FrontWall hit: ground 1(Clone) normalX=1
Fewer observations (0) made than vector observation size (7). The observations will be padded.
FrontWall hit: ground 1(Clone) normalX=1
FrontWall hit: ground 1(Clone) normalX=1
FrontWall hit: ground 1(Clone) normalX=1
Fewer observations (0) made than vector observation size (7). The observations will be padded.
FrontWall hit: ground 1(Clone) normalX=1
FrontWall hit: ground 1(Clone) normalX=1
FrontWall hit: ground 1(Clone) normalX=1
Fewer observations (0) made than vector observation size (7). The observations will be padded.
Fewer observations (0) made than vector observation size (7). The observations will be padded.
生成了一個物件
Fewer observations (0) made than vector observation size (7). The observations will be padded.
Fewer observations (0) made than vector observation size (7). The observations will be padded.
Fewer observations (0) made than vector observation size (7). The observations will be padded.
Fewer observations (0) made than vector observation size (7). The observations will be padded.
生成了一個物件
Fewer observations (0) made than vector observation size (7). The observations will be padded.
Fewer observations (0) made than vector observation size (7). The observations will be padded.
Fewer observations (0) made than vector observation size (7). The observations will be padded.
生成了一個物件
Fewer observations (0) made than vector observation size (7). The observations will be padded.
生成了一個物件
Fewer observations (0) made than vector observation size (7). The observations will be padded.
Fewer observations (0) made than vector observation size (7). The observations will be padded.
Fewer observations (0) made than vector observation size (7). The observations will be padded.
Fewer observations (0) made than vector observation size (7). The observations will be padded.
Fewer observations (0) made than vector observation size (7). The observations will be padded.
Fewer observations (0) made than vector observation size (7). The observations will be padded.
Fewer observations (0) made than vector observation size (7). The observations will be padded.
Fewer observations (0) made than vector observation size (7). The observations will be padded.
Fewer observations (0) made than vector observation size (7). The observations will be padded.
生成了一個物件
Fewer observations (0) made than vector observation size (7). The observations will be padded.
Fewer observations (0) made than vector observation size (7). The observations will be padded.
Fewer observations (0) made than vector observation size (7). The observations will be padded.
Fewer observations (0) made than vector observation size (7). The observations will be padded.
生成了一個物件
Fewer observations (0) made than vector observation size (7). The observations will be padded.
Fewer observations (0) made than vector observation size (7). The observations will be padded.
生成了一個物件
Fewer observations (0) made than vector observation size (7). The observations will be padded.
Fewer observations (0) made than vector observation size (7). The observations will be padded.
生成了一個物件
Fewer observations (0) made than vector observation size (7). The observations will be padded.
Fewer observations (0) made than vector observation size (7). The observations will be padded.
Fewer observations (0) made than vector observation size (7). The observations will be padded.
Player died!
Fewer observations (0) made than vector observation size (7). The observations will be padded.
Unloading 3 Unused Serialized files (Serialized files now loaded: 0)
UnloadTime: 3.864600 ms
Unloading 1 unused Assets to reduce memory usage. Loaded Objects now: 2872.
Total: 1.205700 ms (FindLiveObjects: 0.099200 ms CreateObjectMapping: 0.042400 ms MarkObjects: 1.055100 ms  DeleteObjects: 0.008700 ms)

[LoadMap] Using main map source: D:\Unity\ML-agent\Map\Decode.txt
[LoadFinishMap] Using finish map source: D:\Unity\ML-agent\Map\finishmap.txt
[LoadFinishMap] Finish size = 15 x 15, new rightX = 215
[LoadMap] Done. Main size = 200 x 15, rightX = 215
Fewer observations (0) made than vector observation size (7). The observations will be padded.
Fewer observations (0) made than vector observation size (7). The observations will be padded.
FrontWall hit: ground 1(Clone) normalX=1
FrontWall hit: ground 1(Clone) normalX=1
Fewer observations (0) made than vector observation size (7). The observations will be padded.
FrontWall hit: ground 1(Clone) normalX=1
FrontWall hit: ground 1(Clone) normalX=1
FrontWall hit: ground 1(Clone) normalX=1
Fewer observations (0) made than vector observation size (7). The observations will be padded.
FrontWall hit: ground 1(Clone) normalX=1
FrontWall hit: ground 1(Clone) normalX=1
FrontWall hit: ground 1(Clone) normalX=1
Fewer observations (0) made than vector observation size (7). The observations will be padded.
Fewer observations (0) made than vector observation size (7). The observations will be padded.
Fewer observations (0) made than vector observation size (7). The observations will be padded.
Fewer observations (0) made than vector observation size (7). The observations will be padded.
Fewer observations (0) made than vector observation size (7). The observations will be padded.
Fewer observations (0) made than vector observation size (7). The observations will be padded.
Fewer observations (0) made than vector observation size (7). The observations will be padded.
生成了一個物件
Fewer observations (0) made than vector observation size (7). The observations will be padded.
Fewer observations (0) made than vector observation size (7). The observations will be padded.
生成了一個物件
Fewer observations (0) made than vector observation size (7). The observations will be padded.
生成了一個物件
Fewer observations (0) made than vector observation size (7). The observations will be padded.
Fewer observations (0) made than vector observation size (7). The observations will be padded.
生成了一個物件
Fewer observations (0) made than vector observation size (7). The observations will be padded.
Fewer observations (0) made than vector observation size (7). The observations will be padded.
Fewer observations (0) made than vector observation size (7). The observations will be padded.
Fewer observations (0) made than vector observation size (7). The observations will be padded.
Fewer observations (0) made than vector observation size (7). The observations will be padded.
Fewer observations (0) made than vector observation size (7). The observations will be padded.
Fewer observations (0) made than vector observation size (7). The observations will be padded.
Fewer observations (0) made than vector observation size (7). The observations will be padded.
Fewer observations (0) made than vector observation size (7). The observations will be padded.
Fewer observations (0) made than vector observation size (7). The observations will be padded.
Fewer observations (0) made than vector observation size (7). The observations will be padded.
生成了一個物件
Fewer observations (0) made than vector observation size (7). The observations will be padded.
Fewer observations (0) made than vector observation size (7). The observations will be padded.
生成了一個物件
Fewer observations (0) made than vector observation size (7). The observations will be padded.
Fewer observations (0) made than vector observation size (7). The observations will be padded.
生成了一個物件
Fewer observations (0) made than vector observation size (7). The observations will be padded.
生成了一個物件
Fewer observations (0) made than vector observation size (7). The observations will be padded.
Fewer observations (0) made than vector observation size (7). The observations will be padded.
Fewer observations (0) made than vector observation size (7). The observations will be padded.
Fewer observations (0) made than vector observation size (7). The observations will be padded.
Fewer observations (0) made than vector observation size (7). The observations will be padded.
Fewer observations (0) made than vector observation size (7). The observations will be padded.
Fewer observations (0) made than vector observation size (7). The observations will be padded.
Fewer observations (0) made than vector observation size (7). The observations will be padded.
Fewer observations (0) made than vector observation size (7). The observations will be padded.
Player died!
Fewer observations (0) made than vector observation size (7). The observations will be padded.
Player died!
Unloading 3 Unused Serialized files (Serialized files now loaded: 0)
UnloadTime: 4.109500 ms
Unloading 1 unused Assets to reduce memory usage. Loaded Objects now: 2872.
Total: 0.852500 ms (FindLiveObjects: 0.087000 ms CreateObjectMapping: 0.034000 ms MarkObjects: 0.723200 ms  DeleteObjects: 0.008000 ms)

Unloading 3 Unused Serialized files (Serialized files now loaded: 0)
Fewer observations (0) made than vector observation size (7). The observations will be padded.
UnloadTime: 0.544400 ms
Unloading 1 unused Assets to reduce memory usage. Loaded Objects now: 2872.
Total: 0.781900 ms (FindLiveObjects: 0.085200 ms CreateObjectMapping: 0.037500 ms MarkObjects: 0.649900 ms  DeleteObjects: 0.009200 ms)

[LoadMap] Using main map source: D:\Unity\ML-agent\Map\Decode.txt
[LoadFinishMap] Using finish map source: D:\Unity\ML-agent\Map\finishmap.txt
[LoadFinishMap] Finish size = 15 x 15, new rightX = 215
[LoadMap] Done. Main size = 200 x 15, rightX = 215
Fewer observations (0) made than vector observation size (7). The observations will be padded.
Fewer observations (0) made than vector observation size (7). The observations will be padded.
生成了一個物件
Fewer observations (0) made than vector observation size (7). The observations will be padded.
Fewer observations (0) made than vector observation size (7). The observations will be padded.
FrontWall hit: ground 1(Clone) normalX=1
FrontWall hit: ground 1(Clone) normalX=1
Fewer observations (0) made than vector observation size (7). The observations will be padded.
Fewer observations (0) made than vector observation size (7). The observations will be padded.
FrontWall hit: ground 1(Clone) normalX=1
FrontWall hit: ground 1(Clone) normalX=1
FrontWall hit: ground 1(Clone) normalX=1
Fewer observations (0) made than vector observation size (7). The observations will be padded.
Fewer observations (0) made than vector observation size (7). The observations will be padded.
Fewer observations (0) made than vector observation size (7). The observations will be padded.
Fewer observations (0) made than vector observation size (7). The observations will be padded.
生成了一個物件
Fewer observations (0) made than vector observation size (7). The observations will be padded.
Fewer observations (0) made than vector observation size (7). The observations will be padded.
Fewer observations (0) made than vector observation size (7). The observations will be padded.
FrontWall hit: ground 1(Clone) normalX=1
生成了一個物件
FrontWall hit: ground 1(Clone) normalX=1
FrontWall hit: ground 1(Clone) normalX=1
Fewer observations (0) made than vector observation size (7). The observations will be padded.
Fewer observations (0) made than vector observation size (7). The observations will be padded.
Fewer observations (0) made than vector observation size (7). The observations will be padded.
FrontWall hit: ground 1(Clone) normalX=1
FrontWall hit: ground 1(Clone) normalX=1
FrontWall hit: ground 1(Clone) normalX=1
Fewer observations (0) made than vector observation size (7). The observations will be padded.
FrontWall hit: ground 1(Clone) normalX=1
FrontWall hit: ground 1(Clone) normalX=1
FrontWall hit: ground 1(Clone) normalX=1
Fewer observations (0) made than vector observation size (7). The observations will be padded.
FrontWall hit: ground 1(Clone) normalX=1
FrontWall hit: ground 1(Clone) normalX=1
FrontWall hit: ground 1(Clone) normalX=1
Fewer observations (0) made than vector observation size (7). The observations will be padded.
生成了一個物件
Fewer observations (0) made than vector observation size (7). The observations will be padded.
生成了一個物件
Fewer observations (0) made than vector observation size (7). The observations will be padded.
Fewer observations (0) made than vector observation size (7). The observations will be padded.
Fewer observations (0) made than vector observation size (7). The observations will be padded.
Fewer observations (0) made than vector observation size (7). The observations will be padded.
Fewer observations (0) made than vector observation size (7). The observations will be padded.
Fewer observations (0) made than vector observation size (7). The observations will be padded.
生成了一個物件
Fewer observations (0) made than vector observation size (7). The observations will be padded.
Fewer observations (0) made than vector observation size (7). The observations will be padded.
Fewer observations (0) made than vector observation size (7). The observations will be padded.
生成了一個物件
Fewer observations (0) made than vector observation size (7). The observations will be padded.
Fewer observations (0) made than vector observation size (7). The observations will be padded.
Fewer observations (0) made than vector observation size (7). The observations will be padded.
Fewer observations (0) made than vector observation size (7). The observations will be padded.
Fewer observations (0) made than vector observation size (7). The observations will be padded.
Fewer observations (0) made than vector observation size (7). The observations will be padded.
生成了一個物件
Fewer observations (0) made than vector observation size (7). The observations will be padded.
FrontWall hit: ground 1(Clone) normalX=1
Fewer observations (0) made than vector observation size (7). The observations will be padded.
生成了一個物件
Fewer observations (0) made than vector observation size (7). The observations will be padded.
Fewer observations (0) made than vector observation size (7). The observations will be padded.
FrontWall hit: ground 1(Clone) normalX=1
FrontWall hit: ground 1(Clone) normalX=1
FrontWall hit: ground 1(Clone) normalX=1
Fewer observations (0) made than vector observation size (7). The observations will be padded.
Player died!
Fewer observations (0) made than vector observation size (7). The observations will be padded.
Player died!
Unloading 3 Unused Serialized files (Serialized files now loaded: 0)
UnloadTime: 4.435800 ms
Unloading 1 unused Assets to reduce memory usage. Loaded Objects now: 2872.
Total: 0.868800 ms (FindLiveObjects: 0.086700 ms CreateObjectMapping: 0.038900 ms MarkObjects: 0.735600 ms  DeleteObjects: 0.007600 ms)

Unloading 3 Unused Serialized files (Serialized files now loaded: 0)
Fewer observations (0) made than vector observation size (7). The observations will be padded.
UnloadTime: 0.552000 ms
Unloading 1 unused Assets to reduce memory usage. Loaded Objects now: 2872.
Total: 0.856800 ms (FindLiveObjects: 0.080500 ms CreateObjectMapping: 0.040100 ms MarkObjects: 0.728400 ms  DeleteObjects: 0.007400 ms)

[LoadMap] Using main map source: D:\Unity\ML-agent\Map\Decode.txt
[LoadFinishMap] Using finish map source: D:\Unity\ML-agent\Map\finishmap.txt
[LoadFinishMap] Finish size = 15 x 15, new rightX = 215
[LoadMap] Done. Main size = 200 x 15, rightX = 215
Fewer observations (0) made than vector observation size (7). The observations will be padded.
FrontWall hit: ground 1(Clone) normalX=1
生成了一個物件
FrontWall hit: ground 1(Clone) normalX=1
FrontWall hit: ground 1(Clone) normalX=1
Fewer observations (0) made than vector observation size (7). The observations will be padded.
Fewer observations (0) made than vector observation size (7). The observations will be padded.
Fewer observations (0) made than vector observation size (7). The observations will be padded.
Fewer observations (0) made than vector observation size (7). The observations will be padded.
Fewer observations (0) made than vector observation size (7). The observations will be padded.
Fewer observations (0) made than vector observation size (7). The observations will be padded.
生成了一個物件
Fewer observations (0) made than vector observation size (7). The observations will be padded.
Fewer observations (0) made than vector observation size (7). The observations will be padded.
生成了一個物件
Fewer observations (0) made than vector observation size (7). The observations will be padded.
Fewer observations (0) made than vector observation size (7). The observations will be padded.
生成了一個物件
Fewer observations (0) made than vector observation size (7). The observations will be padded.
Fewer observations (0) made than vector observation size (7). The observations will be padded.
Fewer observations (0) made than vector observation size (7). The observations will be padded.
Fewer observations (0) made than vector observation size (7). The observations will be padded.
Fewer observations (0) made than vector observation size (7). The observations will be padded.
Fewer observations (0) made than vector observation size (7). The observations will be padded.
生成了一個物件
Fewer observations (0) made than vector observation size (7). The observations will be padded.
Fewer observations (0) made than vector observation size (7). The observations will be padded.
Fewer observations (0) made than vector observation size (7). The observations will be padded.
Fewer observations (0) made than vector observation size (7). The observations will be padded.
Fewer observations (0) made than vector observation size (7). The observations will be padded.
Fewer observations (0) made than vector observation size (7). The observations will be padded.
Fewer observations (0) made than vector observation size (7). The observations will be padded.
生成了一個物件
Fewer observations (0) made than vector observation size (7). The observations will be padded.
Fewer observations (0) made than vector observation size (7). The observations will be padded.
生成了一個物件
Fewer observations (0) made than vector observation size (7). The observations will be padded.
Fewer observations (0) made than vector observation size (7). The observations will be padded.
生成了一個物件
Fewer observations (0) made than vector observation size (7). The observations will be padded.
Fewer observations (0) made than vector observation size (7). The observations will be padded.
Fewer observations (0) made than vector observation size (7). The observations will be padded.
Fewer observations (0) made than vector observation size (7). The observations will be padded.
Fewer observations (0) made than vector observation size (7). The observations will be padded.
Fewer observations (0) made than vector observation size (7). The observations will be padded.
生成了一個物件
Fewer observations (0) made than vector observation size (7). The observations will be padded.
Fewer observations (0) made than vector observation size (7). The observations will be padded.
Player died!
Fewer observations (0) made than vector observation size (7). The observations will be padded.
Fewer observations (0) made than vector observation size (7). The observations will be padded.
Unloading 3 Unused Serialized files (Serialized files now loaded: 0)
Fewer observations (0) made than vector observation size (7). The observations will be padded.
UnloadTime: 4.076000 ms
Unloading 1 unused Assets to reduce memory usage. Loaded Objects now: 2872.
Total: 1.439900 ms (FindLiveObjects: 0.084700 ms CreateObjectMapping: 0.037000 ms MarkObjects: 1.308000 ms  DeleteObjects: 0.010200 ms)

[LoadMap] Using main map source: D:\Unity\ML-agent\Map\Decode.txt
[LoadFinishMap] Using finish map source: D:\Unity\ML-agent\Map\finishmap.txt
[LoadFinishMap] Finish size = 15 x 15, new rightX = 215
[LoadMap] Done. Main size = 200 x 15, rightX = 215
Fewer observations (0) made than vector observation size (7). The observations will be padded.
生成了一個物件
Fewer observations (0) made than vector observation size (7). The observations will be padded.
Fewer observations (0) made than vector observation size (7). The observations will be padded.
FrontWall hit: ground 1(Clone) normalX=1
FrontWall hit: ground 1(Clone) normalX=1
FrontWall hit: ground 1(Clone) normalX=1
Fewer observations (0) made than vector observation size (7). The observations will be padded.
FrontWall hit: ground 1(Clone) normalX=1
FrontWall hit: ground 1(Clone) normalX=1
FrontWall hit: ground 1(Clone) normalX=1
Fewer observations (0) made than vector observation size (7). The observations will be padded.
Fewer observations (0) made than vector observation size (7). The observations will be padded.
FrontWall hit: ground 1(Clone) normalX=1
FrontWall hit: ground 1(Clone) normalX=1
FrontWall hit: ground 1(Clone) normalX=1
Fewer observations (0) made than vector observation size (7). The observations will be padded.
FrontWall hit: ground 1(Clone) normalX=1
FrontWall hit: ground 1(Clone) normalX=1
FrontWall hit: ground 1(Clone) normalX=1
Fewer observations (0) made than vector observation size (7). The observations will be padded.
Fewer observations (0) made than vector observation size (7). The observations will be padded.
Fewer observations (0) made than vector observation size (7). The observations will be padded.
Fewer observations (0) made than vector observation size (7). The observations will be padded.
Fewer observations (0) made than vector observation size (7). The observations will be padded.
生成了一個物件
Fewer observations (0) made than vector observation size (7). The observations will be padded.
Fewer observations (0) made than vector observation size (7). The observations will be padded.
Fewer observations (0) made than vector observation size (7). The observations will be padded.
生成了一個物件
Fewer observations (0) made than vector observation size (7). The observations will be padded.
生成了一個物件
Fewer observations (0) made than vector observation size (7). The observations will be padded.
Fewer observations (0) made than vector observation size (7). The observations will be padded.
生成了一個物件
Fewer observations (0) made than vector observation size (7). The observations will be padded.
Fewer observations (0) made than vector observation size (7). The observations will be padded.
Fewer observations (0) made than vector observation size (7). The observations will be padded.
Fewer observations (0) made than vector observation size (7). The observations will be padded.
Fewer observations (0) made than vector observation size (7). The observations will be padded.
Fewer observations (0) made than vector observation size (7). The observations will be padded.
Fewer observations (0) made than vector observation size (7). The observations will be padded.
Fewer observations (0) made than vector observation size (7). The observations will be padded.
Fewer observations (0) made than vector observation size (7). The observations will be padded.
Fewer observations (0) made than vector observation size (7). The observations will be padded.
Fewer observations (0) made than vector observation size (7). The observations will be padded.
生成了一個物件
Fewer observations (0) made than vector observation size (7). The observations will be padded.
Fewer observations (0) made than vector observation size (7). The observations will be padded.
生成了一個物件
Fewer observations (0) made than vector observation size (7). The observations will be padded.
Fewer observations (0) made than vector observation size (7). The observations will be padded.
生成了一個物件
Fewer observations (0) made than vector observation size (7). The observations will be padded.
Fewer observations (0) made than vector observation size (7). The observations will be padded.
生成了一個物件
Fewer observations (0) made than vector observation size (7). The observations will be padded.
Fewer observations (0) made than vector observation size (7). The observations will be padded.
Fewer observations (0) made than vector observation size (7). The observations will be padded.
Fewer observations (0) made than vector observation size (7). The observations will be padded.
Fewer observations (0) made than vector observation size (7). The observations will be padded.
Fewer observations (0) made than vector observation size (7). The observations will be padded.
Fewer observations (0) made than vector observation size (7). The observations will be padded.
Fewer observations (0) made than vector observation size (7). The observations will be padded.
Fewer observations (0) made than vector observation size (7). The observations will be padded.
Fewer observations (0) made than vector observation size (7). The observations will be padded.
Fewer observations (0) made than vector observation size (7). The observations will be padded.
生成了一個物件
Fewer observations (0) made than vector observation size (7). The observations will be padded.
Fewer observations (0) made than vector observation size (7). The observations will be padded.
生成了一個物件
Fewer observations (0) made than vector observation size (7). The observations will be padded.
Fewer observations (0) made than vector observation size (7). The observations will be padded.
生成了一個物件
Fewer observations (0) made than vector observation size (7). The observations will be padded.
生成了一個物件
Fewer observations (0) made than vector observation size (7). The observations will be padded.
Fewer observations (0) made than vector observation size (7). The observations will be padded.
Fewer observations (0) made than vector observation size (7). The observations will be padded.
Fewer observations (0) made than vector observation size (7). The observations will be padded.
Fewer observations (0) made than vector observation size (7). The observations will be padded.
Fewer observations (0) made than vector observation size (7). The observations will be padded.
Fewer observations (0) made than vector observation size (7). The observations will be padded.
Fewer observations (0) made than vector observation size (7). The observations will be padded.
Fewer observations (0) made than vector observation size (7). The observations will be padded.
Fewer observations (0) made than vector observation size (7). The observations will be padded.
Fewer observations (0) made than vector observation size (7). The observations will be padded.
生成了一個物件
Fewer observations (0) made than vector observation size (7). The observations will be padded.
Fewer observations (0) made than vector observation size (7). The observations will be padded.
Fewer observations (0) made than vector observation size (7). The observations will be padded.
生成了一個物件
Fewer observations (0) made than vector observation size (7). The observations will be padded.
生成了一個物件
Fewer observations (0) made than vector observation size (7). The observations will be padded.
Fewer observations (0) made than vector observation size (7). The observations will be padded.
生成了一個物件
Fewer observations (0) made than vector observation size (7). The observations will be padded.
Fewer observations (0) made than vector observation size (7). The observations will be padded.
Fewer observations (0) made than vector observation size (7). The observations will be padded.
Player died!
Fewer observations (0) made than vector observation size (7). The observations will be padded.
FrontWall hit: ground 1(Clone) normalX=-1
Unloading 3 Unused Serialized files (Serialized files now loaded: 0)
UnloadTime: 3.326600 ms
Unloading 1 unused Assets to reduce memory usage. Loaded Objects now: 2872.
Total: 1.050200 ms (FindLiveObjects: 0.084800 ms CreateObjectMapping: 0.033100 ms MarkObjects: 0.924900 ms  DeleteObjects: 0.007200 ms)

[LoadMap] Using main map source: D:\Unity\ML-agent\Map\Decode.txt
[LoadFinishMap] Using finish map source: D:\Unity\ML-agent\Map\finishmap.txt
[LoadFinishMap] Finish size = 15 x 15, new rightX = 215
[LoadMap] Done. Main size = 200 x 15, rightX = 215
Fewer observations (0) made than vector observation size (7). The observations will be padded.
Fewer observations (0) made than vector observation size (7). The observations will be padded.
Fewer observations (0) made than vector observation size (7). The observations will be padded.
Fewer observations (0) made than vector observation size (7). The observations will be padded.
Fewer observations (0) made than vector observation size (7). The observations will be padded.
Fewer observations (0) made than vector observation size (7). The observations will be padded.
Fewer observations (0) made than vector observation size (7). The observations will be padded.
FrontWall hit: ground 1(Clone) normalX=1
FrontWall hit: ground 1(Clone) normalX=1
FrontWall hit: ground 1(Clone) normalX=1
Fewer observations (0) made than vector observation size (7). The observations will be padded.
FrontWall hit: ground 1(Clone) normalX=1
FrontWall hit: ground 1(Clone) normalX=1
FrontWall hit: ground 1(Clone) normalX=1
Fewer observations (0) made than vector observation size (7). The observations will be padded.
Fewer observations (0) made than vector observation size (7). The observations will be padded.
FrontWall hit: ground 1(Clone) normalX=1
FrontWall hit: ground 1(Clone) normalX=1
FrontWall hit: ground 1(Clone) normalX=1
Fewer observations (0) made than vector observation size (7). The observations will be padded.
Fewer observations (0) made than vector observation size (7). The observations will be padded.
Fewer observations (0) made than vector observation size (7). The observations will be padded.
Fewer observations (0) made than vector observation size (7). The observations will be padded.
Fewer observations (0) made than vector observation size (7). The observations will be padded.
FrontWall hit: ground 1(Clone) normalX=1
FrontWall hit: ground 1(Clone) normalX=1
FrontWall hit: ground 1(Clone) normalX=1
Fewer observations (0) made than vector observation size (7). The observations will be padded.
Fewer observations (0) made than vector observation size (7). The observations will be padded.
Fewer observations (0) made than vector observation size (7). The observations will be padded.
Fewer observations (0) made than vector observation size (7). The observations will be padded.
Fewer observations (0) made than vector observation size (7). The observations will be padded.
Fewer observations (0) made than vector observation size (7). The observations will be padded.
Fewer observations (0) made than vector observation size (7). The observations will be padded.
Fewer observations (0) made than vector observation size (7). The observations will be padded.
Fewer observations (0) made than vector observation size (7). The observations will be padded.
生成了一個物件
Fewer observations (0) made than vector observation size (7). The observations will be padded.
FrontWall hit: ground 1(Clone) normalX=1
FrontWall hit: ground 1(Clone) normalX=1
FrontWall hit: ground 1(Clone) normalX=1
生成了一個物件
Fewer observations (0) made than vector observation size (7). The observations will be padded.
Fewer observations (0) made than vector observation size (7). The observations will be padded.
生成了一個物件
Fewer observations (0) made than vector observation size (7). The observations will be padded.
Fewer observations (0) made than vector observation size (7). The observations will be padded.
生成了一個物件
Fewer observations (0) made than vector observation size (7). The observations will be padded.
Fewer observations (0) made than vector observation size (7). The observations will be padded.
Fewer observations (0) made than vector observation size (7). The observations will be padded.
Fewer observations (0) made than vector observation size (7). The observations will be padded.
Fewer observations (0) made than vector observation size (7). The observations will be padded.
FrontWall hit: ground 1(Clone) normalX=1
FrontWall hit: ground 1(Clone) normalX=1
FrontWall hit: ground 1(Clone) normalX=1
Fewer observations (0) made than vector observation size (7). The observations will be padded.
Fewer observations (0) made than vector observation size (7). The observations will be padded.
FrontWall hit: ground 1(Clone) normalX=1
FrontWall hit: ground 1(Clone) normalX=1
FrontWall hit: ground 1(Clone) normalX=1
Fewer observations (0) made than vector observation size (7). The observations will be padded.
Fewer observations (0) made than vector observation size (7). The observations will be padded.
Fewer observations (0) made than vector observation size (7). The observations will be padded.
FrontWall hit: ground 1(Clone) normalX=1
FrontWall hit: ground 1(Clone) normalX=1
FrontWall hit: ground 1(Clone) normalX=1
Fewer observations (0) made than vector observation size (7). The observations will be padded.
生成了一個物件
Fewer observations (0) made than vector observation size (7). The observations will be padded.
FrontWall hit: ground 1(Clone) normalX=1
FrontWall hit: ground 1(Clone) normalX=1
FrontWall hit: ground 1(Clone) normalX=1
Fewer observations (0) made than vector observation size (7). The observations will be padded.
FrontWall hit: ground 1(Clone) normalX=1
FrontWall hit: ground 1(Clone) normalX=1
生成了一個物件
FrontWall hit: ground 1(Clone) normalX=1
Fewer observations (0) made than vector observation size (7). The observations will be padded.
FrontWall hit: ground 1(Clone) normalX=1
FrontWall hit: ground 1(Clone) normalX=1
FrontWall hit: ground 1(Clone) normalX=1
Fewer observations (0) made than vector observation size (7). The observations will be padded.
生成了一個物件
Fewer observations (0) made than vector observation size (7). The observations will be padded.
FrontWall hit: ground 1(Clone) normalX=1
FrontWall hit: ground 1(Clone) normalX=1
FrontWall hit: ground 1(Clone) normalX=1
Fewer observations (0) made than vector observation size (7). The observations will be padded.
生成了一個物件
Fewer observations (0) made than vector observation size (7). The observations will be padded.
Fewer observations (0) made than vector observation size (7). The observations will be padded.
Fewer observations (0) made than vector observation size (7). The observations will be padded.
Fewer observations (0) made than vector observation size (7). The observations will be padded.
Fewer observations (0) made than vector observation size (7). The observations will be padded.
Fewer observations (0) made than vector observation size (7). The observations will be padded.
Fewer observations (0) made than vector observation size (7). The observations will be padded.
Fewer observations (0) made than vector observation size (7). The observations will be padded.
Fewer observations (0) made than vector observation size (7). The observations will be padded.
Fewer observations (0) made than vector observation size (7). The observations will be padded.
Fewer observations (0) made than vector observation size (7). The observations will be padded.
生成了一個物件
Fewer observations (0) made than vector observation size (7). The observations will be padded.
Fewer observations (0) made than vector observation size (7). The observations will be padded.
生成了一個物件
Fewer observations (0) made than vector observation size (7). The observations will be padded.
Fewer observations (0) made than vector observation size (7). The observations will be padded.
生成了一個物件
Fewer observations (0) made than vector observation size (7). The observations will be padded.
生成了一個物件
Fewer observations (0) made than vector observation size (7). The observations will be padded.
Fewer observations (0) made than vector observation size (7). The observations will be padded.
Fewer observations (0) made than vector observation size (7). The observations will be padded.
FrontWall hit: ground 1(Clone) normalX=1
Fewer observations (0) made than vector observation size (7). The observations will be padded.
Fewer observations (0) made than vector observation size (7). The observations will be padded.
Fewer observations (0) made than vector observation size (7). The observations will be padded.
FrontWall hit: ground 1(Clone) normalX=1
FrontWall hit: ground 1(Clone) normalX=1
FrontWall hit: ground 1(Clone) normalX=1
Fewer observations (0) made than vector observation size (7). The observations will be padded.
Fewer observations (0) made than vector observation size (7). The observations will be padded.
FrontWall hit: ground 1(Clone) normalX=1
FrontWall hit: ground 1(Clone) normalX=1
FrontWall hit: ground 1(Clone) normalX=1
Fewer observations (0) made than vector observation size (7). The observations will be padded.
FrontWall hit: ground 1(Clone) normalX=1
FrontWall hit: ground 1(Clone) normalX=1
FrontWall hit: ground 1(Clone) normalX=1
Fewer observations (0) made than vector observation size (7). The observations will be padded.
FrontWall hit: ground 1(Clone) normalX=1
FrontWall hit: ground 1(Clone) normalX=1
FrontWall hit: ground 1(Clone) normalX=1
Fewer observations (0) made than vector observation size (7). The observations will be padded.
Fewer observations (0) made than vector observation size (7). The observations will be padded.
生成了一個物件
Fewer observations (0) made than vector observation size (7). The observations will be padded.
FrontWall hit: ground 1(Clone) normalX=1
FrontWall hit: ground 1(Clone) normalX=1
FrontWall hit: ground 1(Clone) normalX=1
生成了一個物件
Fewer observations (0) made than vector observation size (7). The observations will be padded.
Fewer observations (0) made than vector observation size (7). The observations will be padded.
生成了一個物件
Fewer observations (0) made than vector observation size (7). The observations will be padded.
Player died!
Fewer observations (0) made than vector observation size (7). The observations will be padded.
Player died!
Fewer observations (0) made than vector observation size (7). The observations will be padded.
FrontWall hit: ground 1(Clone) normalX=-1
Unloading 3 Unused Serialized files (Serialized files now loaded: 0)
Fewer observations (0) made than vector observation size (7). The observations will be padded.
UnloadTime: 5.090300 ms
Unloading 1 unused Assets to reduce memory usage. Loaded Objects now: 2872.
Total: 1.043200 ms (FindLiveObjects: 0.092700 ms CreateObjectMapping: 0.039100 ms MarkObjects: 0.903600 ms  DeleteObjects: 0.007600 ms)

Unloading 3 Unused Serialized files (Serialized files now loaded: 0)
Fewer observations (0) made than vector observation size (7). The observations will be padded.
UnloadTime: 0.492300 ms
Unloading 1 unused Assets to reduce memory usage. Loaded Objects now: 2872.
Total: 0.903100 ms (FindLiveObjects: 0.091100 ms CreateObjectMapping: 0.043400 ms MarkObjects: 0.758700 ms  DeleteObjects: 0.009700 ms)

[LoadMap] Using main map source: D:\Unity\ML-agent\Map\Decode.txt
[LoadFinishMap] Using finish map source: D:\Unity\ML-agent\Map\finishmap.txt
[LoadFinishMap] Finish size = 15 x 15, new rightX = 215
[LoadMap] Done. Main size = 200 x 15, rightX = 215
Fewer observations (0) made than vector observation size (7). The observations will be padded.
生成了一個物件
Fewer observations (0) made than vector observation size (7). The observations will be padded.
Fewer observations (0) made than vector observation size (7). The observations will be padded.
Fewer observations (0) made than vector observation size (7). The observations will be padded.
Fewer observations (0) made than vector observation size (7). The observations will be padded.
Fewer observations (0) made than vector observation size (7). The observations will be padded.
生成了一個物件
Fewer observations (0) made than vector observation size (7). The observations will be padded.
Fewer observations (0) made than vector observation size (7). The observations will be padded.
生成了一個物件
Fewer observations (0) made than vector observation size (7). The observations will be padded.
Fewer observations (0) made than vector observation size (7). The observations will be padded.
生成了一個物件
Fewer observations (0) made than vector observation size (7). The observations will be padded.
Fewer observations (0) made than vector observation size (7). The observations will be padded.
Fewer observations (0) made than vector observation size (7). The observations will be padded.
Fewer observations (0) made than vector observation size (7). The observations will be padded.
Fewer observations (0) made than vector observation size (7). The observations will be padded.
Fewer observations (0) made than vector observation size (7). The observations will be padded.
Fewer observations (0) made than vector observation size (7). The observations will be padded.
Fewer observations (0) made than vector observation size (7). The observations will be padded.
生成了一個物件
Fewer observations (0) made than vector observation size (7). The observations will be padded.
Fewer observations (0) made than vector observation size (7). The observations will be padded.
Fewer observations (0) made than vector observation size (7). The observations will be padded.
Fewer observations (0) made than vector observation size (7). The observations will be padded.
生成了一個物件
Fewer observations (0) made than vector observation size (7). The observations will be padded.
Fewer observations (0) made than vector observation size (7). The observations will be padded.
Fewer observations (0) made than vector observation size (7). The observations will be padded.
生成了一個物件
Fewer observations (0) made than vector observation size (7). The observations will be padded.
生成了一個物件
Fewer observations (0) made than vector observation size (7). The observations will be padded.
Fewer observations (0) made than vector observation size (7). The observations will be padded.
Fewer observations (0) made than vector observation size (7). The observations will be padded.
Fewer observations (0) made than vector observation size (7). The observations will be padded.
Fewer observations (0) made than vector observation size (7). The observations will be padded.
Fewer observations (0) made than vector observation size (7). The observations will be padded.
Fewer observations (0) made than vector observation size (7). The observations will be padded.
Fewer observations (0) made than vector observation size (7). The observations will be padded.
Fewer observations (0) made than vector observation size (7). The observations will be padded.
生成了一個物件
Fewer observations (0) made than vector observation size (7). The observations will be padded.
Fewer observations (0) made than vector observation size (7). The observations will be padded.
Fewer observations (0) made than vector observation size (7). The observations will be padded.
Fewer observations (0) made than vector observation size (7). The observations will be padded.
生成了一個物件
Fewer observations (0) made than vector observation size (7). The observations will be padded.
Fewer observations (0) made than vector observation size (7). The observations will be padded.
Player died!
Fewer observations (0) made than vector observation size (7). The observations will be padded.
Player died!
FrontWall hit: ground 1(Clone) normalX=-1
生成了一個物件
Unloading 3 Unused Serialized files (Serialized files now loaded: 0)
UnloadTime: 3.196200 ms
Unloading 1 unused Assets to reduce memory usage. Loaded Objects now: 2872.
Total: 1.077400 ms (FindLiveObjects: 0.085500 ms CreateObjectMapping: 0.036400 ms MarkObjects: 0.921700 ms  DeleteObjects: 0.033700 ms)

Unloading 3 Unused Serialized files (Serialized files now loaded: 0)
Fewer observations (0) made than vector observation size (7). The observations will be padded.
UnloadTime: 0.501700 ms
Unloading 1 unused Assets to reduce memory usage. Loaded Objects now: 2872.
Total: 0.921300 ms (FindLiveObjects: 0.082800 ms CreateObjectMapping: 0.038900 ms MarkObjects: 0.791900 ms  DeleteObjects: 0.007400 ms)

[LoadMap] Using main map source: D:\Unity\ML-agent\Map\Decode.txt
[LoadFinishMap] Using finish map source: D:\Unity\ML-agent\Map\finishmap.txt
[LoadFinishMap] Finish size = 15 x 15, new rightX = 215
[LoadMap] Done. Main size = 200 x 15, rightX = 215
Fewer observations (0) made than vector observation size (7). The observations will be padded.
FrontWall hit: ground 1(Clone) normalX=1
FrontWall hit: ground 1(Clone) normalX=1
FrontWall hit: ground 1(Clone) normalX=1
Fewer observations (0) made than vector observation size (7). The observations will be padded.
生成了一個物件
Fewer observations (0) made than vector observation size (7). The observations will be padded.
Fewer observations (0) made than vector observation size (7). The observations will be padded.
Fewer observations (0) made than vector observation size (7). The observations will be padded.
Fewer observations (0) made than vector observation size (7). The observations will be padded.
Fewer observations (0) made than vector observation size (7). The observations will be padded.
生成了一個物件
Fewer observations (0) made than vector observation size (7). The observations will be padded.
Fewer observations (0) made than vector observation size (7). The observations will be padded.
生成了一個物件
Fewer observations (0) made than vector observation size (7). The observations will be padded.
Fewer observations (0) made than vector observation size (7). The observations will be padded.
生成了一個物件
Fewer observations (0) made than vector observation size (7). The observations will be padded.
Fewer observations (0) made than vector observation size (7). The observations will be padded.
Fewer observations (0) made than vector observation size (7). The observations will be padded.
Fewer observations (0) made than vector observation size (7). The observations will be padded.
Fewer observations (0) made than vector observation size (7). The observations will be padded.
Fewer observations (0) made than vector observation size (7). The observations will be padded.
Fewer observations (0) made than vector observation size (7). The observations will be padded.
Fewer observations (0) made than vector observation size (7). The observations will be padded.
生成了一個物件
FrontWall hit: ground 1(Clone) normalX=1
Fewer observations (0) made than vector observation size (7). The observations will be padded.
Fewer observations (0) made than vector observation size (7). The observations will be padded.
Fewer observations (0) made than vector observation size (7). The observations will be padded.
Fewer observations (0) made than vector observation size (7). The observations will be padded.
Fewer observations (0) made than vector observation size (7). The observations will be padded.
生成了一個物件
Fewer observations (0) made than vector observation size (7). The observations will be padded.
Fewer observations (0) made than vector observation size (7). The observations will be padded.
生成了一個物件
Fewer observations (0) made than vector observation size (7). The observations will be padded.
生成了一個物件
Fewer observations (0) made than vector observation size (7). The observations will be padded.
Fewer observations (0) made than vector observation size (7). The observations will be padded.
Fewer observations (0) made than vector observation size (7). The observations will be padded.
Fewer observations (0) made than vector observation size (7). The observations will be padded.
Fewer observations (0) made than vector observation size (7). The observations will be padded.
Fewer observations (0) made than vector observation size (7). The observations will be padded.
Fewer observations (0) made than vector observation size (7). The observations will be padded.
Fewer observations (0) made than vector observation size (7). The observations will be padded.
Fewer observations (0) made than vector observation size (7). The observations will be padded.
生成了一個物件
Fewer observations (0) made than vector observation size (7). The observations will be padded.
Fewer observations (0) made than vector observation size (7). The observations will be padded.
Fewer observations (0) made than vector observation size (7). The observations will be padded.
Fewer observations (0) made than vector observation size (7). The observations will be padded.
生成了一個物件
Fewer observations (0) made than vector observation size (7). The observations will be padded.
FrontWall hit: ground 1(Clone) normalX=1
FrontWall hit: ground 1(Clone) normalX=1
FrontWall hit: ground 1(Clone) normalX=1
Fewer observations (0) made than vector observation size (7). The observations will be padded.
生成了一個物件
Fewer observations (0) made than vector observation size (7). The observations will be padded.
Fewer observations (0) made than vector observation size (7). The observations will be padded.
生成了一個物件
Fewer observations (0) made than vector observation size (7). The observations will be padded.
Fewer observations (0) made than vector observation size (7). The observations will be padded.
Fewer observations (0) made than vector observation size (7). The observations will be padded.
Fewer observations (0) made than vector observation size (7). The observations will be padded.
Fewer observations (0) made than vector observation size (7). The observations will be padded.
Fewer observations (0) made than vector observation size (7). The observations will be padded.
Fewer observations (0) made than vector observation size (7). The observations will be padded.
Fewer observations (0) made than vector observation size (7). The observations will be padded.
生成了一個物件
Fewer observations (0) made than vector observation size (7). The observations will be padded.
Fewer observations (0) made than vector observation size (7). The observations will be padded.
Fewer observations (0) made than vector observation size (7). The observations will be padded.
Fewer observations (0) made than vector observation size (7). The observations will be padded.
Player died!
Fewer observations (0) made than vector observation size (7). The observations will be padded.
Player died!
Player died!
Fewer observations (0) made than vector observation size (7). The observations will be padded.
Unloading 3 Unused Serialized files (Serialized files now loaded: 0)
Fewer observations (0) made than vector observation size (7). The observations will be padded.
UnloadTime: 3.386500 ms
Unloading 1 unused Assets to reduce memory usage. Loaded Objects now: 2872.
Total: 0.906600 ms (FindLiveObjects: 0.084600 ms CreateObjectMapping: 0.038100 ms MarkObjects: 0.776400 ms  DeleteObjects: 0.007400 ms)

Unloading 3 Unused Serialized files (Serialized files now loaded: 0)
Fewer observations (0) made than vector observation size (7). The observations will be padded.
UnloadTime: 0.576700 ms
Unloading 1 unused Assets to reduce memory usage. Loaded Objects now: 2872.
Total: 0.744900 ms (FindLiveObjects: 0.081500 ms CreateObjectMapping: 0.039400 ms MarkObjects: 0.615400 ms  DeleteObjects: 0.008400 ms)

Unloading 3 Unused Serialized files (Serialized files now loaded: 0)
Fewer observations (0) made than vector observation size (7). The observations will be padded.
UnloadTime: 0.548800 ms
Unloading 1 unused Assets to reduce memory usage. Loaded Objects now: 2872.
Total: 0.733600 ms (FindLiveObjects: 0.079000 ms CreateObjectMapping: 0.036000 ms MarkObjects: 0.611600 ms  DeleteObjects: 0.006800 ms)

[LoadMap] Using main map source: D:\Unity\ML-agent\Map\Decode.txt
[LoadFinishMap] Using finish map source: D:\Unity\ML-agent\Map\finishmap.txt
[LoadFinishMap] Finish size = 15 x 15, new rightX = 215
[LoadMap] Done. Main size = 200 x 15, rightX = 215
Fewer observations (0) made than vector observation size (7). The observations will be padded.
FrontWall hit: ground 1(Clone) normalX=1
FrontWall hit: ground 1(Clone) normalX=1
FrontWall hit: ground 1(Clone) normalX=1
Fewer observations (0) made than vector observation size (7). The observations will be padded.
Fewer observations (0) made than vector observation size (7). The observations will be padded.
生成了一個物件
Fewer observations (0) made than vector observation size (7). The observations will be padded.
FrontWall hit: ground 1(Clone) normalX=1
FrontWall hit: ground 1(Clone) normalX=1
FrontWall hit: ground 1(Clone) normalX=1
Fewer observations (0) made than vector observation size (7). The observations will be padded.
Fewer observations (0) made than vector observation size (7). The observations will be padded.
Fewer observations (0) made than vector observation size (7). The observations will be padded.
Fewer observations (0) made than vector observation size (7). The observations will be padded.
Fewer observations (0) made than vector observation size (7). The observations will be padded.
Fewer observations (0) made than vector observation size (7). The observations will be padded.
FrontWall hit: ground 1(Clone) normalX=1
生成了一個物件
FrontWall hit: ground 1(Clone) normalX=1
FrontWall hit: ground 1(Clone) normalX=1
Fewer observations (0) made than vector observation size (7). The observations will be padded.
Fewer observations (0) made than vector observation size (7). The observations will be padded.
Fewer observations (0) made than vector observation size (7). The observations will be padded.
Fewer observations (0) made than vector observation size (7). The observations will be padded.
生成了一個物件
Fewer observations (0) made than vector observation size (7). The observations will be padded.
Fewer observations (0) made than vector observation size (7). The observations will be padded.
生成了一個物件
Fewer observations (0) made than vector observation size (7). The observations will be padded.
Fewer observations (0) made than vector observation size (7). The observations will be padded.
Fewer observations (0) made than vector observation size (7). The observations will be padded.
生成了一個物件
Fewer observations (0) made than vector observation size (7). The observations will be padded.
Fewer observations (0) made than vector observation size (7). The observations will be padded.
Fewer observations (0) made than vector observation size (7). The observations will be padded.
Fewer observations (0) made than vector observation size (7). The observations will be padded.
Fewer observations (0) made than vector observation size (7). The observations will be padded.
Fewer observations (0) made than vector observation size (7). The observations will be padded.
Fewer observations (0) made than vector observation size (7). The observations will be padded.
生成了一個物件
Fewer observations (0) made than vector observation size (7). The observations will be padded.
Fewer observations (0) made than vector observation size (7). The observations will be padded.
Fewer observations (0) made than vector observation size (7). The observations will be padded.
Fewer observations (0) made than vector observation size (7). The observations will be padded.
生成了一個物件
Fewer observations (0) made than vector observation size (7). The observations will be padded.
Fewer observations (0) made than vector observation size (7). The observations will be padded.
Fewer observations (0) made than vector observation size (7). The observations will be padded.
生成了一個物件
Fewer observations (0) made than vector observation size (7). The observations will be padded.
Fewer observations (0) made than vector observation size (7). The observations will be padded.
Fewer observations (0) made than vector observation size (7). The observations will be padded.
生成了一個物件
Fewer observations (0) made than vector observation size (7). The observations will be padded.
Fewer observations (0) made than vector observation size (7). The observations will be padded.
Fewer observations (0) made than vector observation size (7). The observations will be padded.
Fewer observations (0) made than vector observation size (7). The observations will be padded.
Fewer observations (0) made than vector observation size (7). The observations will be padded.
Fewer observations (0) made than vector observation size (7). The observations will be padded.
Fewer observations (0) made than vector observation size (7). The observations will be padded.
生成了一個物件
Fewer observations (0) made than vector observation size (7). The observations will be padded.
Fewer observations (0) made than vector observation size (7). The observations will be padded.
Fewer observations (0) made than vector observation size (7). The observations will be padded.
Fewer observations (0) made than vector observation size (7). The observations will be padded.
生成了一個物件
Fewer observations (0) made than vector observation size (7). The observations will be padded.
Fewer observations (0) made than vector observation size (7). The observations will be padded.
Fewer observations (0) made than vector observation size (7). The observations will be padded.
Player died!
Fewer observations (0) made than vector observation size (7). The observations will be padded.
Player died!
生成了一個物件
Unloading 3 Unused Serialized files (Serialized files now loaded: 0)
UnloadTime: 3.644100 ms
Unloading 1 unused Assets to reduce memory usage. Loaded Objects now: 2872.
Total: 1.161300 ms (FindLiveObjects: 0.093100 ms CreateObjectMapping: 0.035200 ms MarkObjects: 1.022200 ms  DeleteObjects: 0.010600 ms)

Unloading 3 Unused Serialized files (Serialized files now loaded: 0)
Fewer observations (0) made than vector observation size (7). The observations will be padded.
UnloadTime: 0.638300 ms
Unloading 1 unused Assets to reduce memory usage. Loaded Objects now: 2872.
Total: 1.135100 ms (FindLiveObjects: 0.111600 ms CreateObjectMapping: 0.045200 ms MarkObjects: 0.965900 ms  DeleteObjects: 0.012200 ms)

[LoadMap] Using main map source: D:\Unity\ML-agent\Map\Decode.txt
[LoadFinishMap] Using finish map source: D:\Unity\ML-agent\Map\finishmap.txt
[LoadFinishMap] Finish size = 15 x 15, new rightX = 215
[LoadMap] Done. Main size = 200 x 15, rightX = 215
Fewer observations (0) made than vector observation size (7). The observations will be padded.
Fewer observations (0) made than vector observation size (7). The observations will be padded.
Fewer observations (0) made than vector observation size (7). The observations will be padded.
FrontWall hit: ground 1(Clone) normalX=1
FrontWall hit: ground 1(Clone) normalX=1
FrontWall hit: ground 1(Clone) normalX=1
Fewer observations (0) made than vector observation size (7). The observations will be padded.
Fewer observations (0) made than vector observation size (7). The observations will be padded.
Fewer observations (0) made than vector observation size (7). The observations will be padded.
Fewer observations (0) made than vector observation size (7). The observations will be padded.
Fewer observations (0) made than vector observation size (7). The observations will be padded.
Fewer observations (0) made than vector observation size (7). The observations will be padded.
Fewer observations (0) made than vector observation size (7). The observations will be padded.
Fewer observations (0) made than vector observation size (7). The observations will be padded.
Fewer observations (0) made than vector observation size (7). The observations will be padded.
Fewer observations (0) made than vector observation size (7). The observations will be padded.
Fewer observations (0) made than vector observation size (7). The observations will be padded.
生成了一個物件
Fewer observations (0) made than vector observation size (7). The observations will be padded.
Fewer observations (0) made than vector observation size (7). The observations will be padded.
FrontWall hit: ground 1(Clone) normalX=1
FrontWall hit: ground 1(Clone) normalX=1
生成了一個物件
FrontWall hit: ground 1(Clone) normalX=1
Fewer observations (0) made than vector observation size (7). The observations will be padded.
Fewer observations (0) made than vector observation size (7). The observations will be padded.
生成了一個物件
Fewer observations (0) made than vector observation size (7). The observations will be padded.
Fewer observations (0) made than vector observation size (7). The observations will be padded.
生成了一個物件
Fewer observations (0) made than vector observation size (7). The observations will be padded.
Fewer observations (0) made than vector observation size (7). The observations will be padded.
Fewer observations (0) made than vector observation size (7). The observations will be padded.
Fewer observations (0) made than vector observation size (7). The observations will be padded.
Fewer observations (0) made than vector observation size (7). The observations will be padded.
Fewer observations (0) made than vector observation size (7). The observations will be padded.
Fewer observations (0) made than vector observation size (7). The observations will be padded.
Fewer observations (0) made than vector observation size (7). The observations will be padded.
Fewer observations (0) made than vector observation size (7). The observations will be padded.
Fewer observations (0) made than vector observation size (7). The observations will be padded.
Fewer observations (0) made than vector observation size (7). The observations will be padded.
生成了一個物件
Fewer observations (0) made than vector observation size (7). The observations will be padded.
FrontWall hit: ground 1(Clone) normalX=1
FrontWall hit: ground 1(Clone) normalX=1
Fewer observations (0) made than vector observation size (7). The observations will be padded.
FrontWall hit: ground 1(Clone) normalX=1
生成了一個物件
FrontWall hit: ground 1(Clone) normalX=1
FrontWall hit: ground 1(Clone) normalX=1
Fewer observations (0) made than vector observation size (7). The observations will be padded.
FrontWall hit: ground 1(Clone) normalX=1
FrontWall hit: ground 1(Clone) normalX=1
FrontWall hit: ground 1(Clone) normalX=1
Fewer observations (0) made than vector observation size (7). The observations will be padded.
FrontWall hit: ground 1(Clone) normalX=1
FrontWall hit: ground 1(Clone) normalX=1
生成了一個物件
FrontWall hit: ground 1(Clone) normalX=1
Fewer observations (0) made than vector observation size (7). The observations will be padded.
Fewer observations (0) made than vector observation size (7). The observations will be padded.
生成了一個物件
Fewer observations (0) made than vector observation size (7). The observations will be padded.
FrontWall hit: ground 1(Clone) normalX=1
FrontWall hit: ground 1(Clone) normalX=1
FrontWall hit: ground 1(Clone) normalX=1
Fewer observations (0) made than vector observation size (7). The observations will be padded.
Fewer observations (0) made than vector observation size (7). The observations will be padded.
Fewer observations (0) made than vector observation size (7). The observations will be padded.
Fewer observations (0) made than vector observation size (7). The observations will be padded.
Fewer observations (0) made than vector observation size (7). The observations will be padded.
Fewer observations (0) made than vector observation size (7). The observations will be padded.
Fewer observations (0) made than vector observation size (7). The observations will be padded.
Fewer observations (0) made than vector observation size (7). The observations will be padded.
Fewer observations (0) made than vector observation size (7). The observations will be padded.
Fewer observations (0) made than vector observation size (7). The observations will be padded.
生成了一個物件
Fewer observations (0) made than vector observation size (7). The observations will be padded.
生成了一個物件
Fewer observations (0) made than vector observation size (7). The observations will be padded.
Fewer observations (0) made than vector observation size (7). The observations will be padded.
Fewer observations (0) made than vector observation size (7). The observations will be padded.
生成了一個物件
Fewer observations (0) made than vector observation size (7). The observations will be padded.
Fewer observations (0) made than vector observation size (7). The observations will be padded.
生成了一個物件
Fewer observations (0) made than vector observation size (7). The observations will be padded.
Fewer observations (0) made than vector observation size (7). The observations will be padded.
Fewer observations (0) made than vector observation size (7). The observations will be padded.
Fewer observations (0) made than vector observation size (7). The observations will be padded.
Fewer observations (0) made than vector observation size (7). The observations will be padded.
Fewer observations (0) made than vector observation size (7). The observations will be padded.
Fewer observations (0) made than vector observation size (7). The observations will be padded.
Fewer observations (0) made than vector observation size (7). The observations will be padded.
Fewer observations (0) made than vector observation size (7). The observations will be padded.
Fewer observations (0) made than vector observation size (7). The observations will be padded.
生成了一個物件
Fewer observations (0) made than vector observation size (7). The observations will be padded.
Player died!
Fewer observations (0) made than vector observation size (7). The observations will be padded.
Unloading 3 Unused Serialized files (Serialized files now loaded: 0)
UnloadTime: 3.216200 ms
Unloading 1 unused Assets to reduce memory usage. Loaded Objects now: 2872.
Total: 1.088300 ms (FindLiveObjects: 0.096600 ms CreateObjectMapping: 0.039000 ms MarkObjects: 0.897400 ms  DeleteObjects: 0.055200 ms)

[LoadMap] Using main map source: D:\Unity\ML-agent\Map\Decode.txt
[LoadFinishMap] Using finish map source: D:\Unity\ML-agent\Map\finishmap.txt
[LoadFinishMap] Finish size = 15 x 15, new rightX = 215
[LoadMap] Done. Main size = 200 x 15, rightX = 215
Fewer observations (0) made than vector observation size (7). The observations will be padded.
生成了一個物件
Fewer observations (0) made than vector observation size (7). The observations will be padded.
Fewer observations (0) made than vector observation size (7). The observations will be padded.
Fewer observations (0) made than vector observation size (7). The observations will be padded.
Fewer observations (0) made than vector observation size (7). The observations will be padded.
FrontWall hit: ground 1(Clone) normalX=1
FrontWall hit: ground 1(Clone) normalX=1
FrontWall hit: ground 1(Clone) normalX=1
Fewer observations (0) made than vector observation size (7). The observations will be padded.
FrontWall hit: ground 1(Clone) normalX=1
FrontWall hit: ground 1(Clone) normalX=1
FrontWall hit: ground 1(Clone) normalX=1
Fewer observations (0) made than vector observation size (7). The observations will be padded.
Fewer observations (0) made than vector observation size (7). The observations will be padded.
Fewer observations (0) made than vector observation size (7). The observations will be padded.
FrontWall hit: ground 1(Clone) normalX=1
FrontWall hit: ground 1(Clone) normalX=1
FrontWall hit: ground 1(Clone) normalX=1
Fewer observations (0) made than vector observation size (7). The observations will be padded.
FrontWall hit: ground 1(Clone) normalX=1
FrontWall hit: ground 1(Clone) normalX=1
FrontWall hit: ground 1(Clone) normalX=1
Fewer observations (0) made than vector observation size (7). The observations will be padded.
Fewer observations (0) made than vector observation size (7). The observations will be padded.
FrontWall hit: ground 1(Clone) normalX=1
FrontWall hit: ground 1(Clone) normalX=1
FrontWall hit: ground 1(Clone) normalX=1
Fewer observations (0) made than vector observation size (7). The observations will be padded.
FrontWall hit: ground 1(Clone) normalX=1
FrontWall hit: ground 1(Clone) normalX=1
FrontWall hit: ground 1(Clone) normalX=1
Fewer observations (0) made than vector observation size (7). The observations will be padded.
FrontWall hit: ground 1(Clone) normalX=1
FrontWall hit: ground 1(Clone) normalX=1
FrontWall hit: ground 1(Clone) normalX=1
Fewer observations (0) made than vector observation size (7). The observations will be padded.
Fewer observations (0) made than vector observation size (7). The observations will be padded.
生成了一個物件
Fewer observations (0) made than vector observation size (7). The observations will be padded.
生成了一個物件
Fewer observations (0) made than vector observation size (7). The observations will be padded.
Fewer observations (0) made than vector observation size (7). The observations will be padded.
Fewer observations (0) made than vector observation size (7). The observations will be padded.
生成了一個物件
Fewer observations (0) made than vector observation size (7). The observations will be padded.
FrontWall hit: ground 1(Clone) normalX=1
FrontWall hit: ground 1(Clone) normalX=1
FrontWall hit: ground 1(Clone) normalX=1
Fewer observations (0) made than vector observation size (7). The observations will be padded.
Fewer observations (0) made than vector observation size (7). The observations will be padded.
Fewer observations (0) made than vector observation size (7). The observations will be padded.
生成了一個物件
Fewer observations (0) made than vector observation size (7). The observations will be padded.
Fewer observations (0) made than vector observation size (7). The observations will be padded.
Fewer observations (0) made than vector observation size (7). The observations will be padded.
Fewer observations (0) made than vector observation size (7). The observations will be padded.
Fewer observations (0) made than vector observation size (7). The observations will be padded.
Fewer observations (0) made than vector observation size (7). The observations will be padded.
Fewer observations (0) made than vector observation size (7). The observations will be padded.
Fewer observations (0) made than vector observation size (7). The observations will be padded.
Fewer observations (0) made than vector observation size (7). The observations will be padded.
生成了一個物件
Fewer observations (0) made than vector observation size (7). The observations will be padded.
生成了一個物件
Fewer observations (0) made than vector observation size (7). The observations will be padded.
Fewer observations (0) made than vector observation size (7). The observations will be padded.
Fewer observations (0) made than vector observation size (7). The observations will be padded.
生成了一個物件
Fewer observations (0) made than vector observation size (7). The observations will be padded.
Player died!
Fewer observations (0) made than vector observation size (7). The observations will be padded.
Player died!
Fewer observations (0) made than vector observation size (7). The observations will be padded.
Unloading 3 Unused Serialized files (Serialized files now loaded: 0)
Fewer observations (0) made than vector observation size (7). The observations will be padded.
UnloadTime: 3.909800 ms
Unloading 1 unused Assets to reduce memory usage. Loaded Objects now: 2872.
Total: 0.990400 ms (FindLiveObjects: 0.107300 ms CreateObjectMapping: 0.044900 ms MarkObjects: 0.829100 ms  DeleteObjects: 0.009100 ms)

Unloading 3 Unused Serialized files (Serialized files now loaded: 0)
Fewer observations (0) made than vector observation size (7). The observations will be padded.
UnloadTime: 0.550100 ms
Unloading 1 unused Assets to reduce memory usage. Loaded Objects now: 2872.
Total: 0.840500 ms (FindLiveObjects: 0.080300 ms CreateObjectMapping: 0.034200 ms MarkObjects: 0.717200 ms  DeleteObjects: 0.008500 ms)

[LoadMap] Using main map source: D:\Unity\ML-agent\Map\Decode.txt
[LoadFinishMap] Using finish map source: D:\Unity\ML-agent\Map\finishmap.txt
[LoadFinishMap] Finish size = 15 x 15, new rightX = 215
[LoadMap] Done. Main size = 200 x 15, rightX = 215
生成了一個物件
Fewer observations (0) made than vector observation size (7). The observations will be padded.
Fewer observations (0) made than vector observation size (7). The observations will be padded.
Fewer observations (0) made than vector observation size (7). The observations will be padded.
Fewer observations (0) made than vector observation size (7). The observations will be padded.
Fewer observations (0) made than vector observation size (7). The observations will be padded.
Fewer observations (0) made than vector observation size (7). The observations will be padded.
生成了一個物件
Fewer observations (0) made than vector observation size (7). The observations will be padded.
Fewer observations (0) made than vector observation size (7). The observations will be padded.
生成了一個物件
Fewer observations (0) made than vector observation size (7). The observations will be padded.
Fewer observations (0) made than vector observation size (7). The observations will be padded.
生成了一個物件
Fewer observations (0) made than vector observation size (7). The observations will be padded.
Fewer observations (0) made than vector observation size (7). The observations will be padded.
Fewer observations (0) made than vector observation size (7). The observations will be padded.
Fewer observations (0) made than vector observation size (7). The observations will be padded.
Fewer observations (0) made than vector observation size (7). The observations will be padded.
Fewer observations (0) made than vector observation size (7). The observations will be padded.
Fewer observations (0) made than vector observation size (7). The observations will be padded.
生成了一個物件
Fewer observations (0) made than vector observation size (7). The observations will be padded.
Fewer observations (0) made than vector observation size (7). The observations will be padded.
Fewer observations (0) made than vector observation size (7). The observations will be padded.
Fewer observations (0) made than vector observation size (7). The observations will be padded.
Fewer observations (0) made than vector observation size (7). The observations will be padded.
生成了一個物件
Fewer observations (0) made than vector observation size (7). The observations will be padded.
Fewer observations (0) made than vector observation size (7). The observations will be padded.
Fewer observations (0) made than vector observation size (7). The observations will be padded.
生成了一個物件
Fewer observations (0) made than vector observation size (7). The observations will be padded.
生成了一個物件
Fewer observations (0) made than vector observation size (7). The observations will be padded.
Fewer observations (0) made than vector observation size (7). The observations will be padded.
Fewer observations (0) made than vector observation size (7). The observations will be padded.
Fewer observations (0) made than vector observation size (7). The observations will be padded.
Fewer observations (0) made than vector observation size (7). The observations will be padded.
Fewer observations (0) made than vector observation size (7). The observations will be padded.
Fewer observations (0) made than vector observation size (7). The observations will be padded.
生成了一個物件
Fewer observations (0) made than vector observation size (7). The observations will be padded.
Fewer observations (0) made than vector observation size (7). The observations will be padded.
Fewer observations (0) made than vector observation size (7). The observations will be padded.
Fewer observations (0) made than vector observation size (7). The observations will be padded.
Fewer observations (0) made than vector observation size (7). The observations will be padded.
Fewer observations (0) made than vector observation size (7). The observations will be padded.
FrontWall hit: ground 1(Clone) normalX=1
生成了一個物件
FrontWall hit: ground 1(Clone) normalX=1
Fewer observations (0) made than vector observation size (7). The observations will be padded.
FrontWall hit: ground 1(Clone) normalX=1
FrontWall hit: ground 1(Clone) normalX=1
FrontWall hit: ground 1(Clone) normalX=1
Fewer observations (0) made than vector observation size (7). The observations will be padded.
生成了一個物件
Fewer observations (0) made than vector observation size (7). The observations will be padded.
FrontWall hit: ground 1(Clone) normalX=1
FrontWall hit: ground 1(Clone) normalX=1
FrontWall hit: ground 1(Clone) normalX=1
Fewer observations (0) made than vector observation size (7). The observations will be padded.
FrontWall hit: ground 1(Clone) normalX=1
FrontWall hit: ground 1(Clone) normalX=1
生成了一個物件
FrontWall hit: ground 1(Clone) normalX=1
Fewer observations (0) made than vector observation size (7). The observations will be padded.
FrontWall hit: ground 1(Clone) normalX=1
FrontWall hit: ground 1(Clone) normalX=1
FrontWall hit: ground 1(Clone) normalX=1
Fewer observations (0) made than vector observation size (7). The observations will be padded.
Fewer observations (0) made than vector observation size (7). The observations will be padded.
Player died!
Fewer observations (0) made than vector observation size (7). The observations will be padded.
Player died!
FrontWall hit: ground 1(Clone) normalX=-1
Unloading 3 Unused Serialized files (Serialized files now loaded: 0)
UnloadTime: 4.070700 ms
Unloading 1 unused Assets to reduce memory usage. Loaded Objects now: 2872.
Total: 0.903400 ms (FindLiveObjects: 0.095100 ms CreateObjectMapping: 0.037800 ms MarkObjects: 0.762600 ms  DeleteObjects: 0.007600 ms)

Unloading 3 Unused Serialized files (Serialized files now loaded: 0)
Fewer observations (0) made than vector observation size (7). The observations will be padded.
UnloadTime: 0.550400 ms
Unloading 1 unused Assets to reduce memory usage. Loaded Objects now: 2872.
Total: 0.815100 ms (FindLiveObjects: 0.080000 ms CreateObjectMapping: 0.037600 ms MarkObjects: 0.689300 ms  DeleteObjects: 0.008000 ms)

[LoadMap] Using main map source: D:\Unity\ML-agent\Map\Decode.txt
[LoadFinishMap] Using finish map source: D:\Unity\ML-agent\Map\finishmap.txt
[LoadFinishMap] Finish size = 15 x 15, new rightX = 215
[LoadMap] Done. Main size = 200 x 15, rightX = 215
Fewer observations (0) made than vector observation size (7). The observations will be padded.
Fewer observations (0) made than vector observation size (7). The observations will be padded.
FrontWall hit: ground 1(Clone) normalX=1
Fewer observations (0) made than vector observation size (7). The observations will be padded.
Fewer observations (0) made than vector observation size (7). The observations will be padded.
Fewer observations (0) made than vector observation size (7). The observations will be padded.
Fewer observations (0) made than vector observation size (7). The observations will be padded.
Fewer observations (0) made than vector observation size (7). The observations will be padded.
Fewer observations (0) made than vector observation size (7). The observations will be padded.
Fewer observations (0) made than vector observation size (7). The observations will be padded.
Fewer observations (0) made than vector observation size (7). The observations will be padded.
Fewer observations (0) made than vector observation size (7). The observations will be padded.
Fewer observations (0) made than vector observation size (7). The observations will be padded.
Fewer observations (0) made than vector observation size (7). The observations will be padded.
Fewer observations (0) made than vector observation size (7). The observations will be padded.
Fewer observations (0) made than vector observation size (7). The observations will be padded.
Fewer observations (0) made than vector observation size (7). The observations will be padded.
Fewer observations (0) made than vector observation size (7). The observations will be padded.
Fewer observations (0) made than vector observation size (7). The observations will be padded.
Fewer observations (0) made than vector observation size (7). The observations will be padded.
Fewer observations (0) made than vector observation size (7). The observations will be padded.
Fewer observations (0) made than vector observation size (7). The observations will be padded.
Fewer observations (0) made than vector observation size (7). The observations will be padded.
生成了一個物件
Fewer observations (0) made than vector observation size (7). The observations will be padded.
Fewer observations (0) made than vector observation size (7). The observations will be padded.
生成了一個物件
Fewer observations (0) made than vector observation size (7). The observations will be padded.
生成了一個物件
Fewer observations (0) made than vector observation size (7). The observations will be padded.
生成了一個物件
Fewer observations (0) made than vector observation size (7). The observations will be padded.
Fewer observations (0) made than vector observation size (7). The observations will be padded.
Fewer observations (0) made than vector observation size (7). The observations will be padded.
Fewer observations (0) made than vector observation size (7). The observations will be padded.
Fewer observations (0) made than vector observation size (7). The observations will be padded.
Fewer observations (0) made than vector observation size (7). The observations will be padded.
Fewer observations (0) made than vector observation size (7). The observations will be padded.
Fewer observations (0) made than vector observation size (7). The observations will be padded.
Fewer observations (0) made than vector observation size (7). The observations will be padded.
Fewer observations (0) made than vector observation size (7). The observations will be padded.
Fewer observations (0) made than vector observation size (7). The observations will be padded.
Fewer observations (0) made than vector observation size (7). The observations will be padded.
Fewer observations (0) made than vector observation size (7). The observations will be padded.
生成了一個物件
Fewer observations (0) made than vector observation size (7). The observations will be padded.
生成了一個物件
Fewer observations (0) made than vector observation size (7). The observations will be padded.
生成了一個物件
Fewer observations (0) made than vector observation size (7). The observations will be padded.
Fewer observations (0) made than vector observation size (7). The observations will be padded.
生成了一個物件
Fewer observations (0) made than vector observation size (7). The observations will be padded.
Fewer observations (0) made than vector observation size (7). The observations will be padded.
Fewer observations (0) made than vector observation size (7). The observations will be padded.
Fewer observations (0) made than vector observation size (7). The observations will be padded.
Fewer observations (0) made than vector observation size (7). The observations will be padded.
Fewer observations (0) made than vector observation size (7). The observations will be padded.
Fewer observations (0) made than vector observation size (7). The observations will be padded.
Fewer observations (0) made than vector observation size (7). The observations will be padded.
Fewer observations (0) made than vector observation size (7). The observations will be padded.
Fewer observations (0) made than vector observation size (7). The observations will be padded.
Fewer observations (0) made than vector observation size (7). The observations will be padded.
Fewer observations (0) made than vector observation size (7). The observations will be padded.
生成了一個物件
Fewer observations (0) made than vector observation size (7). The observations will be padded.
Fewer observations (0) made than vector observation size (7). The observations will be padded.
生成了一個物件
Fewer observations (0) made than vector observation size (7). The observations will be padded.
生成了一個物件
Fewer observations (0) made than vector observation size (7). The observations will be padded.
Player died!
Fewer observations (0) made than vector observation size (7). The observations will be padded.
Unloading 3 Unused Serialized files (Serialized files now loaded: 0)
UnloadTime: 5.239100 ms
Unloading 1 unused Assets to reduce memory usage. Loaded Objects now: 2872.
Total: 1.234300 ms (FindLiveObjects: 0.089500 ms CreateObjectMapping: 0.035200 ms MarkObjects: 1.100800 ms  DeleteObjects: 0.008500 ms)

[LoadMap] Using main map source: D:\Unity\ML-agent\Map\Decode.txt
[LoadFinishMap] Using finish map source: D:\Unity\ML-agent\Map\finishmap.txt
[LoadFinishMap] Finish size = 15 x 15, new rightX = 215
[LoadMap] Done. Main size = 200 x 15, rightX = 215
Fewer observations (0) made than vector observation size (7). The observations will be padded.
FrontWall hit: ground 1(Clone) normalX=1
FrontWall hit: ground 1(Clone) normalX=1
FrontWall hit: ground 1(Clone) normalX=1
Fewer observations (0) made than vector observation size (7). The observations will be padded.
Fewer observations (0) made than vector observation size (7). The observations will be padded.
生成了一個物件
Fewer observations (0) made than vector observation size (7). The observations will be padded.
Fewer observations (0) made than vector observation size (7). The observations will be padded.
FrontWall hit: ground 1(Clone) normalX=1
FrontWall hit: ground 1(Clone) normalX=1
FrontWall hit: ground 1(Clone) normalX=1
Fewer observations (0) made than vector observation size (7). The observations will be padded.
Fewer observations (0) made than vector observation size (7). The observations will be padded.
FrontWall hit: ground 1(Clone) normalX=1
FrontWall hit: ground 1(Clone) normalX=1
FrontWall hit: ground 1(Clone) normalX=1
Fewer observations (0) made than vector observation size (7). The observations will be padded.
Fewer observations (0) made than vector observation size (7). The observations will be padded.
Fewer observations (0) made than vector observation size (7). The observations will be padded.
Fewer observations (0) made than vector observation size (7). The observations will be padded.
生成了一個物件
Fewer observations (0) made than vector observation size (7). The observations will be padded.
Fewer observations (0) made than vector observation size (7). The observations will be padded.
Fewer observations (0) made than vector observation size (7). The observations will be padded.
生成了一個物件
Fewer observations (0) made than vector observation size (7). The observations will be padded.
Fewer observations (0) made than vector observation size (7). The observations will be padded.
生成了一個物件
Fewer observations (0) made than vector observation size (7). The observations will be padded.
Fewer observations (0) made than vector observation size (7). The observations will be padded.
Fewer observations (0) made than vector observation size (7). The observations will be padded.
FrontWall hit: ground 1(Clone) normalX=1
FrontWall hit: ground 1(Clone) normalX=1
FrontWall hit: ground 1(Clone) normalX=1
生成了一個物件
Fewer observations (0) made than vector observation size (7). The observations will be padded.
Fewer observations (0) made than vector observation size (7). The observations will be padded.
Fewer observations (0) made than vector observation size (7). The observations will be padded.
Fewer observations (0) made than vector observation size (7). The observations will be padded.
Fewer observations (0) made than vector observation size (7). The observations will be padded.
Fewer observations (0) made than vector observation size (7). The observations will be padded.
Fewer observations (0) made than vector observation size (7). The observations will be padded.
Fewer observations (0) made than vector observation size (7). The observations will be padded.
Fewer observations (0) made than vector observation size (7). The observations will be padded.
生成了一個物件
Fewer observations (0) made than vector observation size (7). The observations will be padded.
Fewer observations (0) made than vector observation size (7). The observations will be padded.
Fewer observations (0) made than vector observation size (7). The observations will be padded.
生成了一個物件
Fewer observations (0) made than vector observation size (7). The observations will be padded.
Fewer observations (0) made than vector observation size (7). The observations will be padded.
生成了一個物件
Fewer observations (0) made than vector observation size (7). The observations will be padded.
Fewer observations (0) made than vector observation size (7). The observations will be padded.
Fewer observations (0) made than vector observation size (7). The observations will be padded.
生成了一個物件
Fewer observations (0) made than vector observation size (7). The observations will be padded.
Fewer observations (0) made than vector observation size (7). The observations will be padded.
Fewer observations (0) made than vector observation size (7). The observations will be padded.
Fewer observations (0) made than vector observation size (7). The observations will be padded.
Fewer observations (0) made than vector observation size (7). The observations will be padded.
Fewer observations (0) made than vector observation size (7). The observations will be padded.
Fewer observations (0) made than vector observation size (7). The observations will be padded.
Fewer observations (0) made than vector observation size (7). The observations will be padded.
Fewer observations (0) made than vector observation size (7). The observations will be padded.
生成了一個物件
Fewer observations (0) made than vector observation size (7). The observations will be padded.
Fewer observations (0) made than vector observation size (7). The observations will be padded.
Fewer observations (0) made than vector observation size (7). The observations will be padded.
生成了一個物件
Fewer observations (0) made than vector observation size (7). The observations will be padded.
Fewer observations (0) made than vector observation size (7). The observations will be padded.
生成了一個物件
Fewer observations (0) made than vector observation size (7). The observations will be padded.
Fewer observations (0) made than vector observation size (7). The observations will be padded.
Fewer observations (0) made than vector observation size (7). The observations will be padded.
生成了一個物件
Fewer observations (0) made than vector observation size (7). The observations will be padded.
Player died!
Fewer observations (0) made than vector observation size (7). The observations will be padded.
Player died!
FrontWall hit: ground 1(Clone) normalX=-1
Unloading 3 Unused Serialized files (Serialized files now loaded: 0)
UnloadTime: 4.198200 ms
Unloading 1 unused Assets to reduce memory usage. Loaded Objects now: 2872.
Total: 1.077600 ms (FindLiveObjects: 0.085800 ms CreateObjectMapping: 0.038500 ms MarkObjects: 0.945500 ms  DeleteObjects: 0.007500 ms)

Unloading 3 Unused Serialized files (Serialized files now loaded: 0)
Fewer observations (0) made than vector observation size (7). The observations will be padded.
UnloadTime: 0.488100 ms
Unloading 1 unused Assets to reduce memory usage. Loaded Objects now: 2872.
Total: 0.911100 ms (FindLiveObjects: 0.079000 ms CreateObjectMapping: 0.035200 ms MarkObjects: 0.789800 ms  DeleteObjects: 0.006900 ms)

[LoadMap] Using main map source: D:\Unity\ML-agent\Map\Decode.txt
[LoadFinishMap] Using finish map source: D:\Unity\ML-agent\Map\finishmap.txt
[LoadFinishMap] Finish size = 15 x 15, new rightX = 215
[LoadMap] Done. Main size = 200 x 15, rightX = 215
Fewer observations (0) made than vector observation size (7). The observations will be padded.
FrontWall hit: ground 1(Clone) normalX=1
FrontWall hit: ground 1(Clone) normalX=1
FrontWall hit: ground 1(Clone) normalX=1
Fewer observations (0) made than vector observation size (7). The observations will be padded.
生成了一個物件
Fewer observations (0) made than vector observation size (7). The observations will be padded.
Fewer observations (0) made than vector observation size (7). The observations will be padded.
Fewer observations (0) made than vector observation size (7). The observations will be padded.
Fewer observations (0) made than vector observation size (7). The observations will be padded.
Fewer observations (0) made than vector observation size (7). The observations will be padded.
生成了一個物件
Fewer observations (0) made than vector observation size (7). The observations will be padded.
Fewer observations (0) made than vector observation size (7). The observations will be padded.
FrontWall hit: ground 1(Clone) normalX=1
FrontWall hit: ground 1(Clone) normalX=1
生成了一個物件
FrontWall hit: ground 1(Clone) normalX=1
Fewer observations (0) made than vector observation size (7). The observations will be padded.
Fewer observations (0) made than vector observation size (7). The observations will be padded.
Fewer observations (0) made than vector observation size (7). The observations will be padded.
生成了一個物件
Fewer observations (0) made than vector observation size (7). The observations will be padded.
Fewer observations (0) made than vector observation size (7). The observations will be padded.
Fewer observations (0) made than vector observation size (7). The observations will be padded.
Fewer observations (0) made than vector observation size (7). The observations will be padded.
Fewer observations (0) made than vector observation size (7). The observations will be padded.
Fewer observations (0) made than vector observation size (7). The observations will be padded.
Fewer observations (0) made than vector observation size (7). The observations will be padded.
生成了一個物件
Fewer observations (0) made than vector observation size (7). The observations will be padded.
FrontWall hit: ground 1(Clone) normalX=1
FrontWall hit: ground 1(Clone) normalX=1
FrontWall hit: ground 1(Clone) normalX=1
Fewer observations (0) made than vector observation size (7). The observations will be padded.
Fewer observations (0) made than vector observation size (7). The observations will be padded.
FrontWall hit: ground 1(Clone) normalX=1
FrontWall hit: ground 1(Clone) normalX=1
FrontWall hit: ground 1(Clone) normalX=1
Fewer observations (0) made than vector observation size (7). The observations will be padded.
Fewer observations (0) made than vector observation size (7). The observations will be padded.
生成了一個物件
Fewer observations (0) made than vector observation size (7). The observations will be padded.
Fewer observations (0) made than vector observation size (7). The observations will be padded.
生成了一個物件
Fewer observations (0) made than vector observation size (7). The observations will be padded.
Fewer observations (0) made than vector observation size (7). The observations will be padded.
Fewer observations (0) made than vector observation size (7). The observations will be padded.
生成了一個物件
Fewer observations (0) made than vector observation size (7). The observations will be padded.
Fewer observations (0) made than vector observation size (7). The observations will be padded.
Fewer observations (0) made than vector observation size (7). The observations will be padded.
Fewer observations (0) made than vector observation size (7). The observations will be padded.
Fewer observations (0) made than vector observation size (7). The observations will be padded.
Fewer observations (0) made than vector observation size (7). The observations will be padded.
Fewer observations (0) made than vector observation size (7). The observations will be padded.
生成了一個物件
Fewer observations (0) made than vector observation size (7). The observations will be padded.
Fewer observations (0) made than vector observation size (7). The observations will be padded.
Fewer observations (0) made than vector observation size (7). The observations will be padded.
Fewer observations (0) made than vector observation size (7). The observations will be padded.
生成了一個物件
Fewer observations (0) made than vector observation size (7). The observations will be padded.
Fewer observations (0) made than vector observation size (7). The observations will be padded.
生成了一個物件
Fewer observations (0) made than vector observation size (7). The observations will be padded.
Fewer observations (0) made than vector observation size (7). The observations will be padded.
Fewer observations (0) made than vector observation size (7). The observations will be padded.
生成了一個物件
Fewer observations (0) made than vector observation size (7). The observations will be padded.
Fewer observations (0) made than vector observation size (7). The observations will be padded.
Fewer observations (0) made than vector observation size (7). The observations will be padded.
Fewer observations (0) made than vector observation size (7). The observations will be padded.
Fewer observations (0) made than vector observation size (7). The observations will be padded.
Fewer observations (0) made than vector observation size (7). The observations will be padded.
Fewer observations (0) made than vector observation size (7). The observations will be padded.
生成了一個物件
Fewer observations (0) made than vector observation size (7). The observations will be padded.
Fewer observations (0) made than vector observation size (7). The observations will be padded.
Fewer observations (0) made than vector observation size (7). The observations will be padded.
Fewer observations (0) made than vector observation size (7). The observations will be padded.
Fewer observations (0) made than vector observation size (7). The observations will be padded.
生成了一個物件
FrontWall hit: ground 1(Clone) normalX=1
Fewer observations (0) made than vector observation size (7). The observations will be padded.
Player died!
Fewer observations (0) made than vector observation size (7). The observations will be padded.
Player died!
Fewer observations (0) made than vector observation size (7). The observations will be padded.
FrontWall hit: ground 1(Clone) normalX=-1
Unloading 3 Unused Serialized files (Serialized files now loaded: 0)
Fewer observations (0) made than vector observation size (7). The observations will be padded.
UnloadTime: 3.470400 ms
Unloading 1 unused Assets to reduce memory usage. Loaded Objects now: 2872.
Total: 0.960000 ms (FindLiveObjects: 0.088600 ms CreateObjectMapping: 0.038700 ms MarkObjects: 0.822700 ms  DeleteObjects: 0.009900 ms)

Unloading 3 Unused Serialized files (Serialized files now loaded: 0)
Fewer observations (0) made than vector observation size (7). The observations will be padded.
UnloadTime: 0.534600 ms
Unloading 1 unused Assets to reduce memory usage. Loaded Objects now: 2872.
Total: 0.902800 ms (FindLiveObjects: 0.080100 ms CreateObjectMapping: 0.036500 ms MarkObjects: 0.777600 ms  DeleteObjects: 0.008500 ms)

[LoadMap] Using main map source: D:\Unity\ML-agent\Map\Decode.txt
[LoadFinishMap] Using finish map source: D:\Unity\ML-agent\Map\finishmap.txt
[LoadFinishMap] Finish size = 15 x 15, new rightX = 215
[LoadMap] Done. Main size = 200 x 15, rightX = 215
Fewer observations (0) made than vector observation size (7). The observations will be padded.
FrontWall hit: ground 1(Clone) normalX=1
FrontWall hit: ground 1(Clone) normalX=1
FrontWall hit: ground 1(Clone) normalX=1
Fewer observations (0) made than vector observation size (7). The observations will be padded.
FrontWall hit: ground 1(Clone) normalX=1
FrontWall hit: ground 1(Clone) normalX=1
FrontWall hit: ground 1(Clone) normalX=1
Fewer observations (0) made than vector observation size (7). The observations will be padded.
生成了一個物件
Fewer observations (0) made than vector observation size (7). The observations will be padded.
Fewer observations (0) made than vector observation size (7). The observations will be padded.
Fewer observations (0) made than vector observation size (7). The observations will be padded.
Fewer observations (0) made than vector observation size (7). The observations will be padded.
Fewer observations (0) made than vector observation size (7). The observations will be padded.
生成了一個物件
Fewer observations (0) made than vector observation size (7). The observations will be padded.
Fewer observations (0) made than vector observation size (7). The observations will be padded.
生成了一個物件
Fewer observations (0) made than vector observation size (7). The observations will be padded.
Fewer observations (0) made than vector observation size (7). The observations will be padded.
生成了一個物件
Fewer observations (0) made than vector observation size (7). The observations will be padded.
Fewer observations (0) made than vector observation size (7). The observations will be padded.
Fewer observations (0) made than vector observation size (7). The observations will be padded.
Fewer observations (0) made than vector observation size (7). The observations will be padded.
Fewer observations (0) made than vector observation size (7). The observations will be padded.
Fewer observations (0) made than vector observation size (7). The observations will be padded.
Fewer observations (0) made than vector observation size (7). The observations will be padded.
Fewer observations (0) made than vector observation size (7). The observations will be padded.
生成了一個物件
Fewer observations (0) made than vector observation size (7). The observations will be padded.
Fewer observations (0) made than vector observation size (7). The observations will be padded.
Fewer observations (0) made than vector observation size (7). The observations will be padded.
Fewer observations (0) made than vector observation size (7). The observations will be padded.
Fewer observations (0) made than vector observation size (7). The observations will be padded.
生成了一個物件
Fewer observations (0) made than vector observation size (7). The observations will be padded.
Fewer observations (0) made than vector observation size (7). The observations will be padded.
生成了一個物件
Fewer observations (0) made than vector observation size (7). The observations will be padded.
生成了一個物件
Fewer observations (0) made than vector observation size (7). The observations will be padded.
Fewer observations (0) made than vector observation size (7). The observations will be padded.
Fewer observations (0) made than vector observation size (7). The observations will be padded.
Fewer observations (0) made than vector observation size (7). The observations will be padded.
Fewer observations (0) made than vector observation size (7). The observations will be padded.
Fewer observations (0) made than vector observation size (7). The observations will be padded.
Fewer observations (0) made than vector observation size (7). The observations will be padded.
Fewer observations (0) made than vector observation size (7). The observations will be padded.
Fewer observations (0) made than vector observation size (7). The observations will be padded.
生成了一個物件
Fewer observations (0) made than vector observation size (7). The observations will be padded.
Fewer observations (0) made than vector observation size (7). The observations will be padded.
Fewer observations (0) made than vector observation size (7). The observations will be padded.
Fewer observations (0) made than vector observation size (7). The observations will be padded.
生成了一個物件
Fewer observations (0) made than vector observation size (7). The observations will be padded.
Fewer observations (0) made than vector observation size (7). The observations will be padded.
生成了一個物件
Fewer observations (0) made than vector observation size (7). The observations will be padded.
Fewer observations (0) made than vector observation size (7). The observations will be padded.
生成了一個物件
Fewer observations (0) made than vector observation size (7). The observations will be padded.
Fewer observations (0) made than vector observation size (7). The observations will be padded.
Fewer observations (0) made than vector observation size (7). The observations will be padded.
Fewer observations (0) made than vector observation size (7). The observations will be padded.
Fewer observations (0) made than vector observation size (7). The observations will be padded.
Fewer observations (0) made than vector observation size (7). The observations will be padded.
Fewer observations (0) made than vector observation size (7). The observations will be padded.
Fewer observations (0) made than vector observation size (7). The observations will be padded.
生成了一個物件
Fewer observations (0) made than vector observation size (7). The observations will be padded.
Fewer observations (0) made than vector observation size (7). The observations will be padded.
Fewer observations (0) made than vector observation size (7). The observations will be padded.
Fewer observations (0) made than vector observation size (7). The observations will be padded.
Fewer observations (0) made than vector observation size (7). The observations will be padded.
生成了一個物件
Player died!
Fewer observations (0) made than vector observation size (7). The observations will be padded.
Player died!
Player died!
Unloading 3 Unused Serialized files (Serialized files now loaded: 0)
UnloadTime: 3.368500 ms
Unloading 1 unused Assets to reduce memory usage. Loaded Objects now: 2872.
Total: 1.228100 ms (FindLiveObjects: 0.115200 ms CreateObjectMapping: 0.068900 ms MarkObjects: 1.036000 ms  DeleteObjects: 0.007700 ms)

Unloading 3 Unused Serialized files (Serialized files now loaded: 0)
Fewer observations (0) made than vector observation size (7). The observations will be padded.
UnloadTime: 0.483100 ms
Unloading 1 unused Assets to reduce memory usage. Loaded Objects now: 2872.
Total: 0.720500 ms (FindLiveObjects: 0.074600 ms CreateObjectMapping: 0.034400 ms MarkObjects: 0.605200 ms  DeleteObjects: 0.006200 ms)

Unloading 3 Unused Serialized files (Serialized files now loaded: 0)
Fewer observations (0) made than vector observation size (7). The observations will be padded.
UnloadTime: 0.487000 ms
Unloading 1 unused Assets to reduce memory usage. Loaded Objects now: 2872.
Total: 0.782300 ms (FindLiveObjects: 0.075600 ms CreateObjectMapping: 0.037800 ms MarkObjects: 0.661800 ms  DeleteObjects: 0.007000 ms)

[LoadMap] Using main map source: D:\Unity\ML-agent\Map\Decode.txt
[LoadFinishMap] Using finish map source: D:\Unity\ML-agent\Map\finishmap.txt
[LoadFinishMap] Finish size = 15 x 15, new rightX = 215
[LoadMap] Done. Main size = 200 x 15, rightX = 215
Fewer observations (0) made than vector observation size (7). The observations will be padded.
Fewer observations (0) made than vector observation size (7). The observations will be padded.
生成了一個物件
Fewer observations (0) made than vector observation size (7). The observations will be padded.
Fewer observations (0) made than vector observation size (7). The observations will be padded.
Fewer observations (0) made than vector observation size (7). The observations will be padded.
FrontWall hit: ground 1(Clone) normalX=1
FrontWall hit: ground 1(Clone) normalX=1
Fewer observations (0) made than vector observation size (7). The observations will be padded.
Fewer observations (0) made than vector observation size (7). The observations will be padded.
生成了一個物件
Fewer observations (0) made than vector observation size (7). The observations will be padded.
Fewer observations (0) made than vector observation size (7). The observations will be padded.
生成了一個物件
Fewer observations (0) made than vector observation size (7). The observations will be padded.
Fewer observations (0) made than vector observation size (7). The observations will be padded.
生成了一個物件
Fewer observations (0) made than vector observation size (7). The observations will be padded.
Fewer observations (0) made than vector observation size (7). The observations will be padded.
Fewer observations (0) made than vector observation size (7). The observations will be padded.
Fewer observations (0) made than vector observation size (7). The observations will be padded.
Fewer observations (0) made than vector observation size (7). The observations will be padded.
Fewer observations (0) made than vector observation size (7). The observations will be padded.
Fewer observations (0) made than vector observation size (7). The observations will be padded.
Fewer observations (0) made than vector observation size (7). The observations will be padded.
生成了一個物件
Fewer observations (0) made than vector observation size (7). The observations will be padded.
Fewer observations (0) made than vector observation size (7). The observations will be padded.
Fewer observations (0) made than vector observation size (7). The observations will be padded.
Fewer observations (0) made than vector observation size (7). The observations will be padded.
生成了一個物件
Fewer observations (0) made than vector observation size (7). The observations will be padded.
Fewer observations (0) made than vector observation size (7). The observations will be padded.
Fewer observations (0) made than vector observation size (7). The observations will be padded.
生成了一個物件
Fewer observations (0) made than vector observation size (7). The observations will be padded.
Fewer observations (0) made than vector observation size (7). The observations will be padded.
生成了一個物件
Fewer observations (0) made than vector observation size (7). The observations will be padded.
Fewer observations (0) made than vector observation size (7). The observations will be padded.
Fewer observations (0) made than vector observation size (7). The observations will be padded.
Fewer observations (0) made than vector observation size (7). The observations will be padded.
Fewer observations (0) made than vector observation size (7). The observations will be padded.
FrontWall hit: ground 1(Clone) normalX=1
Fewer observations (0) made than vector observation size (7). The observations will be padded.
Fewer observations (0) made than vector observation size (7). The observations will be padded.
生成了一個物件
Fewer observations (0) made than vector observation size (7). The observations will be padded.
Fewer observations (0) made than vector observation size (7). The observations will be padded.
Fewer observations (0) made than vector observation size (7). The observations will be padded.
Fewer observations (0) made than vector observation size (7). The observations will be padded.
Fewer observations (0) made than vector observation size (7). The observations will be padded.
生成了一個物件
Fewer observations (0) made than vector observation size (7). The observations will be padded.
Fewer observations (0) made than vector observation size (7). The observations will be padded.
Fewer observations (0) made than vector observation size (7). The observations will be padded.
生成了一個物件
Fewer observations (0) made than vector observation size (7). The observations will be padded.
Fewer observations (0) made than vector observation size (7). The observations will be padded.
生成了一個物件
Player died!
Fewer observations (0) made than vector observation size (7). The observations will be padded.
Player died!
Unloading 3 Unused Serialized files (Serialized files now loaded: 0)
UnloadTime: 4.881000 ms
Unloading 1 unused Assets to reduce memory usage. Loaded Objects now: 2872.
Total: 1.382600 ms (FindLiveObjects: 0.083900 ms CreateObjectMapping: 0.038400 ms MarkObjects: 1.252600 ms  DeleteObjects: 0.007600 ms)

Unloading 3 Unused Serialized files (Serialized files now loaded: 0)
Fewer observations (0) made than vector observation size (7). The observations will be padded.
UnloadTime: 0.465500 ms
Unloading 1 unused Assets to reduce memory usage. Loaded Objects now: 2872.
Total: 0.844300 ms (FindLiveObjects: 0.100900 ms CreateObjectMapping: 0.054000 ms MarkObjects: 0.682700 ms  DeleteObjects: 0.006700 ms)

[LoadMap] Using main map source: D:\Unity\ML-agent\Map\Decode.txt
[LoadFinishMap] Using finish map source: D:\Unity\ML-agent\Map\finishmap.txt
[LoadFinishMap] Finish size = 15 x 15, new rightX = 215
[LoadMap] Done. Main size = 200 x 15, rightX = 215
Fewer observations (0) made than vector observation size (7). The observations will be padded.
生成了一個物件
Fewer observations (0) made than vector observation size (7). The observations will be padded.
FrontWall hit: ground 1(Clone) normalX=1
FrontWall hit: ground 1(Clone) normalX=1
Fewer observations (0) made than vector observation size (7). The observations will be padded.
Fewer observations (0) made than vector observation size (7). The observations will be padded.
Fewer observations (0) made than vector observation size (7). The observations will be padded.
Fewer observations (0) made than vector observation size (7). The observations will be padded.
Fewer observations (0) made than vector observation size (7). The observations will be padded.
Fewer observations (0) made than vector observation size (7). The observations will be padded.
Fewer observations (0) made than vector observation size (7). The observations will be padded.
Fewer observations (0) made than vector observation size (7). The observations will be padded.
Fewer observations (0) made than vector observation size (7). The observations will be padded.
Fewer observations (0) made than vector observation size (7). The observations will be padded.
Fewer observations (0) made than vector observation size (7). The observations will be padded.
Fewer observations (0) made than vector observation size (7). The observations will be padded.
Fewer observations (0) made than vector observation size (7). The observations will be padded.
Fewer observations (0) made than vector observation size (7). The observations will be padded.
Fewer observations (0) made than vector observation size (7). The observations will be padded.
生成了一個物件
Fewer observations (0) made than vector observation size (7). The observations will be padded.
Fewer observations (0) made than vector observation size (7). The observations will be padded.
Fewer observations (0) made than vector observation size (7). The observations will be padded.
Fewer observations (0) made than vector observation size (7). The observations will be padded.
生成了一個物件
Fewer observations (0) made than vector observation size (7). The observations will be padded.
生成了一個物件
Fewer observations (0) made than vector observation size (7). The observations will be padded.
生成了一個物件
Fewer observations (0) made than vector observation size (7). The observations will be padded.
Fewer observations (0) made than vector observation size (7). The observations will be padded.
Fewer observations (0) made than vector observation size (7). The observations will be padded.
Fewer observations (0) made than vector observation size (7). The observations will be padded.
Fewer observations (0) made than vector observation size (7). The observations will be padded.
Fewer observations (0) made than vector observation size (7). The observations will be padded.
Fewer observations (0) made than vector observation size (7). The observations will be padded.
Fewer observations (0) made than vector observation size (7). The observations will be padded.
Fewer observations (0) made than vector observation size (7). The observations will be padded.
Fewer observations (0) made than vector observation size (7). The observations will be padded.
Fewer observations (0) made than vector observation size (7). The observations will be padded.
生成了一個物件
Player died!
Fewer observations (0) made than vector observation size (7). The observations will be padded.
Player died!
Fewer observations (0) made than vector observation size (7). The observations will be padded.
Unloading 3 Unused Serialized files (Serialized files now loaded: 0)
Fewer observations (0) made than vector observation size (7). The observations will be padded.
UnloadTime: 5.262100 ms
Unloading 1 unused Assets to reduce memory usage. Loaded Objects now: 2872.
Total: 1.205400 ms (FindLiveObjects: 0.089100 ms CreateObjectMapping: 0.037700 ms MarkObjects: 1.071000 ms  DeleteObjects: 0.007300 ms)

Unloading 3 Unused Serialized files (Serialized files now loaded: 0)
Fewer observations (0) made than vector observation size (7). The observations will be padded.
UnloadTime: 0.569300 ms
Unloading 1 unused Assets to reduce memory usage. Loaded Objects now: 2872.
Total: 0.894300 ms (FindLiveObjects: 0.081400 ms CreateObjectMapping: 0.037900 ms MarkObjects: 0.765500 ms  DeleteObjects: 0.009400 ms)

[LoadMap] Using main map source: D:\Unity\ML-agent\Map\Decode.txt
[LoadFinishMap] Using finish map source: D:\Unity\ML-agent\Map\finishmap.txt
[LoadFinishMap] Finish size = 15 x 15, new rightX = 215
[LoadMap] Done. Main size = 200 x 15, rightX = 215
Fewer observations (0) made than vector observation size (7). The observations will be padded.
FrontWall hit: ground 1(Clone) normalX=1
FrontWall hit: ground 1(Clone) normalX=1
FrontWall hit: ground 1(Clone) normalX=1
Fewer observations (0) made than vector observation size (7). The observations will be padded.
Fewer observations (0) made than vector observation size (7). The observations will be padded.
生成了一個物件
Fewer observations (0) made than vector observation size (7). The observations will be padded.
Fewer observations (0) made than vector observation size (7). The observations will be padded.
Fewer observations (0) made than vector observation size (7). The observations will be padded.
Fewer observations (0) made than vector observation size (7). The observations will be padded.
生成了一個物件
Fewer observations (0) made than vector observation size (7). The observations will be padded.
Fewer observations (0) made than vector observation size (7). The observations will be padded.
生成了一個物件
Fewer observations (0) made than vector observation size (7). The observations will be padded.
Fewer observations (0) made than vector observation size (7). The observations will be padded.
生成了一個物件
Fewer observations (0) made than vector observation size (7). The observations will be padded.
Fewer observations (0) made than vector observation size (7). The observations will be padded.
Fewer observations (0) made than vector observation size (7). The observations will be padded.
Fewer observations (0) made than vector observation size (7). The observations will be padded.
Fewer observations (0) made than vector observation size (7). The observations will be padded.
Fewer observations (0) made than vector observation size (7). The observations will be padded.
Fewer observations (0) made than vector observation size (7). The observations will be padded.
Fewer observations (0) made than vector observation size (7). The observations will be padded.
生成了一個物件
Fewer observations (0) made than vector observation size (7). The observations will be padded.
Fewer observations (0) made than vector observation size (7). The observations will be padded.
Fewer observations (0) made than vector observation size (7). The observations will be padded.
Fewer observations (0) made than vector observation size (7). The observations will be padded.
Fewer observations (0) made than vector observation size (7). The observations will be padded.
生成了一個物件
Fewer observations (0) made than vector observation size (7). The observations will be padded.
Fewer observations (0) made than vector observation size (7). The observations will be padded.
生成了一個物件
Fewer observations (0) made than vector observation size (7). The observations will be padded.
Fewer observations (0) made than vector observation size (7). The observations will be padded.
生成了一個物件
Fewer observations (0) made than vector observation size (7). The observations will be padded.
Fewer observations (0) made than vector observation size (7). The observations will be padded.
Fewer observations (0) made than vector observation size (7). The observations will be padded.
Fewer observations (0) made than vector observation size (7). The observations will be padded.
Fewer observations (0) made than vector observation size (7). The observations will be padded.
Fewer observations (0) made than vector observation size (7). The observations will be padded.
FrontWall hit: ground 1(Clone) normalX=1
Fewer observations (0) made than vector observation size (7). The observations will be padded.
Fewer observations (0) made than vector observation size (7). The observations will be padded.
生成了一個物件
Fewer observations (0) made than vector observation size (7). The observations will be padded.
Fewer observations (0) made than vector observation size (7). The observations will be padded.
Fewer observations (0) made than vector observation size (7). The observations will be padded.
Fewer observations (0) made than vector observation size (7). The observations will be padded.
生成了一個物件
Fewer observations (0) made than vector observation size (7). The observations will be padded.
Fewer observations (0) made than vector observation size (7). The observations will be padded.
Fewer observations (0) made than vector observation size (7). The observations will be padded.
FrontWall hit: ground 1(Clone) normalX=1
生成了一個物件
FrontWall hit: ground 1(Clone) normalX=1
FrontWall hit: ground 1(Clone) normalX=1
Fewer observations (0) made than vector observation size (7). The observations will be padded.
FrontWall hit: ground 1(Clone) normalX=1
FrontWall hit: ground 1(Clone) normalX=1
FrontWall hit: ground 1(Clone) normalX=1
生成了一個物件
Fewer observations (0) made than vector observation size (7). The observations will be padded.
Fewer observations (0) made than vector observation size (7). The observations will be padded.
Fewer observations (0) made than vector observation size (7). The observations will be padded.
Player died!
Fewer observations (0) made than vector observation size (7). The observations will be padded.
Player died!
Unloading 3 Unused Serialized files (Serialized files now loaded: 0)
UnloadTime: 5.031300 ms
Unloading 1 unused Assets to reduce memory usage. Loaded Objects now: 2872.
Total: 1.094800 ms (FindLiveObjects: 0.083800 ms CreateObjectMapping: 0.077800 ms MarkObjects: 0.924900 ms  DeleteObjects: 0.008000 ms)

Unloading 3 Unused Serialized files (Serialized files now loaded: 0)
Fewer observations (0) made than vector observation size (7). The observations will be padded.
UnloadTime: 0.488700 ms
Unloading 1 unused Assets to reduce memory usage. Loaded Objects now: 2872.
Total: 0.723400 ms (FindLiveObjects: 0.077800 ms CreateObjectMapping: 0.034400 ms MarkObjects: 0.604400 ms  DeleteObjects: 0.006700 ms)

[LoadMap] Using main map source: D:\Unity\ML-agent\Map\Decode.txt
[LoadFinishMap] Using finish map source: D:\Unity\ML-agent\Map\finishmap.txt
[LoadFinishMap] Finish size = 15 x 15, new rightX = 215
[LoadMap] Done. Main size = 200 x 15, rightX = 215
生成了一個物件
Fewer observations (0) made than vector observation size (7). The observations will be padded.
Fewer observations (0) made than vector observation size (7). The observations will be padded.
Fewer observations (0) made than vector observation size (7). The observations will be padded.
FrontWall hit: ground 1(Clone) normalX=1
FrontWall hit: ground 1(Clone) normalX=1
FrontWall hit: ground 1(Clone) normalX=1
Fewer observations (0) made than vector observation size (7). The observations will be padded.
Fewer observations (0) made than vector observation size (7). The observations will be padded.
Fewer observations (0) made than vector observation size (7). The observations will be padded.
Fewer observations (0) made than vector observation size (7). The observations will be padded.
Fewer observations (0) made than vector observation size (7). The observations will be padded.
生成了一個物件
Fewer observations (0) made than vector observation size (7). The observations will be padded.
Fewer observations (0) made than vector observation size (7). The observations will be padded.
Fewer observations (0) made than vector observation size (7). The observations will be padded.
生成了一個物件
Fewer observations (0) made than vector observation size (7). The observations will be padded.
Fewer observations (0) made than vector observation size (7). The observations will be padded.
FrontWall hit: ground 1(Clone) normalX=1
生成了一個物件
FrontWall hit: ground 1(Clone) normalX=1
FrontWall hit: ground 1(Clone) normalX=1
Fewer observations (0) made than vector observation size (7). The observations will be padded.
Fewer observations (0) made than vector observation size (7). The observations will be padded.
Fewer observations (0) made than vector observation size (7). The observations will be padded.
Fewer observations (0) made than vector observation size (7). The observations will be padded.
FrontWall hit: ground 1(Clone) normalX=1
FrontWall hit: ground 1(Clone) normalX=1
生成了一個物件
FrontWall hit: ground 1(Clone) normalX=1
Fewer observations (0) made than vector observation size (7). The observations will be padded.
Fewer observations (0) made than vector observation size (7). The observations will be padded.
Fewer observations (0) made than vector observation size (7). The observations will be padded.
Fewer observations (0) made than vector observation size (7). The observations will be padded.
FrontWall hit: ground 1(Clone) normalX=1
FrontWall hit: ground 1(Clone) normalX=1
FrontWall hit: ground 1(Clone) normalX=1
Fewer observations (0) made than vector observation size (7). The observations will be padded.
Fewer observations (0) made than vector observation size (7). The observations will be padded.
Fewer observations (0) made than vector observation size (7). The observations will be padded.
Fewer observations (0) made than vector observation size (7). The observations will be padded.
生成了一個物件
Fewer observations (0) made than vector observation size (7). The observations will be padded.
FrontWall hit: ground 1(Clone) normalX=1
FrontWall hit: ground 1(Clone) normalX=1
FrontWall hit: ground 1(Clone) normalX=1
Fewer observations (0) made than vector observation size (7). The observations will be padded.
Fewer observations (0) made than vector observation size (7). The observations will be padded.
生成了一個物件
Fewer observations (0) made than vector observation size (7). The observations will be padded.
生成了一個物件
Fewer observations (0) made than vector observation size (7). The observations will be padded.
Fewer observations (0) made than vector observation size (7). The observations will be padded.
FrontWall hit: ground 1(Clone) normalX=1
FrontWall hit: ground 1(Clone) normalX=1
FrontWall hit: ground 1(Clone) normalX=1
Fewer observations (0) made than vector observation size (7). The observations will be padded.
Fewer observations (0) made than vector observation size (7). The observations will be padded.
Fewer observations (0) made than vector observation size (7). The observations will be padded.
生成了一個物件
Fewer observations (0) made than vector observation size (7). The observations will be padded.
Fewer observations (0) made than vector observation size (7). The observations will be padded.
Fewer observations (0) made than vector observation size (7). The observations will be padded.
Fewer observations (0) made than vector observation size (7). The observations will be padded.
Fewer observations (0) made than vector observation size (7). The observations will be padded.
Fewer observations (0) made than vector observation size (7). The observations will be padded.
Fewer observations (0) made than vector observation size (7). The observations will be padded.
Fewer observations (0) made than vector observation size (7). The observations will be padded.
生成了一個物件
Fewer observations (0) made than vector observation size (7). The observations will be padded.
Fewer observations (0) made than vector observation size (7). The observations will be padded.
生成了一個物件
Fewer observations (0) made than vector observation size (7). The observations will be padded.
Fewer observations (0) made than vector observation size (7). The observations will be padded.
Player died!
Fewer observations (0) made than vector observation size (7). The observations will be padded.
Player died!
生成了一個物件
FrontWall hit: ground 1(Clone) normalX=-1
Unloading 3 Unused Serialized files (Serialized files now loaded: 0)
UnloadTime: 4.332000 ms
Unloading 1 unused Assets to reduce memory usage. Loaded Objects now: 2872.
Total: 1.002400 ms (FindLiveObjects: 0.111200 ms CreateObjectMapping: 0.047300 ms MarkObjects: 0.835400 ms  DeleteObjects: 0.008400 ms)

Unloading 3 Unused Serialized files (Serialized files now loaded: 0)
Fewer observations (0) made than vector observation size (7). The observations will be padded.
UnloadTime: 0.531300 ms
Unloading 1 unused Assets to reduce memory usage. Loaded Objects now: 2872.
Total: 0.836200 ms (FindLiveObjects: 0.080000 ms CreateObjectMapping: 0.037500 ms MarkObjects: 0.711100 ms  DeleteObjects: 0.007300 ms)

[LoadMap] Using main map source: D:\Unity\ML-agent\Map\Decode.txt
[LoadFinishMap] Using finish map source: D:\Unity\ML-agent\Map\finishmap.txt
[LoadFinishMap] Finish size = 15 x 15, new rightX = 215
[LoadMap] Done. Main size = 200 x 15, rightX = 215
Fewer observations (0) made than vector observation size (7). The observations will be padded.
Fewer observations (0) made than vector observation size (7). The observations will be padded.
FrontWall hit: ground 1(Clone) normalX=1
生成了一個物件
FrontWall hit: ground 1(Clone) normalX=1
Fewer observations (0) made than vector observation size (7). The observations will be padded.
Fewer observations (0) made than vector observation size (7). The observations will be padded.
Fewer observations (0) made than vector observation size (7). The observations will be padded.
Fewer observations (0) made than vector observation size (7). The observations will be padded.
Fewer observations (0) made than vector observation size (7). The observations will be padded.
生成了一個物件
Fewer observations (0) made than vector observation size (7). The observations will be padded.
Fewer observations (0) made than vector observation size (7). The observations will be padded.
Fewer observations (0) made than vector observation size (7). The observations will be padded.
生成了一個物件
Fewer observations (0) made than vector observation size (7). The observations will be padded.
Fewer observations (0) made than vector observation size (7). The observations will be padded.
生成了一個物件
Fewer observations (0) made than vector observation size (7). The observations will be padded.
Fewer observations (0) made than vector observation size (7). The observations will be padded.
Fewer observations (0) made than vector observation size (7). The observations will be padded.
Fewer observations (0) made than vector observation size (7). The observations will be padded.
Fewer observations (0) made than vector observation size (7). The observations will be padded.
Fewer observations (0) made than vector observation size (7). The observations will be padded.
Fewer observations (0) made than vector observation size (7). The observations will be padded.
生成了一個物件
Fewer observations (0) made than vector observation size (7). The observations will be padded.
Fewer observations (0) made than vector observation size (7). The observations will be padded.
Fewer observations (0) made than vector observation size (7). The observations will be padded.
Fewer observations (0) made than vector observation size (7). The observations will be padded.
Fewer observations (0) made than vector observation size (7). The observations will be padded.
生成了一個物件
Fewer observations (0) made than vector observation size (7). The observations will be padded.
Fewer observations (0) made than vector observation size (7). The observations will be padded.
Fewer observations (0) made than vector observation size (7). The observations will be padded.
生成了一個物件
Fewer observations (0) made than vector observation size (7). The observations will be padded.
生成了一個物件
Fewer observations (0) made than vector observation size (7). The observations will be padded.
Fewer observations (0) made than vector observation size (7). The observations will be padded.
Fewer observations (0) made than vector observation size (7). The observations will be padded.
Fewer observations (0) made than vector observation size (7). The observations will be padded.
Fewer observations (0) made than vector observation size (7). The observations will be padded.
Fewer observations (0) made than vector observation size (7). The observations will be padded.
Fewer observations (0) made than vector observation size (7). The observations will be padded.
生成了一個物件
Fewer observations (0) made than vector observation size (7). The observations will be padded.
Fewer observations (0) made than vector observation size (7). The observations will be padded.
Player died!
Fewer observations (0) made than vector observation size (7). The observations will be padded.
Player died!
Player died!
FrontWall hit: ground 1(Clone) normalX=-1
Unloading 3 Unused Serialized files (Serialized files now loaded: 0)
UnloadTime: 4.913200 ms
Unloading 1 unused Assets to reduce memory usage. Loaded Objects now: 2872.
Total: 1.176200 ms (FindLiveObjects: 0.086200 ms CreateObjectMapping: 0.037900 ms MarkObjects: 0.977300 ms  DeleteObjects: 0.074800 ms)

Unloading 3 Unused Serialized files (Serialized files now loaded: 0)
Fewer observations (0) made than vector observation size (7). The observations will be padded.
UnloadTime: 0.486200 ms
Unloading 1 unused Assets to reduce memory usage. Loaded Objects now: 2872.
Total: 1.032000 ms (FindLiveObjects: 0.077100 ms CreateObjectMapping: 0.038000 ms MarkObjects: 0.909400 ms  DeleteObjects: 0.007300 ms)

Unloading 3 Unused Serialized files (Serialized files now loaded: 0)
Fewer observations (0) made than vector observation size (7). The observations will be padded.
UnloadTime: 0.520800 ms
Unloading 1 unused Assets to reduce memory usage. Loaded Objects now: 2872.
Total: 0.953300 ms (FindLiveObjects: 0.079800 ms CreateObjectMapping: 0.036700 ms MarkObjects: 0.828400 ms  DeleteObjects: 0.008300 ms)

[LoadMap] Using main map source: D:\Unity\ML-agent\Map\Decode.txt
[LoadFinishMap] Using finish map source: D:\Unity\ML-agent\Map\finishmap.txt
[LoadFinishMap] Finish size = 15 x 15, new rightX = 215
[LoadMap] Done. Main size = 200 x 15, rightX = 215
Fewer observations (0) made than vector observation size (7). The observations will be padded.
生成了一個物件
Fewer observations (0) made than vector observation size (7). The observations will be padded.
Fewer observations (0) made than vector observation size (7). The observations will be padded.
Fewer observations (0) made than vector observation size (7). The observations will be padded.
Fewer observations (0) made than vector observation size (7). The observations will be padded.
Fewer observations (0) made than vector observation size (7). The observations will be padded.
生成了一個物件
Fewer observations (0) made than vector observation size (7). The observations will be padded.
Fewer observations (0) made than vector observation size (7). The observations will be padded.
Fewer observations (0) made than vector observation size (7). The observations will be padded.
生成了一個物件
Fewer observations (0) made than vector observation size (7). The observations will be padded.
生成了一個物件
Fewer observations (0) made than vector observation size (7). The observations will be padded.
Fewer observations (0) made than vector observation size (7). The observations will be padded.
Fewer observations (0) made than vector observation size (7). The observations will be padded.
Fewer observations (0) made than vector observation size (7). The observations will be padded.
Fewer observations (0) made than vector observation size (7). The observations will be padded.
Fewer observations (0) made than vector observation size (7). The observations will be padded.
Fewer observations (0) made than vector observation size (7). The observations will be padded.
生成了一個物件
Fewer observations (0) made than vector observation size (7). The observations will be padded.
Fewer observations (0) made than vector observation size (7). The observations will be padded.
Fewer observations (0) made than vector observation size (7). The observations will be padded.
Fewer observations (0) made than vector observation size (7). The observations will be padded.
Fewer observations (0) made than vector observation size (7). The observations will be padded.
Fewer observations (0) made than vector observation size (7). The observations will be padded.
生成了一個物件
Fewer observations (0) made than vector observation size (7). The observations will be padded.
Fewer observations (0) made than vector observation size (7). The observations will be padded.
生成了一個物件
Fewer observations (0) made than vector observation size (7). The observations will be padded.
Fewer observations (0) made than vector observation size (7). The observations will be padded.
生成了一個物件
Fewer observations (0) made than vector observation size (7). The observations will be padded.
Fewer observations (0) made than vector observation size (7). The observations will be padded.
Fewer observations (0) made than vector observation size (7). The observations will be padded.
Fewer observations (0) made than vector observation size (7). The observations will be padded.
Fewer observations (0) made than vector observation size (7). The observations will be padded.
Fewer observations (0) made than vector observation size (7). The observations will be padded.
Fewer observations (0) made than vector observation size (7). The observations will be padded.
生成了一個物件
Fewer observations (0) made than vector observation size (7). The observations will be padded.
Fewer observations (0) made than vector observation size (7). The observations will be padded.
Fewer observations (0) made than vector observation size (7). The observations will be padded.
Fewer observations (0) made than vector observation size (7). The observations will be padded.
Fewer observations (0) made than vector observation size (7). The observations will be padded.
Fewer observations (0) made than vector observation size (7). The observations will be padded.
生成了一個物件
Fewer observations (0) made than vector observation size (7). The observations will be padded.
Fewer observations (0) made than vector observation size (7). The observations will be padded.
生成了一個物件
Fewer observations (0) made than vector observation size (7). The observations will be padded.
Fewer observations (0) made than vector observation size (7). The observations will be padded.
生成了一個物件
Player died!
Fewer observations (0) made than vector observation size (7). The observations will be padded.
Player died!
Unloading 3 Unused Serialized files (Serialized files now loaded: 0)
UnloadTime: 5.025100 ms
Unloading 1 unused Assets to reduce memory usage. Loaded Objects now: 2872.
Total: 1.068000 ms (FindLiveObjects: 0.087900 ms CreateObjectMapping: 0.035100 ms MarkObjects: 0.933800 ms  DeleteObjects: 0.010800 ms)

Unloading 3 Unused Serialized files (Serialized files now loaded: 0)
Fewer observations (0) made than vector observation size (7). The observations will be padded.
UnloadTime: 0.486800 ms
Unloading 1 unused Assets to reduce memory usage. Loaded Objects now: 2872.
Total: 0.816700 ms (FindLiveObjects: 0.074400 ms CreateObjectMapping: 0.036300 ms MarkObjects: 0.699300 ms  DeleteObjects: 0.006400 ms)

[LoadMap] Using main map source: D:\Unity\ML-agent\Map\Decode.txt
[LoadFinishMap] Using finish map source: D:\Unity\ML-agent\Map\finishmap.txt
[LoadFinishMap] Finish size = 15 x 15, new rightX = 215
[LoadMap] Done. Main size = 200 x 15, rightX = 215
Fewer observations (0) made than vector observation size (7). The observations will be padded.
Fewer observations (0) made than vector observation size (7). The observations will be padded.
FrontWall hit: ground 1(Clone) normalX=1
FrontWall hit: ground 1(Clone) normalX=1
生成了一個物件
FrontWall hit: ground 1(Clone) normalX=1
Fewer observations (0) made than vector observation size (7). The observations will be padded.
FrontWall hit: ground 1(Clone) normalX=1
FrontWall hit: ground 1(Clone) normalX=1
FrontWall hit: ground 1(Clone) normalX=1
Fewer observations (0) made than vector observation size (7). The observations will be padded.
FrontWall hit: ground 1(Clone) normalX=1
FrontWall hit: ground 1(Clone) normalX=1
FrontWall hit: ground 1(Clone) normalX=1
Fewer observations (0) made than vector observation size (7). The observations will be padded.
Fewer observations (0) made than vector observation size (7). The observations will be padded.
FrontWall hit: ground 1(Clone) normalX=1
FrontWall hit: ground 1(Clone) normalX=1
FrontWall hit: ground 1(Clone) normalX=1
Fewer observations (0) made than vector observation size (7). The observations will be padded.
Fewer observations (0) made than vector observation size (7). The observations will be padded.
Fewer observations (0) made than vector observation size (7). The observations will be padded.
Fewer observations (0) made than vector observation size (7). The observations will be padded.
Fewer observations (0) made than vector observation size (7). The observations will be padded.
Fewer observations (0) made than vector observation size (7). The observations will be padded.
FrontWall hit: ground 1(Clone) normalX=1
FrontWall hit: ground 1(Clone) normalX=1
生成了一個物件
FrontWall hit: ground 1(Clone) normalX=1
Fewer observations (0) made than vector observation size (7). The observations will be padded.
Fewer observations (0) made than vector observation size (7). The observations will be padded.
Fewer observations (0) made than vector observation size (7). The observations will be padded.
Fewer observations (0) made than vector observation size (7). The observations will be padded.
生成了一個物件
Fewer observations (0) made than vector observation size (7). The observations will be padded.
Fewer observations (0) made than vector observation size (7). The observations will be padded.
Fewer observations (0) made than vector observation size (7). The observations will be padded.
生成了一個物件
生成了一個物件
Fewer observations (0) made than vector observation size (7). The observations will be padded.
Fewer observations (0) made than vector observation size (7). The observations will be padded.
Fewer observations (0) made than vector observation size (7). The observations will be padded.
Fewer observations (0) made than vector observation size (7). The observations will be padded.
Fewer observations (0) made than vector observation size (7). The observations will be padded.
Fewer observations (0) made than vector observation size (7). The observations will be padded.
FrontWall hit: ground 1(Clone) normalX=1
FrontWall hit: ground 1(Clone) normalX=1
FrontWall hit: ground 1(Clone) normalX=1
Fewer observations (0) made than vector observation size (7). The observations will be padded.
FrontWall hit: ground 1(Clone) normalX=1
FrontWall hit: ground 1(Clone) normalX=1
FrontWall hit: ground 1(Clone) normalX=1
Fewer observations (0) made than vector observation size (7). The observations will be padded.
FrontWall hit: ground 1(Clone) normalX=1
FrontWall hit: ground 1(Clone) normalX=1
FrontWall hit: ground 1(Clone) normalX=1
Fewer observations (0) made than vector observation size (7). The observations will be padded.
Fewer observations (0) made than vector observation size (7). The observations will be padded.
生成了一個物件
Fewer observations (0) made than vector observation size (7). The observations will be padded.
Fewer observations (0) made than vector observation size (7). The observations will be padded.
Fewer observations (0) made than vector observation size (7). The observations will be padded.
Fewer observations (0) made than vector observation size (7). The observations will be padded.
生成了一個物件
Fewer observations (0) made than vector observation size (7). The observations will be padded.
Fewer observations (0) made than vector observation size (7). The observations will be padded.
生成了一個物件
生成了一個物件
Fewer observations (0) made than vector observation size (7). The observations will be padded.
Fewer observations (0) made than vector observation size (7). The observations will be padded.
Fewer observations (0) made than vector observation size (7). The observations will be padded.
Fewer observations (0) made than vector observation size (7). The observations will be padded.
FrontWall hit: ground 1(Clone) normalX=1
FrontWall hit: ground 1(Clone) normalX=1
FrontWall hit: ground 1(Clone) normalX=1
Fewer observations (0) made than vector observation size (7). The observations will be padded.
Fewer observations (0) made than vector observation size (7). The observations will be padded.
Fewer observations (0) made than vector observation size (7). The observations will be padded.
Fewer observations (0) made than vector observation size (7). The observations will be padded.
Fewer observations (0) made than vector observation size (7). The observations will be padded.
Fewer observations (0) made than vector observation size (7). The observations will be padded.
生成了一個物件
Fewer observations (0) made than vector observation size (7). The observations will be padded.
Fewer observations (0) made than vector observation size (7). The observations will be padded.
Fewer observations (0) made than vector observation size (7). The observations will be padded.
Fewer observations (0) made than vector observation size (7). The observations will be padded.
Fewer observations (0) made than vector observation size (7). The observations will be padded.
生成了一個物件
Fewer observations (0) made than vector observation size (7). The observations will be padded.
FrontWall hit: ground 1(Clone) normalX=1
FrontWall hit: ground 1(Clone) normalX=1
FrontWall hit: ground 1(Clone) normalX=1
Fewer observations (0) made than vector observation size (7). The observations will be padded.
生成了一個物件
生成了一個物件
Fewer observations (0) made than vector observation size (7). The observations will be padded.
Fewer observations (0) made than vector observation size (7). The observations will be padded.
Player died!
Fewer observations (0) made than vector observation size (7). The observations will be padded.
Player died!
Fewer observations (0) made than vector observation size (7). The observations will be padded.
Unloading 3 Unused Serialized files (Serialized files now loaded: 0)
Fewer observations (0) made than vector observation size (7). The observations will be padded.
UnloadTime: 5.375700 ms
Unloading 1 unused Assets to reduce memory usage. Loaded Objects now: 2872.
Total: 1.550500 ms (FindLiveObjects: 0.082400 ms CreateObjectMapping: 0.036100 ms MarkObjects: 1.423800 ms  DeleteObjects: 0.008100 ms)

Unloading 3 Unused Serialized files (Serialized files now loaded: 0)
Fewer observations (0) made than vector observation size (7). The observations will be padded.
UnloadTime: 0.477000 ms
Unloading 1 unused Assets to reduce memory usage. Loaded Objects now: 2872.
Total: 0.784900 ms (FindLiveObjects: 0.076800 ms CreateObjectMapping: 0.059600 ms MarkObjects: 0.641300 ms  DeleteObjects: 0.007000 ms)

[LoadMap] Using main map source: D:\Unity\ML-agent\Map\Decode.txt
[LoadFinishMap] Using finish map source: D:\Unity\ML-agent\Map\finishmap.txt
[LoadFinishMap] Finish size = 15 x 15, new rightX = 215
[LoadMap] Done. Main size = 200 x 15, rightX = 215
生成了一個物件
Fewer observations (0) made than vector observation size (7). The observations will be padded.
Fewer observations (0) made than vector observation size (7). The observations will be padded.
Fewer observations (0) made than vector observation size (7). The observations will be padded.
Fewer observations (0) made than vector observation size (7). The observations will be padded.
Fewer observations (0) made than vector observation size (7). The observations will be padded.
Fewer observations (0) made than vector observation size (7). The observations will be padded.
生成了一個物件
Fewer observations (0) made than vector observation size (7). The observations will be padded.
FrontWall hit: ground 1(Clone) normalX=1
FrontWall hit: ground 1(Clone) normalX=1
FrontWall hit: ground 1(Clone) normalX=1
Fewer observations (0) made than vector observation size (7). The observations will be padded.
FrontWall hit: ground 1(Clone) normalX=1
FrontWall hit: ground 1(Clone) normalX=1
FrontWall hit: ground 1(Clone) normalX=1
Fewer observations (0) made than vector observation size (7). The observations will be padded.
Fewer observations (0) made than vector observation size (7). The observations will be padded.
FrontWall hit: ground 1(Clone) normalX=1
FrontWall hit: ground 1(Clone) normalX=1
FrontWall hit: ground 1(Clone) normalX=1
Fewer observations (0) made than vector observation size (7). The observations will be padded.
生成了一個物件
Fewer observations (0) made than vector observation size (7). The observations will be padded.
Fewer observations (0) made than vector observation size (7). The observations will be padded.
Fewer observations (0) made than vector observation size (7). The observations will be padded.
FrontWall hit: ground 1(Clone) normalX=1
FrontWall hit: ground 1(Clone) normalX=1
FrontWall hit: ground 1(Clone) normalX=1
Fewer observations (0) made than vector observation size (7). The observations will be padded.
Fewer observations (0) made than vector observation size (7). The observations will be padded.
Fewer observations (0) made than vector observation size (7). The observations will be padded.
生成了一個物件
Fewer observations (0) made than vector observation size (7). The observations will be padded.
Fewer observations (0) made than vector observation size (7). The observations will be padded.
生成了一個物件
Fewer observations (0) made than vector observation size (7). The observations will be padded.
Fewer observations (0) made than vector observation size (7). The observations will be padded.
Fewer observations (0) made than vector observation size (7). The observations will be padded.
生成了一個物件
Fewer observations (0) made than vector observation size (7). The observations will be padded.
Fewer observations (0) made than vector observation size (7). The observations will be padded.
Fewer observations (0) made than vector observation size (7). The observations will be padded.
Fewer observations (0) made than vector observation size (7). The observations will be padded.
Fewer observations (0) made than vector observation size (7). The observations will be padded.
Fewer observations (0) made than vector observation size (7). The observations will be padded.
生成了一個物件
Fewer observations (0) made than vector observation size (7). The observations will be padded.
Fewer observations (0) made than vector observation size (7). The observations will be padded.
Fewer observations (0) made than vector observation size (7). The observations will be padded.
Fewer observations (0) made than vector observation size (7). The observations will be padded.
Fewer observations (0) made than vector observation size (7). The observations will be padded.
生成了一個物件
Fewer observations (0) made than vector observation size (7). The observations will be padded.
Fewer observations (0) made than vector observation size (7). The observations will be padded.
Fewer observations (0) made than vector observation size (7). The observations will be padded.
生成了一個物件
Fewer observations (0) made than vector observation size (7). The observations will be padded.
Fewer observations (0) made than vector observation size (7). The observations will be padded.
Fewer observations (0) made than vector observation size (7). The observations will be padded.
生成了一個物件
Fewer observations (0) made than vector observation size (7). The observations will be padded.
Fewer observations (0) made than vector observation size (7). The observations will be padded.
Fewer observations (0) made than vector observation size (7). The observations will be padded.
Fewer observations (0) made than vector observation size (7). The observations will be padded.
Fewer observations (0) made than vector observation size (7). The observations will be padded.
Fewer observations (0) made than vector observation size (7). The observations will be padded.
生成了一個物件
Fewer observations (0) made than vector observation size (7). The observations will be padded.
Fewer observations (0) made than vector observation size (7). The observations will be padded.
Fewer observations (0) made than vector observation size (7). The observations will be padded.
Player died!
Fewer observations (0) made than vector observation size (7). The observations will be padded.
FrontWall hit: ground 1(Clone) normalX=-1
Unloading 3 Unused Serialized files (Serialized files now loaded: 0)
UnloadTime: 3.196600 ms
Unloading 1 unused Assets to reduce memory usage. Loaded Objects now: 2872.
Total: 1.058900 ms (FindLiveObjects: 0.088400 ms CreateObjectMapping: 0.034400 ms MarkObjects: 0.928600 ms  DeleteObjects: 0.007200 ms)

[LoadMap] Using main map source: D:\Unity\ML-agent\Map\Decode.txt
[LoadFinishMap] Using finish map source: D:\Unity\ML-agent\Map\finishmap.txt
[LoadFinishMap] Finish size = 15 x 15, new rightX = 215
[LoadMap] Done. Main size = 200 x 15, rightX = 215
生成了一個物件
Fewer observations (0) made than vector observation size (7). The observations will be padded.
FrontWall hit: ground 1(Clone) normalX=1
FrontWall hit: ground 1(Clone) normalX=1
FrontWall hit: ground 1(Clone) normalX=1
Fewer observations (0) made than vector observation size (7). The observations will be padded.
Fewer observations (0) made than vector observation size (7). The observations will be padded.
Fewer observations (0) made than vector observation size (7). The observations will be padded.
Fewer observations (0) made than vector observation size (7). The observations will be padded.
Fewer observations (0) made than vector observation size (7). The observations will be padded.
Fewer observations (0) made than vector observation size (7). The observations will be padded.
生成了一個物件
Fewer observations (0) made than vector observation size (7). The observations will be padded.
Fewer observations (0) made than vector observation size (7). The observations will be padded.
生成了一個物件
Fewer observations (0) made than vector observation size (7). The observations will be padded.
Fewer observations (0) made than vector observation size (7). The observations will be padded.
生成了一個物件
Fewer observations (0) made than vector observation size (7). The observations will be padded.
Fewer observations (0) made than vector observation size (7). The observations will be padded.
FrontWall hit: ground 1(Clone) normalX=1
FrontWall hit: ground 1(Clone) normalX=1
FrontWall hit: ground 1(Clone) normalX=1
Fewer observations (0) made than vector observation size (7). The observations will be padded.
Fewer observations (0) made than vector observation size (7). The observations will be padded.
Fewer observations (0) made than vector observation size (7). The observations will be padded.
Fewer observations (0) made than vector observation size (7). The observations will be padded.
生成了一個物件
Fewer observations (0) made than vector observation size (7). The observations will be padded.
Fewer observations (0) made than vector observation size (7). The observations will be padded.
Fewer observations (0) made than vector observation size (7). The observations will be padded.
Fewer observations (0) made than vector observation size (7). The observations will be padded.
Fewer observations (0) made than vector observation size (7). The observations will be padded.
Fewer observations (0) made than vector observation size (7). The observations will be padded.
Fewer observations (0) made than vector observation size (7). The observations will be padded.
生成了一個物件
Fewer observations (0) made than vector observation size (7). The observations will be padded.
Fewer observations (0) made than vector observation size (7). The observations will be padded.
生成了一個物件
Fewer observations (0) made than vector observation size (7). The observations will be padded.
Fewer observations (0) made than vector observation size (7). The observations will be padded.
生成了一個物件
Fewer observations (0) made than vector observation size (7). The observations will be padded.
Fewer observations (0) made than vector observation size (7). The observations will be padded.
FrontWall hit: ground 1(Clone) normalX=1
FrontWall hit: ground 1(Clone) normalX=1
FrontWall hit: ground 1(Clone) normalX=1
Fewer observations (0) made than vector observation size (7). The observations will be padded.
Fewer observations (0) made than vector observation size (7). The observations will be padded.
Fewer observations (0) made than vector observation size (7). The observations will be padded.
Fewer observations (0) made than vector observation size (7). The observations will be padded.
生成了一個物件
Fewer observations (0) made than vector observation size (7). The observations will be padded.
FrontWall hit: ground 1(Clone) normalX=1
FrontWall hit: ground 1(Clone) normalX=1
FrontWall hit: ground 1(Clone) normalX=1
Fewer observations (0) made than vector observation size (7). The observations will be padded.
FrontWall hit: ground 1(Clone) normalX=1
FrontWall hit: ground 1(Clone) normalX=1
FrontWall hit: ground 1(Clone) normalX=1
Fewer observations (0) made than vector observation size (7). The observations will be padded.
Fewer observations (0) made than vector observation size (7). The observations will be padded.
FrontWall hit: ground 1(Clone) normalX=1
FrontWall hit: ground 1(Clone) normalX=1
FrontWall hit: ground 1(Clone) normalX=1
Fewer observations (0) made than vector observation size (7). The observations will be padded.
FrontWall hit: ground 1(Clone) normalX=1
Player died!
Fewer observations (0) made than vector observation size (7). The observations will be padded.
Player died!
FrontWall hit: ground 1(Clone) normalX=-1
Unloading 3 Unused Serialized files (Serialized files now loaded: 0)
UnloadTime: 3.441700 ms
Unloading 1 unused Assets to reduce memory usage. Loaded Objects now: 2872.
Total: 1.302600 ms (FindLiveObjects: 0.088900 ms CreateObjectMapping: 0.036300 ms MarkObjects: 1.168300 ms  DeleteObjects: 0.008700 ms)

Unloading 3 Unused Serialized files (Serialized files now loaded: 0)
Fewer observations (0) made than vector observation size (7). The observations will be padded.
UnloadTime: 0.511400 ms
Unloading 1 unused Assets to reduce memory usage. Loaded Objects now: 2872.
Total: 0.835200 ms (FindLiveObjects: 0.082400 ms CreateObjectMapping: 0.036300 ms MarkObjects: 0.706500 ms  DeleteObjects: 0.009800 ms)

[LoadMap] Using main map source: D:\Unity\ML-agent\Map\Decode.txt
[LoadFinishMap] Using finish map source: D:\Unity\ML-agent\Map\finishmap.txt
[LoadFinishMap] Finish size = 15 x 15, new rightX = 215
[LoadMap] Done. Main size = 200 x 15, rightX = 215
Fewer observations (0) made than vector observation size (7). The observations will be padded.
Fewer observations (0) made than vector observation size (7). The observations will be padded.
Fewer observations (0) made than vector observation size (7). The observations will be padded.
Fewer observations (0) made than vector observation size (7). The observations will be padded.
Fewer observations (0) made than vector observation size (7). The observations will be padded.
Fewer observations (0) made than vector observation size (7). The observations will be padded.
Fewer observations (0) made than vector observation size (7). The observations will be padded.
Fewer observations (0) made than vector observation size (7). The observations will be padded.
Fewer observations (0) made than vector observation size (7). The observations will be padded.
Fewer observations (0) made than vector observation size (7). The observations will be padded.
Fewer observations (0) made than vector observation size (7). The observations will be padded.
Fewer observations (0) made than vector observation size (7). The observations will be padded.
Fewer observations (0) made than vector observation size (7). The observations will be padded.
FrontWall hit: ground 1(Clone) normalX=1
Fewer observations (0) made than vector observation size (7). The observations will be padded.
FrontWall hit: ground 1(Clone) normalX=1
FrontWall hit: ground 1(Clone) normalX=1
FrontWall hit: ground 1(Clone) normalX=1
Fewer observations (0) made than vector observation size (7). The observations will be padded.
Fewer observations (0) made than vector observation size (7). The observations will be padded.
Fewer observations (0) made than vector observation size (7). The observations will be padded.
FrontWall hit: ground 1(Clone) normalX=1
FrontWall hit: ground 1(Clone) normalX=1
FrontWall hit: ground 1(Clone) normalX=1
Fewer observations (0) made than vector observation size (7). The observations will be padded.
Fewer observations (0) made than vector observation size (7). The observations will be padded.
FrontWall hit: ground 1(Clone) normalX=1
FrontWall hit: ground 1(Clone) normalX=1
FrontWall hit: ground 1(Clone) normalX=1
Fewer observations (0) made than vector observation size (7). The observations will be padded.
Fewer observations (0) made than vector observation size (7). The observations will be padded.
Fewer observations (0) made than vector observation size (7). The observations will be padded.
Fewer observations (0) made than vector observation size (7). The observations will be padded.
Fewer observations (0) made than vector observation size (7). The observations will be padded.
Fewer observations (0) made than vector observation size (7). The observations will be padded.
Fewer observations (0) made than vector observation size (7). The observations will be padded.
Fewer observations (0) made than vector observation size (7). The observations will be padded.
Fewer observations (0) made than vector observation size (7). The observations will be padded.
Fewer observations (0) made than vector observation size (7). The observations will be padded.
Fewer observations (0) made than vector observation size (7). The observations will be padded.
生成了一個物件
Fewer observations (0) made than vector observation size (7). The observations will be padded.
生成了一個物件
Fewer observations (0) made than vector observation size (7). The observations will be padded.
生成了一個物件
Fewer observations (0) made than vector observation size (7). The observations will be padded.
Fewer observations (0) made than vector observation size (7). The observations will be padded.
生成了一個物件
Fewer observations (0) made than vector observation size (7). The observations will be padded.
Fewer observations (0) made than vector observation size (7). The observations will be padded.
Fewer observations (0) made than vector observation size (7). The observations will be padded.
FrontWall hit: ground 1(Clone) normalX=1
FrontWall hit: ground 1(Clone) normalX=1
FrontWall hit: ground 1(Clone) normalX=1
Fewer observations (0) made than vector observation size (7). The observations will be padded.
Fewer observations (0) made than vector observation size (7). The observations will be padded.
Fewer observations (0) made than vector observation size (7). The observations will be padded.
Fewer observations (0) made than vector observation size (7). The observations will be padded.
Fewer observations (0) made than vector observation size (7). The observations will be padded.
Fewer observations (0) made than vector observation size (7). The observations will be padded.
Fewer observations (0) made than vector observation size (7). The observations will be padded.
Fewer observations (0) made than vector observation size (7). The observations will be padded.
Fewer observations (0) made than vector observation size (7). The observations will be padded.
Fewer observations (0) made than vector observation size (7). The observations will be padded.
生成了一個物件
Fewer observations (0) made than vector observation size (7). The observations will be padded.
生成了一個物件
Fewer observations (0) made than vector observation size (7). The observations will be padded.
生成了一個物件
Fewer observations (0) made than vector observation size (7). The observations will be padded.
生成了一個物件
Fewer observations (0) made than vector observation size (7). The observations will be padded.
Fewer observations (0) made than vector observation size (7). The observations will be padded.
Fewer observations (0) made than vector observation size (7). The observations will be padded.
Fewer observations (0) made than vector observation size (7). The observations will be padded.
Fewer observations (0) made than vector observation size (7). The observations will be padded.
Fewer observations (0) made than vector observation size (7). The observations will be padded.
Fewer observations (0) made than vector observation size (7). The observations will be padded.
Fewer observations (0) made than vector observation size (7). The observations will be padded.
Fewer observations (0) made than vector observation size (7). The observations will be padded.
Fewer observations (0) made than vector observation size (7). The observations will be padded.
Fewer observations (0) made than vector observation size (7). The observations will be padded.
Fewer observations (0) made than vector observation size (7). The observations will be padded.
Fewer observations (0) made than vector observation size (7). The observations will be padded.
生成了一個物件
Fewer observations (0) made than vector observation size (7). The observations will be padded.
生成了一個物件
Fewer observations (0) made than vector observation size (7). The observations will be padded.
Fewer observations (0) made than vector observation size (7). The observations will be padded.
Player died!
Fewer observations (0) made than vector observation size (7). The observations will be padded.
生成了一個物件
FrontWall hit: ground 1(Clone) normalX=-1
Unloading 3 Unused Serialized files (Serialized files now loaded: 0)
UnloadTime: 5.708600 ms
Unloading 1 unused Assets to reduce memory usage. Loaded Objects now: 2872.
Total: 0.963800 ms (FindLiveObjects: 0.088000 ms CreateObjectMapping: 0.037600 ms MarkObjects: 0.828600 ms  DeleteObjects: 0.009000 ms)

[LoadMap] Using main map source: D:\Unity\ML-agent\Map\Decode.txt
[LoadFinishMap] Using finish map source: D:\Unity\ML-agent\Map\finishmap.txt
[LoadFinishMap] Finish size = 15 x 15, new rightX = 215
[LoadMap] Done. Main size = 200 x 15, rightX = 215
生成了一個物件
Fewer observations (0) made than vector observation size (7). The observations will be padded.
FrontWall hit: ground 1(Clone) normalX=1
FrontWall hit: ground 1(Clone) normalX=1
FrontWall hit: ground 1(Clone) normalX=1
Fewer observations (0) made than vector observation size (7). The observations will be padded.
FrontWall hit: ground 1(Clone) normalX=1
FrontWall hit: ground 1(Clone) normalX=1
FrontWall hit: ground 1(Clone) normalX=1
Fewer observations (0) made than vector observation size (7). The observations will be padded.
Fewer observations (0) made than vector observation size (7). The observations will be padded.
Fewer observations (0) made than vector observation size (7). The observations will be padded.
Fewer observations (0) made than vector observation size (7). The observations will be padded.
Fewer observations (0) made than vector observation size (7). The observations will be padded.
Fewer observations (0) made than vector observation size (7). The observations will be padded.
Fewer observations (0) made than vector observation size (7). The observations will be padded.
Fewer observations (0) made than vector observation size (7). The observations will be padded.
生成了一個物件
Fewer observations (0) made than vector observation size (7). The observations will be padded.
生成了一個物件
Fewer observations (0) made than vector observation size (7). The observations will be padded.
Fewer observations (0) made than vector observation size (7). The observations will be padded.
生成了一個物件
Fewer observations (0) made than vector observation size (7). The observations will be padded.
Fewer observations (0) made than vector observation size (7). The observations will be padded.
Fewer observations (0) made than vector observation size (7). The observations will be padded.
Fewer observations (0) made than vector observation size (7). The observations will be padded.
生成了一個物件
Fewer observations (0) made than vector observation size (7). The observations will be padded.
Fewer observations (0) made than vector observation size (7). The observations will be padded.
Fewer observations (0) made than vector observation size (7). The observations will be padded.
Fewer observations (0) made than vector observation size (7). The observations will be padded.
Fewer observations (0) made than vector observation size (7). The observations will be padded.
Fewer observations (0) made than vector observation size (7). The observations will be padded.
Fewer observations (0) made than vector observation size (7). The observations will be padded.
Fewer observations (0) made than vector observation size (7). The observations will be padded.
Fewer observations (0) made than vector observation size (7). The observations will be padded.
生成了一個物件
Fewer observations (0) made than vector observation size (7). The observations will be padded.
Fewer observations (0) made than vector observation size (7). The observations will be padded.
生成了一個物件
Fewer observations (0) made than vector observation size (7). The observations will be padded.
Fewer observations (0) made than vector observation size (7). The observations will be padded.
生成了一個物件
Fewer observations (0) made than vector observation size (7). The observations will be padded.
FrontWall hit: ground 1(Clone) normalX=1
Fewer observations (0) made than vector observation size (7). The observations will be padded.
Fewer observations (0) made than vector observation size (7). The observations will be padded.
Fewer observations (0) made than vector observation size (7). The observations will be padded.
生成了一個物件
Fewer observations (0) made than vector observation size (7). The observations will be padded.
Fewer observations (0) made than vector observation size (7). The observations will be padded.
Fewer observations (0) made than vector observation size (7). The observations will be padded.
Player died!
Fewer observations (0) made than vector observation size (7). The observations will be padded.
Player died!
Unloading 3 Unused Serialized files (Serialized files now loaded: 0)
UnloadTime: 4.563500 ms
Unloading 1 unused Assets to reduce memory usage. Loaded Objects now: 2872.
Total: 0.792000 ms (FindLiveObjects: 0.088700 ms CreateObjectMapping: 0.032100 ms MarkObjects: 0.663800 ms  DeleteObjects: 0.007300 ms)

Unloading 3 Unused Serialized files (Serialized files now loaded: 0)
Fewer observations (0) made than vector observation size (7). The observations will be padded.
UnloadTime: 0.523400 ms
Unloading 1 unused Assets to reduce memory usage. Loaded Objects now: 2872.
Total: 0.740400 ms (FindLiveObjects: 0.079100 ms CreateObjectMapping: 0.034700 ms MarkObjects: 0.619100 ms  DeleteObjects: 0.007300 ms)

[LoadMap] Using main map source: D:\Unity\ML-agent\Map\Decode.txt
[LoadFinishMap] Using finish map source: D:\Unity\ML-agent\Map\finishmap.txt
[LoadFinishMap] Finish size = 15 x 15, new rightX = 215
[LoadMap] Done. Main size = 200 x 15, rightX = 215
Fewer observations (0) made than vector observation size (7). The observations will be padded.
生成了一個物件
Fewer observations (0) made than vector observation size (7). The observations will be padded.
Fewer observations (0) made than vector observation size (7). The observations will be padded.
Fewer observations (0) made than vector observation size (7). The observations will be padded.
Fewer observations (0) made than vector observation size (7). The observations will be padded.
Fewer observations (0) made than vector observation size (7). The observations will be padded.
生成了一個物件
Fewer observations (0) made than vector observation size (7). The observations will be padded.
Fewer observations (0) made than vector observation size (7). The observations will be padded.
生成了一個物件
Fewer observations (0) made than vector observation size (7). The observations will be padded.
Fewer observations (0) made than vector observation size (7). The observations will be padded.
生成了一個物件
Fewer observations (0) made than vector observation size (7). The observations will be padded.
Fewer observations (0) made than vector observation size (7). The observations will be padded.
Fewer observations (0) made than vector observation size (7). The observations will be padded.
Fewer observations (0) made than vector observation size (7). The observations will be padded.
Fewer observations (0) made than vector observation size (7). The observations will be padded.
Fewer observations (0) made than vector observation size (7). The observations will be padded.
Fewer observations (0) made than vector observation size (7). The observations will be padded.
Fewer observations (0) made than vector observation size (7). The observations will be padded.
生成了一個物件
Fewer observations (0) made than vector observation size (7). The observations will be padded.
Fewer observations (0) made than vector observation size (7). The observations will be padded.
Fewer observations (0) made than vector observation size (7). The observations will be padded.
Fewer observations (0) made than vector observation size (7). The observations will be padded.
生成了一個物件
Fewer observations (0) made than vector observation size (7). The observations will be padded.
Fewer observations (0) made than vector observation size (7). The observations will be padded.
Fewer observations (0) made than vector observation size (7). The observations will be padded.
生成了一個物件
Fewer observations (0) made than vector observation size (7). The observations will be padded.
生成了一個物件
Fewer observations (0) made than vector observation size (7). The observations will be padded.
Fewer observations (0) made than vector observation size (7). The observations will be padded.
Fewer observations (0) made than vector observation size (7). The observations will be padded.
Fewer observations (0) made than vector observation size (7). The observations will be padded.
Fewer observations (0) made than vector observation size (7). The observations will be padded.
Player died!
Fewer observations (0) made than vector observation size (7). The observations will be padded.
Player died!
Player died!
Unloading 3 Unused Serialized files (Serialized files now loaded: 0)
UnloadTime: 5.498800 ms
Unloading 1 unused Assets to reduce memory usage. Loaded Objects now: 2872.
Total: 0.898400 ms (FindLiveObjects: 0.083000 ms CreateObjectMapping: 0.039600 ms MarkObjects: 0.769000 ms  DeleteObjects: 0.006700 ms)

Unloading 3 Unused Serialized files (Serialized files now loaded: 0)
Fewer observations (0) made than vector observation size (7). The observations will be padded.
UnloadTime: 0.622200 ms
Unloading 1 unused Assets to reduce memory usage. Loaded Objects now: 2872.
Total: 0.729200 ms (FindLiveObjects: 0.084600 ms CreateObjectMapping: 0.040400 ms MarkObjects: 0.596400 ms  DeleteObjects: 0.007500 ms)

Unloading 3 Unused Serialized files (Serialized files now loaded: 0)
Fewer observations (0) made than vector observation size (7). The observations will be padded.
UnloadTime: 0.586800 ms
Unloading 1 unused Assets to reduce memory usage. Loaded Objects now: 2872.
Total: 0.738200 ms (FindLiveObjects: 0.092300 ms CreateObjectMapping: 0.039900 ms MarkObjects: 0.598800 ms  DeleteObjects: 0.007100 ms)

[LoadMap] Using main map source: D:\Unity\ML-agent\Map\Decode.txt
[LoadFinishMap] Using finish map source: D:\Unity\ML-agent\Map\finishmap.txt
[LoadFinishMap] Finish size = 15 x 15, new rightX = 215
[LoadMap] Done. Main size = 200 x 15, rightX = 215
Fewer observations (0) made than vector observation size (7). The observations will be padded.
FrontWall hit: ground 1(Clone) normalX=1
FrontWall hit: ground 1(Clone) normalX=1
FrontWall hit: ground 1(Clone) normalX=1
Fewer observations (0) made than vector observation size (7). The observations will be padded.
FrontWall hit: ground 1(Clone) normalX=1
FrontWall hit: ground 1(Clone) normalX=1
FrontWall hit: ground 1(Clone) normalX=1
Fewer observations (0) made than vector observation size (7). The observations will be padded.
FrontWall hit: ground 1(Clone) normalX=1
FrontWall hit: ground 1(Clone) normalX=1
FrontWall hit: ground 1(Clone) normalX=1
Fewer observations (0) made than vector observation size (7). The observations will be padded.
Fewer observations (0) made than vector observation size (7). The observations will be padded.
生成了一個物件
Fewer observations (0) made than vector observation size (7). The observations will be padded.
Fewer observations (0) made than vector observation size (7). The observations will be padded.
Fewer observations (0) made than vector observation size (7). The observations will be padded.
Fewer observations (0) made than vector observation size (7). The observations will be padded.
生成了一個物件
Fewer observations (0) made than vector observation size (7). The observations will be padded.
Fewer observations (0) made than vector observation size (7). The observations will be padded.
生成了一個物件
Fewer observations (0) made than vector observation size (7). The observations will be padded.
Fewer observations (0) made than vector observation size (7). The observations will be padded.
生成了一個物件
Fewer observations (0) made than vector observation size (7). The observations will be padded.
Fewer observations (0) made than vector observation size (7). The observations will be padded.
Fewer observations (0) made than vector observation size (7). The observations will be padded.
Fewer observations (0) made than vector observation size (7). The observations will be padded.
Fewer observations (0) made than vector observation size (7). The observations will be padded.
Fewer observations (0) made than vector observation size (7). The observations will be padded.
Fewer observations (0) made than vector observation size (7). The observations will be padded.
Fewer observations (0) made than vector observation size (7). The observations will be padded.
生成了一個物件
Fewer observations (0) made than vector observation size (7). The observations will be padded.
Fewer observations (0) made than vector observation size (7). The observations will be padded.
Fewer observations (0) made than vector observation size (7). The observations will be padded.
Fewer observations (0) made than vector observation size (7). The observations will be padded.
生成了一個物件
Fewer observations (0) made than vector observation size (7). The observations will be padded.
Fewer observations (0) made than vector observation size (7). The observations will be padded.
Fewer observations (0) made than vector observation size (7). The observations will be padded.
生成了一個物件
Fewer observations (0) made than vector observation size (7). The observations will be padded.
Fewer observations (0) made than vector observation size (7). The observations will be padded.
生成了一個物件
Fewer observations (0) made than vector observation size (7). The observations will be padded.
Fewer observations (0) made than vector observation size (7). The observations will be padded.
Fewer observations (0) made than vector observation size (7). The observations will be padded.
Fewer observations (0) made than vector observation size (7). The observations will be padded.
Fewer observations (0) made than vector observation size (7). The observations will be padded.
Fewer observations (0) made than vector observation size (7). The observations will be padded.
Fewer observations (0) made than vector observation size (7). The observations will be padded.
Fewer observations (0) made than vector observation size (7). The observations will be padded.
生成了一個物件
Fewer observations (0) made than vector observation size (7). The observations will be padded.
Fewer observations (0) made than vector observation size (7). The observations will be padded.
Fewer observations (0) made than vector observation size (7). The observations will be padded.
Fewer observations (0) made than vector observation size (7). The observations will be padded.
生成了一個物件
Fewer observations (0) made than vector observation size (7). The observations will be padded.
Fewer observations (0) made than vector observation size (7). The observations will be padded.
Fewer observations (0) made than vector observation size (7). The observations will be padded.
Player died!
Fewer observations (0) made than vector observation size (7). The observations will be padded.
生成了一個物件
Unloading 3 Unused Serialized files (Serialized files now loaded: 0)
UnloadTime: 3.737300 ms
Unloading 1 unused Assets to reduce memory usage. Loaded Objects now: 2872.
Total: 0.948500 ms (FindLiveObjects: 0.093300 ms CreateObjectMapping: 0.034000 ms MarkObjects: 0.812700 ms  DeleteObjects: 0.008400 ms)

[LoadMap] Using main map source: D:\Unity\ML-agent\Map\Decode.txt
[LoadFinishMap] Using finish map source: D:\Unity\ML-agent\Map\finishmap.txt
[LoadFinishMap] Finish size = 15 x 15, new rightX = 215
[LoadMap] Done. Main size = 200 x 15, rightX = 215
Fewer observations (0) made than vector observation size (7). The observations will be padded.
Fewer observations (0) made than vector observation size (7). The observations will be padded.
FrontWall hit: ground 1(Clone) normalX=1
生成了一個物件
FrontWall hit: ground 1(Clone) normalX=1
FrontWall hit: ground 1(Clone) normalX=1
Fewer observations (0) made than vector observation size (7). The observations will be padded.
FrontWall hit: ground 1(Clone) normalX=1
FrontWall hit: ground 1(Clone) normalX=1
FrontWall hit: ground 1(Clone) normalX=1
Fewer observations (0) made than vector observation size (7). The observations will be padded.
Fewer observations (0) made than vector observation size (7). The observations will be padded.
Fewer observations (0) made than vector observation size (7). The observations will be padded.
Fewer observations (0) made than vector observation size (7). The observations will be padded.
Fewer observations (0) made than vector observation size (7). The observations will be padded.
Fewer observations (0) made than vector observation size (7). The observations will be padded.
生成了一個物件
Fewer observations (0) made than vector observation size (7). The observations will be padded.
Fewer observations (0) made than vector observation size (7). The observations will be padded.
生成了一個物件
Fewer observations (0) made than vector observation size (7). The observations will be padded.
Fewer observations (0) made than vector observation size (7). The observations will be padded.
生成了一個物件
Fewer observations (0) made than vector observation size (7). The observations will be padded.
Fewer observations (0) made than vector observation size (7). The observations will be padded.
Fewer observations (0) made than vector observation size (7). The observations will be padded.
Fewer observations (0) made than vector observation size (7). The observations will be padded.
FrontWall hit: ground 1(Clone) normalX=1
FrontWall hit: ground 1(Clone) normalX=1
FrontWall hit: ground 1(Clone) normalX=1
Fewer observations (0) made than vector observation size (7). The observations will be padded.
FrontWall hit: ground 1(Clone) normalX=1
FrontWall hit: ground 1(Clone) normalX=1
FrontWall hit: ground 1(Clone) normalX=1
生成了一個物件
Fewer observations (0) made than vector observation size (7). The observations will be padded.
FrontWall hit: ground 1(Clone) normalX=1
FrontWall hit: ground 1(Clone) normalX=1
FrontWall hit: ground 1(Clone) normalX=1
Fewer observations (0) made than vector observation size (7). The observations will be padded.
Fewer observations (0) made than vector observation size (7). The observations will be padded.
Fewer observations (0) made than vector observation size (7). The observations will be padded.
Fewer observations (0) made than vector observation size (7). The observations will be padded.
Fewer observations (0) made than vector observation size (7). The observations will be padded.
Fewer observations (0) made than vector observation size (7). The observations will be padded.
生成了一個物件
Fewer observations (0) made than vector observation size (7). The observations will be padded.
Fewer observations (0) made than vector observation size (7). The observations will be padded.
Fewer observations (0) made than vector observation size (7). The observations will be padded.
生成了一個物件
Fewer observations (0) made than vector observation size (7). The observations will be padded.
生成了一個物件
Fewer observations (0) made than vector observation size (7). The observations will be padded.
Fewer observations (0) made than vector observation size (7). The observations will be padded.
Fewer observations (0) made than vector observation size (7). The observations will be padded.
Fewer observations (0) made than vector observation size (7). The observations will be padded.
Fewer observations (0) made than vector observation size (7). The observations will be padded.
Fewer observations (0) made than vector observation size (7). The observations will be padded.
生成了一個物件
Fewer observations (0) made than vector observation size (7). The observations will be padded.
Fewer observations (0) made than vector observation size (7). The observations will be padded.
Fewer observations (0) made than vector observation size (7). The observations will be padded.
Fewer observations (0) made than vector observation size (7). The observations will be padded.
Fewer observations (0) made than vector observation size (7). The observations will be padded.
Player died!
Fewer observations (0) made than vector observation size (7). The observations will be padded.
FrontWall hit: ground 1(Clone) normalX=-1
Unloading 3 Unused Serialized files (Serialized files now loaded: 0)
UnloadTime: 3.761500 ms
Unloading 1 unused Assets to reduce memory usage. Loaded Objects now: 2872.
Total: 1.129000 ms (FindLiveObjects: 0.079400 ms CreateObjectMapping: 0.040100 ms MarkObjects: 1.001300 ms  DeleteObjects: 0.008100 ms)

[LoadMap] Using main map source: D:\Unity\ML-agent\Map\Decode.txt
[LoadFinishMap] Using finish map source: D:\Unity\ML-agent\Map\finishmap.txt
[LoadFinishMap] Finish size = 15 x 15, new rightX = 215
[LoadMap] Done. Main size = 200 x 15, rightX = 215
Fewer observations (0) made than vector observation size (7). The observations will be padded.
FrontWall hit: ground 1(Clone) normalX=1
生成了一個物件
FrontWall hit: ground 1(Clone) normalX=1
FrontWall hit: ground 1(Clone) normalX=1
Fewer observations (0) made than vector observation size (7). The observations will be padded.
Fewer observations (0) made than vector observation size (7). The observations will be padded.
Fewer observations (0) made than vector observation size (7). The observations will be padded.
Fewer observations (0) made than vector observation size (7). The observations will be padded.
Fewer observations (0) made than vector observation size (7). The observations will be padded.
Fewer observations (0) made than vector observation size (7). The observations will be padded.
Fewer observations (0) made than vector observation size (7). The observations will be padded.
Fewer observations (0) made than vector observation size (7). The observations will be padded.
Fewer observations (0) made than vector observation size (7). The observations will be padded.
Fewer observations (0) made than vector observation size (7). The observations will be padded.
Fewer observations (0) made than vector observation size (7). The observations will be padded.
Fewer observations (0) made than vector observation size (7). The observations will be padded.
Fewer observations (0) made than vector observation size (7). The observations will be padded.
Fewer observations (0) made than vector observation size (7). The observations will be padded.
生成了一個物件
Fewer observations (0) made than vector observation size (7). The observations will be padded.
Fewer observations (0) made than vector observation size (7). The observations will be padded.
生成了一個物件
生成了一個物件
Fewer observations (0) made than vector observation size (7). The observations will be padded.
生成了一個物件
Fewer observations (0) made than vector observation size (7). The observations will be padded.
Fewer observations (0) made than vector observation size (7). The observations will be padded.
Fewer observations (0) made than vector observation size (7). The observations will be padded.
FrontWall hit: ground 1(Clone) normalX=1
FrontWall hit: ground 1(Clone) normalX=1
FrontWall hit: ground 1(Clone) normalX=1
Fewer observations (0) made than vector observation size (7). The observations will be padded.
FrontWall hit: ground 1(Clone) normalX=1
FrontWall hit: ground 1(Clone) normalX=1
FrontWall hit: ground 1(Clone) normalX=1
Fewer observations (0) made than vector observation size (7). The observations will be padded.
Fewer observations (0) made than vector observation size (7). The observations will be padded.
Fewer observations (0) made than vector observation size (7). The observations will be padded.
Fewer observations (0) made than vector observation size (7). The observations will be padded.
Fewer observations (0) made than vector observation size (7). The observations will be padded.
Fewer observations (0) made than vector observation size (7). The observations will be padded.
Fewer observations (0) made than vector observation size (7). The observations will be padded.
Fewer observations (0) made than vector observation size (7). The observations will be padded.
Fewer observations (0) made than vector observation size (7). The observations will be padded.
Fewer observations (0) made than vector observation size (7). The observations will be padded.
生成了一個物件
Fewer observations (0) made than vector observation size (7). The observations will be padded.
Fewer observations (0) made than vector observation size (7). The observations will be padded.
生成了一個物件
生成了一個物件
Fewer observations (0) made than vector observation size (7). The observations will be padded.
生成了一個物件
Fewer observations (0) made than vector observation size (7). The observations will be padded.
Fewer observations (0) made than vector observation size (7). The observations will be padded.
Fewer observations (0) made than vector observation size (7). The observations will be padded.
Fewer observations (0) made than vector observation size (7). The observations will be padded.
Fewer observations (0) made than vector observation size (7). The observations will be padded.
Fewer observations (0) made than vector observation size (7). The observations will be padded.
Fewer observations (0) made than vector observation size (7). The observations will be padded.
Fewer observations (0) made than vector observation size (7). The observations will be padded.
Fewer observations (0) made than vector observation size (7). The observations will be padded.
Fewer observations (0) made than vector observation size (7). The observations will be padded.
Fewer observations (0) made than vector observation size (7). The observations will be padded.
Fewer observations (0) made than vector observation size (7). The observations will be padded.
Fewer observations (0) made than vector observation size (7). The observations will be padded.
Fewer observations (0) made than vector observation size (7). The observations will be padded.
生成了一個物件
Fewer observations (0) made than vector observation size (7). The observations will be padded.
生成了一個物件
Fewer observations (0) made than vector observation size (7). The observations will be padded.
生成了一個物件
Fewer observations (0) made than vector observation size (7). The observations will be padded.
生成了一個物件
Player died!
Fewer observations (0) made than vector observation size (7). The observations will be padded.
Player died!
Unloading 3 Unused Serialized files (Serialized files now loaded: 0)
UnloadTime: 4.510300 ms
Unloading 1 unused Assets to reduce memory usage. Loaded Objects now: 2872.
Total: 1.218700 ms (FindLiveObjects: 0.101700 ms CreateObjectMapping: 0.040800 ms MarkObjects: 1.059500 ms  DeleteObjects: 0.016500 ms)

Unloading 3 Unused Serialized files (Serialized files now loaded: 0)
Fewer observations (0) made than vector observation size (7). The observations will be padded.
UnloadTime: 0.692800 ms
Unloading 1 unused Assets to reduce memory usage. Loaded Objects now: 2872.
Total: 0.984400 ms (FindLiveObjects: 0.103900 ms CreateObjectMapping: 0.045900 ms MarkObjects: 0.826000 ms  DeleteObjects: 0.008400 ms)

[LoadMap] Using main map source: D:\Unity\ML-agent\Map\Decode.txt
[LoadFinishMap] Using finish map source: D:\Unity\ML-agent\Map\finishmap.txt
[LoadFinishMap] Finish size = 15 x 15, new rightX = 215
[LoadMap] Done. Main size = 200 x 15, rightX = 215
Fewer observations (0) made than vector observation size (7). The observations will be padded.
Fewer observations (0) made than vector observation size (7). The observations will be padded.
Fewer observations (0) made than vector observation size (7). The observations will be padded.
Fewer observations (0) made than vector observation size (7). The observations will be padded.
Fewer observations (0) made than vector observation size (7). The observations will be padded.
Fewer observations (0) made than vector observation size (7). The observations will be padded.
Fewer observations (0) made than vector observation size (7). The observations will be padded.
FrontWall hit: ground 1(Clone) normalX=1
Fewer observations (0) made than vector observation size (7). The observations will be padded.
Fewer observations (0) made than vector observation size (7). The observations will be padded.
Fewer observations (0) made than vector observation size (7). The observations will be padded.
Fewer observations (0) made than vector observation size (7). The observations will be padded.
Fewer observations (0) made than vector observation size (7). The observations will be padded.
Fewer observations (0) made than vector observation size (7). The observations will be padded.
Fewer observations (0) made than vector observation size (7). The observations will be padded.
Fewer observations (0) made than vector observation size (7). The observations will be padded.
Fewer observations (0) made than vector observation size (7). The observations will be padded.
Fewer observations (0) made than vector observation size (7). The observations will be padded.
Fewer observations (0) made than vector observation size (7). The observations will be padded.
Fewer observations (0) made than vector observation size (7). The observations will be padded.
Fewer observations (0) made than vector observation size (7). The observations will be padded.
Fewer observations (0) made than vector observation size (7). The observations will be padded.
Fewer observations (0) made than vector observation size (7). The observations will be padded.
Fewer observations (0) made than vector observation size (7). The observations will be padded.
生成了一個物件
Fewer observations (0) made than vector observation size (7). The observations will be padded.
生成了一個物件
Fewer observations (0) made than vector observation size (7). The observations will be padded.
生成了一個物件
Fewer observations (0) made than vector observation size (7). The observations will be padded.
生成了一個物件
Fewer observations (0) made than vector observation size (7). The observations will be padded.
Fewer observations (0) made than vector observation size (7). The observations will be padded.
Fewer observations (0) made than vector observation size (7). The observations will be padded.
Fewer observations (0) made than vector observation size (7). The observations will be padded.
Fewer observations (0) made than vector observation size (7). The observations will be padded.
Fewer observations (0) made than vector observation size (7). The observations will be padded.
Fewer observations (0) made than vector observation size (7). The observations will be padded.
Fewer observations (0) made than vector observation size (7). The observations will be padded.
Fewer observations (0) made than vector observation size (7). The observations will be padded.
Fewer observations (0) made than vector observation size (7). The observations will be padded.
Fewer observations (0) made than vector observation size (7). The observations will be padded.
Fewer observations (0) made than vector observation size (7). The observations will be padded.
Fewer observations (0) made than vector observation size (7). The observations will be padded.
生成了一個物件
Fewer observations (0) made than vector observation size (7). The observations will be padded.
Fewer observations (0) made than vector observation size (7). The observations will be padded.
生成了一個物件
Fewer observations (0) made than vector observation size (7). The observations will be padded.
生成了一個物件
Fewer observations (0) made than vector observation size (7). The observations will be padded.
生成了一個物件
Fewer observations (0) made than vector observation size (7). The observations will be padded.
Fewer observations (0) made than vector observation size (7). The observations will be padded.
Fewer observations (0) made than vector observation size (7). The observations will be padded.
Fewer observations (0) made than vector observation size (7). The observations will be padded.
Fewer observations (0) made than vector observation size (7). The observations will be padded.
Fewer observations (0) made than vector observation size (7). The observations will be padded.
Fewer observations (0) made than vector observation size (7). The observations will be padded.
Fewer observations (0) made than vector observation size (7). The observations will be padded.
Fewer observations (0) made than vector observation size (7). The observations will be padded.
Fewer observations (0) made than vector observation size (7). The observations will be padded.
Fewer observations (0) made than vector observation size (7). The observations will be padded.
Fewer observations (0) made than vector observation size (7). The observations will be padded.
Fewer observations (0) made than vector observation size (7). The observations will be padded.
生成了一個物件
Fewer observations (0) made than vector observation size (7). The observations will be padded.
生成了一個物件
Fewer observations (0) made than vector observation size (7). The observations will be padded.
生成了一個物件
Fewer observations (0) made than vector observation size (7). The observations will be padded.
Player died!
Fewer observations (0) made than vector observation size (7). The observations will be padded.
Player died!
生成了一個物件
Unloading 3 Unused Serialized files (Serialized files now loaded: 0)
UnloadTime: 4.554200 ms
Unloading 1 unused Assets to reduce memory usage. Loaded Objects now: 2872.
Total: 1.287600 ms (FindLiveObjects: 0.110200 ms CreateObjectMapping: 0.045200 ms MarkObjects: 1.120300 ms  DeleteObjects: 0.011600 ms)

Unloading 3 Unused Serialized files (Serialized files now loaded: 0)
Fewer observations (0) made than vector observation size (7). The observations will be padded.
UnloadTime: 0.733000 ms
Unloading 1 unused Assets to reduce memory usage. Loaded Objects now: 2872.
Total: 0.876200 ms (FindLiveObjects: 0.079100 ms CreateObjectMapping: 0.035000 ms MarkObjects: 0.754000 ms  DeleteObjects: 0.008000 ms)

[LoadMap] Using main map source: D:\Unity\ML-agent\Map\Decode.txt
[LoadFinishMap] Using finish map source: D:\Unity\ML-agent\Map\finishmap.txt
[LoadFinishMap] Finish size = 15 x 15, new rightX = 215
[LoadMap] Done. Main size = 200 x 15, rightX = 215
Fewer observations (0) made than vector observation size (7). The observations will be padded.
FrontWall hit: ground 1(Clone) normalX=1
FrontWall hit: ground 1(Clone) normalX=1
FrontWall hit: ground 1(Clone) normalX=1
Fewer observations (0) made than vector observation size (7). The observations will be padded.
Fewer observations (0) made than vector observation size (7). The observations will be padded.
生成了一個物件
Fewer observations (0) made than vector observation size (7). The observations will be padded.
Fewer observations (0) made than vector observation size (7). The observations will be padded.
Fewer observations (0) made than vector observation size (7). The observations will be padded.
Fewer observations (0) made than vector observation size (7). The observations will be padded.
生成了一個物件
Fewer observations (0) made than vector observation size (7). The observations will be padded.
Fewer observations (0) made than vector observation size (7). The observations will be padded.
生成了一個物件
Fewer observations (0) made than vector observation size (7). The observations will be padded.
Fewer observations (0) made than vector observation size (7). The observations will be padded.
FrontWall hit: ground 1(Clone) normalX=1
FrontWall hit: ground 1(Clone) normalX=1
生成了一個物件
FrontWall hit: ground 1(Clone) normalX=1
Fewer observations (0) made than vector observation size (7). The observations will be padded.
Fewer observations (0) made than vector observation size (7). The observations will be padded.
Fewer observations (0) made than vector observation size (7). The observations will be padded.
FrontWall hit: ground 1(Clone) normalX=1
FrontWall hit: ground 1(Clone) normalX=1
FrontWall hit: ground 1(Clone) normalX=1
Fewer observations (0) made than vector observation size (7). The observations will be padded.
Fewer observations (0) made than vector observation size (7). The observations will be padded.
Fewer observations (0) made than vector observation size (7). The observations will be padded.
Fewer observations (0) made than vector observation size (7). The observations will be padded.
Fewer observations (0) made than vector observation size (7). The observations will be padded.
生成了一個物件
Fewer observations (0) made than vector observation size (7). The observations will be padded.
Fewer observations (0) made than vector observation size (7). The observations will be padded.
Fewer observations (0) made than vector observation size (7). The observations will be padded.
Fewer observations (0) made than vector observation size (7). The observations will be padded.
Fewer observations (0) made than vector observation size (7). The observations will be padded.
生成了一個物件
Fewer observations (0) made than vector observation size (7). The observations will be padded.
Fewer observations (0) made than vector observation size (7). The observations will be padded.
生成了一個物件
FrontWall hit: ground 1(Clone) normalX=1
Fewer observations (0) made than vector observation size (7). The observations will be padded.
Fewer observations (0) made than vector observation size (7). The observations will be padded.
生成了一個物件
Fewer observations (0) made than vector observation size (7). The observations will be padded.
Fewer observations (0) made than vector observation size (7). The observations will be padded.
Fewer observations (0) made than vector observation size (7). The observations will be padded.
Fewer observations (0) made than vector observation size (7). The observations will be padded.
Fewer observations (0) made than vector observation size (7). The observations will be padded.
Fewer observations (0) made than vector observation size (7). The observations will be padded.
Fewer observations (0) made than vector observation size (7). The observations will be padded.
Fewer observations (0) made than vector observation size (7). The observations will be padded.
生成了一個物件
Fewer observations (0) made than vector observation size (7). The observations will be padded.
Fewer observations (0) made than vector observation size (7). The observations will be padded.
Fewer observations (0) made than vector observation size (7). The observations will be padded.
Player died!
Fewer observations (0) made than vector observation size (7). The observations will be padded.
Player died!
Unloading 3 Unused Serialized files (Serialized files now loaded: 0)
UnloadTime: 5.172400 ms
Unloading 1 unused Assets to reduce memory usage. Loaded Objects now: 2872.
Total: 0.797200 ms (FindLiveObjects: 0.086200 ms CreateObjectMapping: 0.040900 ms MarkObjects: 0.661900 ms  DeleteObjects: 0.008100 ms)

Unloading 3 Unused Serialized files (Serialized files now loaded: 0)
Fewer observations (0) made than vector observation size (7). The observations will be padded.
UnloadTime: 0.556500 ms
Unloading 1 unused Assets to reduce memory usage. Loaded Objects now: 2872.
Total: 0.845700 ms (FindLiveObjects: 0.078800 ms CreateObjectMapping: 0.033200 ms MarkObjects: 0.724800 ms  DeleteObjects: 0.008700 ms)

[LoadMap] Using main map source: D:\Unity\ML-agent\Map\Decode.txt
[LoadFinishMap] Using finish map source: D:\Unity\ML-agent\Map\finishmap.txt
[LoadFinishMap] Finish size = 15 x 15, new rightX = 215
[LoadMap] Done. Main size = 200 x 15, rightX = 215
Fewer observations (0) made than vector observation size (7). The observations will be padded.
Fewer observations (0) made than vector observation size (7). The observations will be padded.
FrontWall hit: ground 1(Clone) normalX=1
FrontWall hit: ground 1(Clone) normalX=1
FrontWall hit: ground 1(Clone) normalX=1
Fewer observations (0) made than vector observation size (7). The observations will be padded.
FrontWall hit: ground 1(Clone) normalX=1
FrontWall hit: ground 1(Clone) normalX=1
FrontWall hit: ground 1(Clone) normalX=1
Fewer observations (0) made than vector observation size (7). The observations will be padded.
Fewer observations (0) made than vector observation size (7). The observations will be padded.
Fewer observations (0) made than vector observation size (7). The observations will be padded.
Fewer observations (0) made than vector observation size (7). The observations will be padded.
Fewer observations (0) made than vector observation size (7). The observations will be padded.
Fewer observations (0) made than vector observation size (7). The observations will be padded.
Fewer observations (0) made than vector observation size (7). The observations will be padded.
生成了一個物件
Fewer observations (0) made than vector observation size (7). The observations will be padded.
Fewer observations (0) made than vector observation size (7). The observations will be padded.
生成了一個物件
Fewer observations (0) made than vector observation size (7). The observations will be padded.
生成了一個物件
Fewer observations (0) made than vector observation size (7). The observations will be padded.
Fewer observations (0) made than vector observation size (7). The observations will be padded.
生成了一個物件
Fewer observations (0) made than vector observation size (7). The observations will be padded.
Fewer observations (0) made than vector observation size (7). The observations will be padded.
Fewer observations (0) made than vector observation size (7). The observations will be padded.
Fewer observations (0) made than vector observation size (7). The observations will be padded.
Fewer observations (0) made than vector observation size (7). The observations will be padded.
Fewer observations (0) made than vector observation size (7). The observations will be padded.
Fewer observations (0) made than vector observation size (7). The observations will be padded.
Fewer observations (0) made than vector observation size (7). The observations will be padded.
Fewer observations (0) made than vector observation size (7). The observations will be padded.
Fewer observations (0) made than vector observation size (7). The observations will be padded.
Fewer observations (0) made than vector observation size (7). The observations will be padded.
Fewer observations (0) made than vector observation size (7). The observations will be padded.
生成了一個物件
Fewer observations (0) made than vector observation size (7). The observations will be padded.
Fewer observations (0) made than vector observation size (7). The observations will be padded.
生成了一個物件
Fewer observations (0) made than vector observation size (7). The observations will be padded.
生成了一個物件
Fewer observations (0) made than vector observation size (7). The observations will be padded.
生成了一個物件
Fewer observations (0) made than vector observation size (7). The observations will be padded.
Fewer observations (0) made than vector observation size (7). The observations will be padded.
Fewer observations (0) made than vector observation size (7). The observations will be padded.
Fewer observations (0) made than vector observation size (7). The observations will be padded.
Fewer observations (0) made than vector observation size (7). The observations will be padded.
Fewer observations (0) made than vector observation size (7). The observations will be padded.
Fewer observations (0) made than vector observation size (7). The observations will be padded.
Fewer observations (0) made than vector observation size (7). The observations will be padded.
Fewer observations (0) made than vector observation size (7). The observations will be padded.
Player died!
Fewer observations (0) made than vector observation size (7). The observations will be padded.
Player died!
Unloading 3 Unused Serialized files (Serialized files now loaded: 0)
UnloadTime: 4.602500 ms
Unloading 1 unused Assets to reduce memory usage. Loaded Objects now: 2872.
Total: 1.079400 ms (FindLiveObjects: 0.084200 ms CreateObjectMapping: 0.038700 ms MarkObjects: 0.948800 ms  DeleteObjects: 0.007600 ms)

Unloading 3 Unused Serialized files (Serialized files now loaded: 0)
Fewer observations (0) made than vector observation size (7). The observations will be padded.
UnloadTime: 0.534500 ms
Unloading 1 unused Assets to reduce memory usage. Loaded Objects now: 2872.
Total: 0.936100 ms (FindLiveObjects: 0.085300 ms CreateObjectMapping: 0.035200 ms MarkObjects: 0.805400 ms  DeleteObjects: 0.010200 ms)

[LoadMap] Using main map source: D:\Unity\ML-agent\Map\Decode.txt
[LoadFinishMap] Using finish map source: D:\Unity\ML-agent\Map\finishmap.txt
[LoadFinishMap] Finish size = 15 x 15, new rightX = 215
[LoadMap] Done. Main size = 200 x 15, rightX = 215
Fewer observations (0) made than vector observation size (7). The observations will be padded.
Fewer observations (0) made than vector observation size (7). The observations will be padded.
Fewer observations (0) made than vector observation size (7). The observations will be padded.
Fewer observations (0) made than vector observation size (7). The observations will be padded.
Fewer observations (0) made than vector observation size (7). The observations will be padded.
Fewer observations (0) made than vector observation size (7). The observations will be padded.
Fewer observations (0) made than vector observation size (7). The observations will be padded.
FrontWall hit: ground 1(Clone) normalX=1
Fewer observations (0) made than vector observation size (7). The observations will be padded.
Fewer observations (0) made than vector observation size (7). The observations will be padded.
Fewer observations (0) made than vector observation size (7). The observations will be padded.
Fewer observations (0) made than vector observation size (7). The observations will be padded.
Fewer observations (0) made than vector observation size (7). The observations will be padded.
Fewer observations (0) made than vector observation size (7). The observations will be padded.
Fewer observations (0) made than vector observation size (7). The observations will be padded.
Fewer observations (0) made than vector observation size (7). The observations will be padded.
Fewer observations (0) made than vector observation size (7). The observations will be padded.
Fewer observations (0) made than vector observation size (7). The observations will be padded.
FrontWall hit: ground 1(Clone) normalX=1
Fewer observations (0) made than vector observation size (7). The observations will be padded.
Fewer observations (0) made than vector observation size (7). The observations will be padded.
Fewer observations (0) made than vector observation size (7). The observations will be padded.
Fewer observations (0) made than vector observation size (7). The observations will be padded.
Fewer observations (0) made than vector observation size (7). The observations will be padded.
Fewer observations (0) made than vector observation size (7). The observations will be padded.
Fewer observations (0) made than vector observation size (7). The observations will be padded.
生成了一個物件
Fewer observations (0) made than vector observation size (7). The observations will be padded.
生成了一個物件
Fewer observations (0) made than vector observation size (7). The observations will be padded.
FrontWall hit: ground 1(Clone) normalX=1
FrontWall hit: ground 1(Clone) normalX=1
FrontWall hit: ground 1(Clone) normalX=1
Fewer observations (0) made than vector observation size (7). The observations will be padded.
生成了一個物件
Fewer observations (0) made than vector observation size (7). The observations will be padded.
FrontWall hit: ground 1(Clone) normalX=1
FrontWall hit: ground 1(Clone) normalX=1
FrontWall hit: ground 1(Clone) normalX=1
Fewer observations (0) made than vector observation size (7). The observations will be padded.
生成了一個物件
Fewer observations (0) made than vector observation size (7). The observations will be padded.
FrontWall hit: ground 1(Clone) normalX=1
FrontWall hit: ground 1(Clone) normalX=1
FrontWall hit: ground 1(Clone) normalX=1
Fewer observations (0) made than vector observation size (7). The observations will be padded.
Fewer observations (0) made than vector observation size (7). The observations will be padded.
FrontWall hit: ground 1(Clone) normalX=1
FrontWall hit: ground 1(Clone) normalX=1
FrontWall hit: ground 1(Clone) normalX=1
Fewer observations (0) made than vector observation size (7). The observations will be padded.
Fewer observations (0) made than vector observation size (7). The observations will be padded.
Fewer observations (0) made than vector observation size (7). The observations will be padded.
Fewer observations (0) made than vector observation size (7). The observations will be padded.
Fewer observations (0) made than vector observation size (7). The observations will be padded.
Fewer observations (0) made than vector observation size (7). The observations will be padded.
Fewer observations (0) made than vector observation size (7). The observations will be padded.
Fewer observations (0) made than vector observation size (7). The observations will be padded.
Fewer observations (0) made than vector observation size (7). The observations will be padded.
生成了一個物件
Fewer observations (0) made than vector observation size (7). The observations will be padded.
生成了一個物件
Fewer observations (0) made than vector observation size (7). The observations will be padded.
Fewer observations (0) made than vector observation size (7). The observations will be padded.
生成了一個物件
Fewer observations (0) made than vector observation size (7). The observations will be padded.
生成了一個物件
Fewer observations (0) made than vector observation size (7). The observations will be padded.
Fewer observations (0) made than vector observation size (7). The observations will be padded.
Fewer observations (0) made than vector observation size (7). The observations will be padded.
Fewer observations (0) made than vector observation size (7). The observations will be padded.
Fewer observations (0) made than vector observation size (7). The observations will be padded.
Fewer observations (0) made than vector observation size (7). The observations will be padded.
Fewer observations (0) made than vector observation size (7). The observations will be padded.
Fewer observations (0) made than vector observation size (7). The observations will be padded.
Fewer observations (0) made than vector observation size (7). The observations will be padded.
Fewer observations (0) made than vector observation size (7). The observations will be padded.
Fewer observations (0) made than vector observation size (7). The observations will be padded.
Fewer observations (0) made than vector observation size (7). The observations will be padded.
Fewer observations (0) made than vector observation size (7). The observations will be padded.
生成了一個物件
Fewer observations (0) made than vector observation size (7). The observations will be padded.
生成了一個物件
Fewer observations (0) made than vector observation size (7). The observations will be padded.
生成了一個物件
Fewer observations (0) made than vector observation size (7). The observations will be padded.
Player died!
Fewer observations (0) made than vector observation size (7). The observations will be padded.
Player died!
Unloading 3 Unused Serialized files (Serialized files now loaded: 0)
UnloadTime: 5.332900 ms
Unloading 1 unused Assets to reduce memory usage. Loaded Objects now: 2872.
Total: 1.093900 ms (FindLiveObjects: 0.081100 ms CreateObjectMapping: 0.037400 ms MarkObjects: 0.967600 ms  DeleteObjects: 0.007600 ms)

Unloading 3 Unused Serialized files (Serialized files now loaded: 0)
Fewer observations (0) made than vector observation size (7). The observations will be padded.
UnloadTime: 0.478100 ms
Unloading 1 unused Assets to reduce memory usage. Loaded Objects now: 2872.
Total: 0.774300 ms (FindLiveObjects: 0.077100 ms CreateObjectMapping: 0.036200 ms MarkObjects: 0.654300 ms  DeleteObjects: 0.006600 ms)

[LoadMap] Using main map source: D:\Unity\ML-agent\Map\Decode.txt
[LoadFinishMap] Using finish map source: D:\Unity\ML-agent\Map\finishmap.txt
[LoadFinishMap] Finish size = 15 x 15, new rightX = 215
[LoadMap] Done. Main size = 200 x 15, rightX = 215
Fewer observations (0) made than vector observation size (7). The observations will be padded.
Fewer observations (0) made than vector observation size (7). The observations will be padded.
生成了一個物件
Fewer observations (0) made than vector observation size (7). The observations will be padded.
Fewer observations (0) made than vector observation size (7). The observations will be padded.
Fewer observations (0) made than vector observation size (7). The observations will be padded.
Fewer observations (0) made than vector observation size (7). The observations will be padded.
生成了一個物件
Fewer observations (0) made than vector observation size (7). The observations will be padded.
Fewer observations (0) made than vector observation size (7). The observations will be padded.
Fewer observations (0) made than vector observation size (7). The observations will be padded.
生成了一個物件
Fewer observations (0) made than vector observation size (7). The observations will be padded.
生成了一個物件
Fewer observations (0) made than vector observation size (7). The observations will be padded.
Fewer observations (0) made than vector observation size (7). The observations will be padded.
Fewer observations (0) made than vector observation size (7). The observations will be padded.
Fewer observations (0) made than vector observation size (7). The observations will be padded.
Fewer observations (0) made than vector observation size (7). The observations will be padded.
Fewer observations (0) made than vector observation size (7). The observations will be padded.
Fewer observations (0) made than vector observation size (7). The observations will be padded.
Fewer observations (0) made than vector observation size (7). The observations will be padded.
Fewer observations (0) made than vector observation size (7). The observations will be padded.
生成了一個物件
Fewer observations (0) made than vector observation size (7). The observations will be padded.
Fewer observations (0) made than vector observation size (7). The observations will be padded.
Fewer observations (0) made than vector observation size (7). The observations will be padded.
Fewer observations (0) made than vector observation size (7). The observations will be padded.
生成了一個物件
Fewer observations (0) made than vector observation size (7). The observations will be padded.
Fewer observations (0) made than vector observation size (7). The observations will be padded.
生成了一個物件
Fewer observations (0) made than vector observation size (7). The observations will be padded.
Fewer observations (0) made than vector observation size (7). The observations will be padded.
生成了一個物件
Fewer observations (0) made than vector observation size (7). The observations will be padded.
Fewer observations (0) made than vector observation size (7). The observations will be padded.
Fewer observations (0) made than vector observation size (7). The observations will be padded.
Fewer observations (0) made than vector observation size (7). The observations will be padded.
Fewer observations (0) made than vector observation size (7). The observations will be padded.
Fewer observations (0) made than vector observation size (7). The observations will be padded.
Fewer observations (0) made than vector observation size (7). The observations will be padded.
Fewer observations (0) made than vector observation size (7). The observations will be padded.
生成了一個物件
Fewer observations (0) made than vector observation size (7). The observations will be padded.
Fewer observations (0) made than vector observation size (7). The observations will be padded.
Fewer observations (0) made than vector observation size (7). The observations will be padded.
Fewer observations (0) made than vector observation size (7). The observations will be padded.
生成了一個物件
Fewer observations (0) made than vector observation size (7). The observations will be padded.
Fewer observations (0) made than vector observation size (7). The observations will be padded.
Fewer observations (0) made than vector observation size (7). The observations will be padded.
生成了一個物件
Fewer observations (0) made than vector observation size (7). The observations will be padded.
Fewer observations (0) made than vector observation size (7). The observations will be padded.
生成了一個物件
Fewer observations (0) made than vector observation size (7). The observations will be padded.
Fewer observations (0) made than vector observation size (7). The observations will be padded.
Fewer observations (0) made than vector observation size (7). The observations will be padded.
Fewer observations (0) made than vector observation size (7). The observations will be padded.
Fewer observations (0) made than vector observation size (7). The observations will be padded.
Fewer observations (0) made than vector observation size (7). The observations will be padded.
Fewer observations (0) made than vector observation size (7). The observations will be padded.
Fewer observations (0) made than vector observation size (7). The observations will be padded.
生成了一個物件
Fewer observations (0) made than vector observation size (7). The observations will be padded.
Fewer observations (0) made than vector observation size (7). The observations will be padded.
Fewer observations (0) made than vector observation size (7). The observations will be padded.
Fewer observations (0) made than vector observation size (7). The observations will be padded.
生成了一個物件
Fewer observations (0) made than vector observation size (7). The observations will be padded.
Fewer observations (0) made than vector observation size (7). The observations will be padded.
Fewer observations (0) made than vector observation size (7). The observations will be padded.
生成了一個物件
Fewer observations (0) made than vector observation size (7). The observations will be padded.
生成了一個物件
Fewer observations (0) made than vector observation size (7). The observations will be padded.
Fewer observations (0) made than vector observation size (7). The observations will be padded.
Fewer observations (0) made than vector observation size (7). The observations will be padded.
Fewer observations (0) made than vector observation size (7). The observations will be padded.
Fewer observations (0) made than vector observation size (7). The observations will be padded.
Fewer observations (0) made than vector observation size (7). The observations will be padded.
Fewer observations (0) made than vector observation size (7). The observations will be padded.
Fewer observations (0) made than vector observation size (7). The observations will be padded.
Fewer observations (0) made than vector observation size (7). The observations will be padded.
生成了一個物件
Fewer observations (0) made than vector observation size (7). The observations will be padded.
Fewer observations (0) made than vector observation size (7). The observations will be padded.
Fewer observations (0) made than vector observation size (7). The observations will be padded.
Fewer observations (0) made than vector observation size (7). The observations will be padded.
生成了一個物件
Fewer observations (0) made than vector observation size (7). The observations will be padded.
Fewer observations (0) made than vector observation size (7). The observations will be padded.
生成了一個物件
Fewer observations (0) made than vector observation size (7). The observations will be padded.
Fewer observations (0) made than vector observation size (7). The observations will be padded.
生成了一個物件
Fewer observations (0) made than vector observation size (7). The observations will be padded.
Fewer observations (0) made than vector observation size (7). The observations will be padded.
Fewer observations (0) made than vector observation size (7). The observations will be padded.
Fewer observations (0) made than vector observation size (7). The observations will be padded.
Fewer observations (0) made than vector observation size (7). The observations will be padded.
Fewer observations (0) made than vector observation size (7). The observations will be padded.
Fewer observations (0) made than vector observation size (7). The observations will be padded.
Fewer observations (0) made than vector observation size (7). The observations will be padded.
生成了一個物件
Fewer observations (0) made than vector observation size (7). The observations will be padded.
Fewer observations (0) made than vector observation size (7). The observations will be padded.
Fewer observations (0) made than vector observation size (7). The observations will be padded.
Player died!
Fewer observations (0) made than vector observation size (7). The observations will be padded.
Player died!
Unloading 3 Unused Serialized files (Serialized files now loaded: 0)
UnloadTime: 4.930000 ms
Unloading 1 unused Assets to reduce memory usage. Loaded Objects now: 2872.
Total: 1.090200 ms (FindLiveObjects: 0.082400 ms CreateObjectMapping: 0.036900 ms MarkObjects: 0.960700 ms  DeleteObjects: 0.010200 ms)

Unloading 3 Unused Serialized files (Serialized files now loaded: 0)
Fewer observations (0) made than vector observation size (7). The observations will be padded.
UnloadTime: 0.560200 ms
Unloading 1 unused Assets to reduce memory usage. Loaded Objects now: 2872.
Total: 0.871200 ms (FindLiveObjects: 0.081800 ms CreateObjectMapping: 0.035300 ms MarkObjects: 0.746700 ms  DeleteObjects: 0.007100 ms)

[LoadMap] Using main map source: D:\Unity\ML-agent\Map\Decode.txt
[LoadFinishMap] Using finish map source: D:\Unity\ML-agent\Map\finishmap.txt
[LoadFinishMap] Finish size = 15 x 15, new rightX = 215
[LoadMap] Done. Main size = 200 x 15, rightX = 215
Fewer observations (0) made than vector observation size (7). The observations will be padded.
FrontWall hit: ground 1(Clone) normalX=1
FrontWall hit: ground 1(Clone) normalX=1
FrontWall hit: ground 1(Clone) normalX=1
Fewer observations (0) made than vector observation size (7). The observations will be padded.
Fewer observations (0) made than vector observation size (7). The observations will be padded.
生成了一個物件
Fewer observations (0) made than vector observation size (7). The observations will be padded.
Fewer observations (0) made than vector observation size (7). The observations will be padded.
Fewer observations (0) made than vector observation size (7). The observations will be padded.
Fewer observations (0) made than vector observation size (7). The observations will be padded.
生成了一個物件
Fewer observations (0) made than vector observation size (7). The observations will be padded.
Fewer observations (0) made than vector observation size (7). The observations will be padded.
生成了一個物件
Fewer observations (0) made than vector observation size (7). The observations will be padded.
Fewer observations (0) made than vector observation size (7). The observations will be padded.
生成了一個物件
Fewer observations (0) made than vector observation size (7). The observations will be padded.
Fewer observations (0) made than vector observation size (7). The observations will be padded.
Fewer observations (0) made than vector observation size (7). The observations will be padded.
Fewer observations (0) made than vector observation size (7). The observations will be padded.
Fewer observations (0) made than vector observation size (7). The observations will be padded.
Fewer observations (0) made than vector observation size (7). The observations will be padded.
Fewer observations (0) made than vector observation size (7). The observations will be padded.
Fewer observations (0) made than vector observation size (7). The observations will be padded.
FrontWall hit: ground 1(Clone) normalX=1
FrontWall hit: ground 1(Clone) normalX=1
FrontWall hit: ground 1(Clone) normalX=1
生成了一個物件
Fewer observations (0) made than vector observation size (7). The observations will be padded.
FrontWall hit: ground 1(Clone) normalX=1
FrontWall hit: ground 1(Clone) normalX=1
FrontWall hit: ground 1(Clone) normalX=1
Fewer observations (0) made than vector observation size (7). The observations will be padded.
Fewer observations (0) made than vector observation size (7). The observations will be padded.
Fewer observations (0) made than vector observation size (7). The observations will be padded.
Fewer observations (0) made than vector observation size (7). The observations will be padded.
生成了一個物件
Fewer observations (0) made than vector observation size (7). The observations will be padded.
Fewer observations (0) made than vector observation size (7). The observations will be padded.
生成了一個物件
Fewer observations (0) made than vector observation size (7). The observations will be padded.
Fewer observations (0) made than vector observation size (7). The observations will be padded.
生成了一個物件
Fewer observations (0) made than vector observation size (7). The observations will be padded.
Fewer observations (0) made than vector observation size (7). The observations will be padded.
Fewer observations (0) made than vector observation size (7). The observations will be padded.
Fewer observations (0) made than vector observation size (7). The observations will be padded.
Fewer observations (0) made than vector observation size (7). The observations will be padded.
FrontWall hit: ground 1(Clone) normalX=1
FrontWall hit: ground 1(Clone) normalX=1
FrontWall hit: ground 1(Clone) normalX=1
Fewer observations (0) made than vector observation size (7). The observations will be padded.
Fewer observations (0) made than vector observation size (7). The observations will be padded.
FrontWall hit: ground 1(Clone) normalX=1
FrontWall hit: ground 1(Clone) normalX=1
FrontWall hit: ground 1(Clone) normalX=1
Fewer observations (0) made than vector observation size (7). The observations will be padded.
生成了一個物件
Fewer observations (0) made than vector observation size (7). The observations will be padded.
Fewer observations (0) made than vector observation size (7). The observations will be padded.
FrontWall hit: ground 1(Clone) normalX=1
FrontWall hit: ground 1(Clone) normalX=1
FrontWall hit: ground 1(Clone) normalX=1
Fewer observations (0) made than vector observation size (7). The observations will be padded.
FrontWall hit: ground 1(Clone) normalX=1
FrontWall hit: ground 1(Clone) normalX=1
FrontWall hit: ground 1(Clone) normalX=1
Fewer observations (0) made than vector observation size (7). The observations will be padded.
FrontWall hit: ground 1(Clone) normalX=1
FrontWall hit: ground 1(Clone) normalX=1
FrontWall hit: ground 1(Clone) normalX=1
生成了一個物件
Fewer observations (0) made than vector observation size (7). The observations will be padded.
Player died!
Fewer observations (0) made than vector observation size (7). The observations will be padded.
Player died!
Unloading 3 Unused Serialized files (Serialized files now loaded: 0)
UnloadTime: 5.185000 ms
Unloading 1 unused Assets to reduce memory usage. Loaded Objects now: 2872.
Total: 0.811600 ms (FindLiveObjects: 0.086200 ms CreateObjectMapping: 0.041400 ms MarkObjects: 0.674500 ms  DeleteObjects: 0.009400 ms)

Unloading 3 Unused Serialized files (Serialized files now loaded: 0)
Fewer observations (0) made than vector observation size (7). The observations will be padded.
UnloadTime: 0.546400 ms
Unloading 1 unused Assets to reduce memory usage. Loaded Objects now: 2872.
Total: 0.978500 ms (FindLiveObjects: 0.087900 ms CreateObjectMapping: 0.036500 ms MarkObjects: 0.844800 ms  DeleteObjects: 0.009200 ms)

[LoadMap] Using main map source: D:\Unity\ML-agent\Map\Decode.txt
[LoadFinishMap] Using finish map source: D:\Unity\ML-agent\Map\finishmap.txt
[LoadFinishMap] Finish size = 15 x 15, new rightX = 215
[LoadMap] Done. Main size = 200 x 15, rightX = 215
Fewer observations (0) made than vector observation size (7). The observations will be padded.
Fewer observations (0) made than vector observation size (7). The observations will be padded.
FrontWall hit: ground 1(Clone) normalX=1
FrontWall hit: ground 1(Clone) normalX=1
生成了一個物件
FrontWall hit: ground 1(Clone) normalX=1
Fewer observations (0) made than vector observation size (7). The observations will be padded.
Fewer observations (0) made than vector observation size (7). The observations will be padded.
FrontWall hit: ground 1(Clone) normalX=1
FrontWall hit: ground 1(Clone) normalX=1
FrontWall hit: ground 1(Clone) normalX=1
Fewer observations (0) made than vector observation size (7). The observations will be padded.
Fewer observations (0) made than vector observation size (7). The observations will be padded.
Fewer observations (0) made than vector observation size (7). The observations will be padded.
Fewer observations (0) made than vector observation size (7). The observations will be padded.
Fewer observations (0) made than vector observation size (7). The observations will be padded.
Fewer observations (0) made than vector observation size (7). The observations will be padded.
生成了一個物件
Fewer observations (0) made than vector observation size (7). The observations will be padded.
Fewer observations (0) made than vector observation size (7). The observations will be padded.
生成了一個物件
Fewer observations (0) made than vector observation size (7). The observations will be padded.
Fewer observations (0) made than vector observation size (7). The observations will be padded.
生成了一個物件
Fewer observations (0) made than vector observation size (7). The observations will be padded.
Fewer observations (0) made than vector observation size (7). The observations will be padded.
Fewer observations (0) made than vector observation size (7). The observations will be padded.
Fewer observations (0) made than vector observation size (7). The observations will be padded.
Fewer observations (0) made than vector observation size (7). The observations will be padded.
生成了一個物件
Fewer observations (0) made than vector observation size (7). The observations will be padded.
Fewer observations (0) made than vector observation size (7). The observations will be padded.
Fewer observations (0) made than vector observation size (7). The observations will be padded.
Fewer observations (0) made than vector observation size (7). The observations will be padded.
Fewer observations (0) made than vector observation size (7). The observations will be padded.
Fewer observations (0) made than vector observation size (7). The observations will be padded.
Fewer observations (0) made than vector observation size (7). The observations will be padded.
Fewer observations (0) made than vector observation size (7). The observations will be padded.
生成了一個物件
FrontWall hit: ground 1(Clone) normalX=1
Fewer observations (0) made than vector observation size (7). The observations will be padded.
Fewer observations (0) made than vector observation size (7). The observations will be padded.
生成了一個物件
Fewer observations (0) made than vector observation size (7). The observations will be padded.
FrontWall hit: ground 1(Clone) normalX=1
生成了一個物件
Fewer observations (0) made than vector observation size (7). The observations will be padded.
Fewer observations (0) made than vector observation size (7). The observations will be padded.
FrontWall hit: ground 1(Clone) normalX=1
Fewer observations (0) made than vector observation size (7). The observations will be padded.
FrontWall hit: ground 1(Clone) normalX=1
FrontWall hit: ground 1(Clone) normalX=1
FrontWall hit: ground 1(Clone) normalX=1
Fewer observations (0) made than vector observation size (7). The observations will be padded.
Fewer observations (0) made than vector observation size (7). The observations will be padded.
生成了一個物件
Fewer observations (0) made than vector observation size (7). The observations will be padded.
Fewer observations (0) made than vector observation size (7). The observations will be padded.
Fewer observations (0) made than vector observation size (7). The observations will be padded.
Fewer observations (0) made than vector observation size (7). The observations will be padded.
Fewer observations (0) made than vector observation size (7). The observations will be padded.
Fewer observations (0) made than vector observation size (7). The observations will be padded.
FrontWall hit: ground 1(Clone) normalX=1
FrontWall hit: ground 1(Clone) normalX=1
FrontWall hit: ground 1(Clone) normalX=1
Fewer observations (0) made than vector observation size (7). The observations will be padded.
Fewer observations (0) made than vector observation size (7). The observations will be padded.
生成了一個物件
Fewer observations (0) made than vector observation size (7). The observations will be padded.
FrontWall hit: ground 1(Clone) normalX=1
FrontWall hit: ground 1(Clone) normalX=1
FrontWall hit: ground 1(Clone) normalX=1
Fewer observations (0) made than vector observation size (7). The observations will be padded.
生成了一個物件
Fewer observations (0) made than vector observation size (7). The observations will be padded.
Fewer observations (0) made than vector observation size (7). The observations will be padded.
生成了一個物件
Fewer observations (0) made than vector observation size (7). The observations will be padded.
Fewer observations (0) made than vector observation size (7). The observations will be padded.
Fewer observations (0) made than vector observation size (7). The observations will be padded.
Fewer observations (0) made than vector observation size (7). The observations will be padded.
Fewer observations (0) made than vector observation size (7). The observations will be padded.
生成了一個物件
Fewer observations (0) made than vector observation size (7). The observations will be padded.
Player died!
Fewer observations (0) made than vector observation size (7). The observations will be padded.
FrontWall hit: ground 1(Clone) normalX=-1
Unloading 3 Unused Serialized files (Serialized files now loaded: 0)
UnloadTime: 4.311100 ms
Unloading 1 unused Assets to reduce memory usage. Loaded Objects now: 2872.
Total: 1.520400 ms (FindLiveObjects: 0.089600 ms CreateObjectMapping: 0.041300 ms MarkObjects: 1.381400 ms  DeleteObjects: 0.008000 ms)

[LoadMap] Using main map source: D:\Unity\ML-agent\Map\Decode.txt
[LoadFinishMap] Using finish map source: D:\Unity\ML-agent\Map\finishmap.txt
[LoadFinishMap] Finish size = 15 x 15, new rightX = 215
[LoadMap] Done. Main size = 200 x 15, rightX = 215
Fewer observations (0) made than vector observation size (7). The observations will be padded.
FrontWall hit: ground 1(Clone) normalX=1
FrontWall hit: ground 1(Clone) normalX=1
FrontWall hit: ground 1(Clone) normalX=1
Fewer observations (0) made than vector observation size (7). The observations will be padded.
FrontWall hit: ground 1(Clone) normalX=1
FrontWall hit: ground 1(Clone) normalX=1
FrontWall hit: ground 1(Clone) normalX=1
Fewer observations (0) made than vector observation size (7). The observations will be padded.
Fewer observations (0) made than vector observation size (7). The observations will be padded.
生成了一個物件
Fewer observations (0) made than vector observation size (7). The observations will be padded.
Fewer observations (0) made than vector observation size (7). The observations will be padded.
Fewer observations (0) made than vector observation size (7). The observations will be padded.
Fewer observations (0) made than vector observation size (7). The observations will be padded.
生成了一個物件
Fewer observations (0) made than vector observation size (7). The observations will be padded.
Fewer observations (0) made than vector observation size (7). The observations will be padded.
生成了一個物件
Fewer observations (0) made than vector observation size (7). The observations will be padded.
Fewer observations (0) made than vector observation size (7). The observations will be padded.
生成了一個物件
Fewer observations (0) made than vector observation size (7). The observations will be padded.
Fewer observations (0) made than vector observation size (7). The observations will be padded.
Fewer observations (0) made than vector observation size (7). The observations will be padded.
Fewer observations (0) made than vector observation size (7). The observations will be padded.
Fewer observations (0) made than vector observation size (7). The observations will be padded.
Fewer observations (0) made than vector observation size (7). The observations will be padded.
Fewer observations (0) made than vector observation size (7). The observations will be padded.
Fewer observations (0) made than vector observation size (7). The observations will be padded.
生成了一個物件
Fewer observations (0) made than vector observation size (7). The observations will be padded.
Fewer observations (0) made than vector observation size (7). The observations will be padded.
Fewer observations (0) made than vector observation size (7). The observations will be padded.
Fewer observations (0) made than vector observation size (7). The observations will be padded.
Fewer observations (0) made than vector observation size (7). The observations will be padded.
生成了一個物件
Fewer observations (0) made than vector observation size (7). The observations will be padded.
Fewer observations (0) made than vector observation size (7). The observations will be padded.
生成了一個物件
Fewer observations (0) made than vector observation size (7). The observations will be padded.
Fewer observations (0) made than vector observation size (7). The observations will be padded.
生成了一個物件
Fewer observations (0) made than vector observation size (7). The observations will be padded.
Fewer observations (0) made than vector observation size (7). The observations will be padded.
Fewer observations (0) made than vector observation size (7). The observations will be padded.
Fewer observations (0) made than vector observation size (7). The observations will be padded.
Fewer observations (0) made than vector observation size (7). The observations will be padded.
Fewer observations (0) made than vector observation size (7). The observations will be padded.
Fewer observations (0) made than vector observation size (7). The observations will be padded.
Fewer observations (0) made than vector observation size (7). The observations will be padded.
生成了一個物件
Fewer observations (0) made than vector observation size (7). The observations will be padded.
Fewer observations (0) made than vector observation size (7). The observations will be padded.
Fewer observations (0) made than vector observation size (7). The observations will be padded.
Fewer observations (0) made than vector observation size (7). The observations will be padded.
生成了一個物件
Fewer observations (0) made than vector observation size (7). The observations will be padded.
Fewer observations (0) made than vector observation size (7). The observations will be padded.
Fewer observations (0) made than vector observation size (7). The observations will be padded.
生成了一個物件
Fewer observations (0) made than vector observation size (7). The observations will be padded.
生成了一個物件
Fewer observations (0) made than vector observation size (7). The observations will be padded.
Fewer observations (0) made than vector observation size (7). The observations will be padded.
Fewer observations (0) made than vector observation size (7). The observations will be padded.
Fewer observations (0) made than vector observation size (7). The observations will be padded.
Fewer observations (0) made than vector observation size (7). The observations will be padded.
Fewer observations (0) made than vector observation size (7). The observations will be padded.
Fewer observations (0) made than vector observation size (7). The observations will be padded.
Fewer observations (0) made than vector observation size (7). The observations will be padded.
Fewer observations (0) made than vector observation size (7). The observations will be padded.
生成了一個物件
Fewer observations (0) made than vector observation size (7). The observations will be padded.
Player died!
Fewer observations (0) made than vector observation size (7). The observations will be padded.
Unloading 3 Unused Serialized files (Serialized files now loaded: 0)
UnloadTime: 5.021500 ms
Unloading 1 unused Assets to reduce memory usage. Loaded Objects now: 2872.
Total: 1.181500 ms (FindLiveObjects: 0.106400 ms CreateObjectMapping: 0.041000 ms MarkObjects: 0.967200 ms  DeleteObjects: 0.066700 ms)

[LoadMap] Using main map source: D:\Unity\ML-agent\Map\Decode.txt
[LoadFinishMap] Using finish map source: D:\Unity\ML-agent\Map\finishmap.txt
[LoadFinishMap] Finish size = 15 x 15, new rightX = 215
[LoadMap] Done. Main size = 200 x 15, rightX = 215
Fewer observations (0) made than vector observation size (7). The observations will be padded.
Fewer observations (0) made than vector observation size (7). The observations will be padded.
生成了一個物件
Fewer observations (0) made than vector observation size (7). The observations will be padded.
Fewer observations (0) made than vector observation size (7). The observations will be padded.
Fewer observations (0) made than vector observation size (7). The observations will be padded.
Fewer observations (0) made than vector observation size (7). The observations will be padded.
生成了一個物件
Fewer observations (0) made than vector observation size (7). The observations will be padded.
Fewer observations (0) made than vector observation size (7). The observations will be padded.
Fewer observations (0) made than vector observation size (7). The observations will be padded.
生成了一個物件
Fewer observations (0) made than vector observation size (7). The observations will be padded.
生成了一個物件
Fewer observations (0) made than vector observation size (7). The observations will be padded.
Fewer observations (0) made than vector observation size (7). The observations will be padded.
Fewer observations (0) made than vector observation size (7). The observations will be padded.
Fewer observations (0) made than vector observation size (7). The observations will be padded.
Fewer observations (0) made than vector observation size (7). The observations will be padded.
Fewer observations (0) made than vector observation size (7). The observations will be padded.
Fewer observations (0) made than vector observation size (7). The observations will be padded.
Fewer observations (0) made than vector observation size (7). The observations will be padded.
Fewer observations (0) made than vector observation size (7). The observations will be padded.
生成了一個物件
Fewer observations (0) made than vector observation size (7). The observations will be padded.
Fewer observations (0) made than vector observation size (7). The observations will be padded.
Fewer observations (0) made than vector observation size (7). The observations will be padded.
Fewer observations (0) made than vector observation size (7). The observations will be padded.
生成了一個物件
Fewer observations (0) made than vector observation size (7). The observations will be padded.
Fewer observations (0) made than vector observation size (7). The observations will be padded.
生成了一個物件
Fewer observations (0) made than vector observation size (7). The observations will be padded.
Fewer observations (0) made than vector observation size (7). The observations will be padded.
生成了一個物件
Fewer observations (0) made than vector observation size (7). The observations will be padded.
Fewer observations (0) made than vector observation size (7). The observations will be padded.
Fewer observations (0) made than vector observation size (7). The observations will be padded.
Fewer observations (0) made than vector observation size (7). The observations will be padded.
Fewer observations (0) made than vector observation size (7). The observations will be padded.
Fewer observations (0) made than vector observation size (7). The observations will be padded.
Fewer observations (0) made than vector observation size (7). The observations will be padded.
Player died!
Fewer observations (0) made than vector observation size (7). The observations will be padded.
Player died!
Fewer observations (0) made than vector observation size (7). The observations will be padded.
FrontWall hit: ground 1(Clone) normalX=1
Unloading 3 Unused Serialized files (Serialized files now loaded: 0)
Fewer observations (0) made than vector observation size (7). The observations will be padded.
UnloadTime: 5.039100 ms
Unloading 1 unused Assets to reduce memory usage. Loaded Objects now: 2872.
Total: 1.306500 ms (FindLiveObjects: 0.080400 ms CreateObjectMapping: 0.037100 ms MarkObjects: 1.181600 ms  DeleteObjects: 0.007100 ms)

Unloading 3 Unused Serialized files (Serialized files now loaded: 0)
Fewer observations (0) made than vector observation size (7). The observations will be padded.
UnloadTime: 0.486200 ms
Unloading 1 unused Assets to reduce memory usage. Loaded Objects now: 2872.
Total: 0.734200 ms (FindLiveObjects: 0.079700 ms CreateObjectMapping: 0.036300 ms MarkObjects: 0.610800 ms  DeleteObjects: 0.007200 ms)

[LoadMap] Using main map source: D:\Unity\ML-agent\Map\Decode.txt
[LoadFinishMap] Using finish map source: D:\Unity\ML-agent\Map\finishmap.txt
[LoadFinishMap] Finish size = 15 x 15, new rightX = 215
[LoadMap] Done. Main size = 200 x 15, rightX = 215
Fewer observations (0) made than vector observation size (7). The observations will be padded.
生成了一個物件
Fewer observations (0) made than vector observation size (7). The observations will be padded.
Fewer observations (0) made than vector observation size (7). The observations will be padded.
Fewer observations (0) made than vector observation size (7). The observations will be padded.
FrontWall hit: ground 1(Clone) normalX=1
FrontWall hit: ground 1(Clone) normalX=1
FrontWall hit: ground 1(Clone) normalX=1
Fewer observations (0) made than vector observation size (7). The observations will be padded.
Fewer observations (0) made than vector observation size (7). The observations will be padded.
Fewer observations (0) made than vector observation size (7). The observations will be padded.
FrontWall hit: ground 1(Clone) normalX=1
FrontWall hit: ground 1(Clone) normalX=1
FrontWall hit: ground 1(Clone) normalX=1
Fewer observations (0) made than vector observation size (7). The observations will be padded.
Fewer observations (0) made than vector observation size (7). The observations will be padded.
生成了一個物件
Fewer observations (0) made than vector observation size (7). The observations will be padded.
Fewer observations (0) made than vector observation size (7). The observations will be padded.
Fewer observations (0) made than vector observation size (7). The observations will be padded.
Fewer observations (0) made than vector observation size (7). The observations will be padded.
生成了一個物件
Fewer observations (0) made than vector observation size (7). The observations will be padded.
Fewer observations (0) made than vector observation size (7). The observations will be padded.
生成了一個物件
Fewer observations (0) made than vector observation size (7). The observations will be padded.
Fewer observations (0) made than vector observation size (7). The observations will be padded.
Fewer observations (0) made than vector observation size (7). The observations will be padded.
生成了一個物件
Fewer observations (0) made than vector observation size (7). The observations will be padded.
Fewer observations (0) made than vector observation size (7). The observations will be padded.
Fewer observations (0) made than vector observation size (7). The observations will be padded.
Fewer observations (0) made than vector observation size (7). The observations will be padded.
Fewer observations (0) made than vector observation size (7). The observations will be padded.
Fewer observations (0) made than vector observation size (7). The observations will be padded.
Fewer observations (0) made than vector observation size (7). The observations will be padded.
Fewer observations (0) made than vector observation size (7). The observations will be padded.
生成了一個物件
Fewer observations (0) made than vector observation size (7). The observations will be padded.
Fewer observations (0) made than vector observation size (7). The observations will be padded.
Fewer observations (0) made than vector observation size (7). The observations will be padded.
Fewer observations (0) made than vector observation size (7). The observations will be padded.
生成了一個物件
Fewer observations (0) made than vector observation size (7). The observations will be padded.
Fewer observations (0) made than vector observation size (7). The observations will be padded.
生成了一個物件
Fewer observations (0) made than vector observation size (7). The observations will be padded.
Fewer observations (0) made than vector observation size (7). The observations will be padded.
Fewer observations (0) made than vector observation size (7). The observations will be padded.
生成了一個物件
Fewer observations (0) made than vector observation size (7). The observations will be padded.
Fewer observations (0) made than vector observation size (7). The observations will be padded.
Fewer observations (0) made than vector observation size (7). The observations will be padded.
Fewer observations (0) made than vector observation size (7). The observations will be padded.
Fewer observations (0) made than vector observation size (7). The observations will be padded.
Fewer observations (0) made than vector observation size (7). The observations will be padded.
Fewer observations (0) made than vector observation size (7). The observations will be padded.
生成了一個物件
Fewer observations (0) made than vector observation size (7). The observations will be padded.
Fewer observations (0) made than vector observation size (7). The observations will be padded.
Fewer observations (0) made than vector observation size (7). The observations will be padded.
Fewer observations (0) made than vector observation size (7). The observations will be padded.
Fewer observations (0) made than vector observation size (7). The observations will be padded.
生成了一個物件
Fewer observations (0) made than vector observation size (7). The observations will be padded.
Fewer observations (0) made than vector observation size (7). The observations will be padded.
生成了一個物件
Fewer observations (0) made than vector observation size (7). The observations will be padded.
Fewer observations (0) made than vector observation size (7). The observations will be padded.
生成了一個物件
Fewer observations (0) made than vector observation size (7). The observations will be padded.
Fewer observations (0) made than vector observation size (7). The observations will be padded.
Fewer observations (0) made than vector observation size (7). The observations will be padded.
Player died!
Fewer observations (0) made than vector observation size (7). The observations will be padded.
Player died!
Fewer observations (0) made than vector observation size (7). The observations will be padded.
Unloading 3 Unused Serialized files (Serialized files now loaded: 0)
Fewer observations (0) made than vector observation size (7). The observations will be padded.
UnloadTime: 3.256500 ms
Unloading 1 unused Assets to reduce memory usage. Loaded Objects now: 2872.
Total: 1.293000 ms (FindLiveObjects: 0.080500 ms CreateObjectMapping: 0.033700 ms MarkObjects: 1.170400 ms  DeleteObjects: 0.008300 ms)

Unloading 3 Unused Serialized files (Serialized files now loaded: 0)
Fewer observations (0) made than vector observation size (7). The observations will be padded.
UnloadTime: 0.526800 ms
Unloading 1 unused Assets to reduce memory usage. Loaded Objects now: 2872.
Total: 1.010200 ms (FindLiveObjects: 0.076000 ms CreateObjectMapping: 0.037900 ms MarkObjects: 0.888700 ms  DeleteObjects: 0.007400 ms)

[LoadMap] Using main map source: D:\Unity\ML-agent\Map\Decode.txt
[LoadFinishMap] Using finish map source: D:\Unity\ML-agent\Map\finishmap.txt
[LoadFinishMap] Finish size = 15 x 15, new rightX = 215
[LoadMap] Done. Main size = 200 x 15, rightX = 215
Fewer observations (0) made than vector observation size (7). The observations will be padded.
生成了一個物件
Fewer observations (0) made than vector observation size (7). The observations will be padded.
Fewer observations (0) made than vector observation size (7). The observations will be padded.
Fewer observations (0) made than vector observation size (7). The observations will be padded.
Fewer observations (0) made than vector observation size (7). The observations will be padded.
Fewer observations (0) made than vector observation size (7). The observations will be padded.
生成了一個物件
Fewer observations (0) made than vector observation size (7). The observations will be padded.
Fewer observations (0) made than vector observation size (7). The observations will be padded.
FrontWall hit: ground 1(Clone) normalX=1
FrontWall hit: ground 1(Clone) normalX=1
生成了一個物件
FrontWall hit: ground 1(Clone) normalX=1
Fewer observations (0) made than vector observation size (7). The observations will be padded.
FrontWall hit: ground 1(Clone) normalX=1
FrontWall hit: ground 1(Clone) normalX=1
FrontWall hit: ground 1(Clone) normalX=1
Fewer observations (0) made than vector observation size (7). The observations will be padded.
Fewer observations (0) made than vector observation size (7). The observations will be padded.
FrontWall hit: ground 1(Clone) normalX=1
FrontWall hit: ground 1(Clone) normalX=1
FrontWall hit: ground 1(Clone) normalX=1
Fewer observations (0) made than vector observation size (7). The observations will be padded.
Fewer observations (0) made than vector observation size (7). The observations will be padded.
Fewer observations (0) made than vector observation size (7). The observations will be padded.
Fewer observations (0) made than vector observation size (7). The observations will be padded.
生成了一個物件
Fewer observations (0) made than vector observation size (7). The observations will be padded.
Fewer observations (0) made than vector observation size (7). The observations will be padded.
Fewer observations (0) made than vector observation size (7). The observations will be padded.
生成了一個物件
Fewer observations (0) made than vector observation size (7). The observations will be padded.
Fewer observations (0) made than vector observation size (7). The observations will be padded.
Fewer observations (0) made than vector observation size (7). The observations will be padded.
Fewer observations (0) made than vector observation size (7). The observations will be padded.
生成了一個物件
Fewer observations (0) made than vector observation size (7). The observations will be padded.
Fewer observations (0) made than vector observation size (7). The observations will be padded.
Fewer observations (0) made than vector observation size (7). The observations will be padded.
生成了一個物件
Fewer observations (0) made than vector observation size (7). The observations will be padded.
Fewer observations (0) made than vector observation size (7). The observations will be padded.
Fewer observations (0) made than vector observation size (7). The observations will be padded.
Fewer observations (0) made than vector observation size (7). The observations will be padded.
Fewer observations (0) made than vector observation size (7). The observations will be padded.
Fewer observations (0) made than vector observation size (7). The observations will be padded.
生成了一個物件
Fewer observations (0) made than vector observation size (7). The observations will be padded.
Fewer observations (0) made than vector observation size (7). The observations will be padded.
Fewer observations (0) made than vector observation size (7). The observations will be padded.
Fewer observations (0) made than vector observation size (7). The observations will be padded.
生成了一個物件
Fewer observations (0) made than vector observation size (7). The observations will be padded.
Fewer observations (0) made than vector observation size (7). The observations will be padded.
Fewer observations (0) made than vector observation size (7). The observations will be padded.
Fewer observations (0) made than vector observation size (7). The observations will be padded.
生成了一個物件
Fewer observations (0) made than vector observation size (7). The observations will be padded.
Fewer observations (0) made than vector observation size (7). The observations will be padded.
生成了一個物件
Fewer observations (0) made than vector observation size (7). The observations will be padded.
Fewer observations (0) made than vector observation size (7). The observations will be padded.
Fewer observations (0) made than vector observation size (7). The observations will be padded.
Fewer observations (0) made than vector observation size (7). The observations will be padded.
Fewer observations (0) made than vector observation size (7). The observations will be padded.
Fewer observations (0) made than vector observation size (7). The observations will be padded.
Fewer observations (0) made than vector observation size (7). The observations will be padded.
生成了一個物件
Fewer observations (0) made than vector observation size (7). The observations will be padded.
Fewer observations (0) made than vector observation size (7). The observations will be padded.
Fewer observations (0) made than vector observation size (7). The observations will be padded.
生成了一個物件
Fewer observations (0) made than vector observation size (7). The observations will be padded.
Fewer observations (0) made than vector observation size (7). The observations will be padded.
Fewer observations (0) made than vector observation size (7). The observations will be padded.
Fewer observations (0) made than vector observation size (7). The observations will be padded.
Player died!
Fewer observations (0) made than vector observation size (7). The observations will be padded.
Player died!
Fewer observations (0) made than vector observation size (7). The observations will be padded.
FrontWall hit: ground 1(Clone) normalX=1
生成了一個物件
Unloading 3 Unused Serialized files (Serialized files now loaded: 0)
Fewer observations (0) made than vector observation size (7). The observations will be padded.
UnloadTime: 4.496600 ms
Unloading 1 unused Assets to reduce memory usage. Loaded Objects now: 2872.
Total: 1.574200 ms (FindLiveObjects: 0.087700 ms CreateObjectMapping: 0.041500 ms MarkObjects: 1.432700 ms  DeleteObjects: 0.012200 ms)

Unloading 3 Unused Serialized files (Serialized files now loaded: 0)
Fewer observations (0) made than vector observation size (7). The observations will be padded.
UnloadTime: 0.463200 ms
Unloading 1 unused Assets to reduce memory usage. Loaded Objects now: 2872.
Total: 0.828100 ms (FindLiveObjects: 0.075300 ms CreateObjectMapping: 0.034700 ms MarkObjects: 0.710300 ms  DeleteObjects: 0.007600 ms)

[LoadMap] Using main map source: D:\Unity\ML-agent\Map\Decode.txt
[LoadFinishMap] Using finish map source: D:\Unity\ML-agent\Map\finishmap.txt
[LoadFinishMap] Finish size = 15 x 15, new rightX = 215
[LoadMap] Done. Main size = 200 x 15, rightX = 215
生成了一個物件
Fewer observations (0) made than vector observation size (7). The observations will be padded.
Fewer observations (0) made than vector observation size (7). The observations will be padded.
Fewer observations (0) made than vector observation size (7). The observations will be padded.
Fewer observations (0) made than vector observation size (7). The observations will be padded.
FrontWall hit: ground 1(Clone) normalX=1
FrontWall hit: ground 1(Clone) normalX=1
FrontWall hit: ground 1(Clone) normalX=1
Fewer observations (0) made than vector observation size (7). The observations will be padded.
Fewer observations (0) made than vector observation size (7). The observations will be padded.
Fewer observations (0) made than vector observation size (7). The observations will be padded.
Fewer observations (0) made than vector observation size (7). The observations will be padded.
Fewer observations (0) made than vector observation size (7). The observations will be padded.
生成了一個物件
Fewer observations (0) made than vector observation size (7). The observations will be padded.
Fewer observations (0) made than vector observation size (7). The observations will be padded.
生成了一個物件
Fewer observations (0) made than vector observation size (7). The observations will be padded.
Fewer observations (0) made than vector observation size (7). The observations will be padded.
生成了一個物件
Fewer observations (0) made than vector observation size (7). The observations will be padded.
Fewer observations (0) made than vector observation size (7). The observations will be padded.
Fewer observations (0) made than vector observation size (7). The observations will be padded.
Fewer observations (0) made than vector observation size (7). The observations will be padded.
生成了一個物件
Fewer observations (0) made than vector observation size (7). The observations will be padded.
Fewer observations (0) made than vector observation size (7). The observations will be padded.
Fewer observations (0) made than vector observation size (7). The observations will be padded.
Fewer observations (0) made than vector observation size (7). The observations will be padded.
Fewer observations (0) made than vector observation size (7). The observations will be padded.
Fewer observations (0) made than vector observation size (7). The observations will be padded.
Fewer observations (0) made than vector observation size (7). The observations will be padded.
Fewer observations (0) made than vector observation size (7). The observations will be padded.
生成了一個物件
Fewer observations (0) made than vector observation size (7). The observations will be padded.
Player died!
Fewer observations (0) made than vector observation size (7). The observations will be padded.
Player died!
FrontWall hit: ground 1(Clone) normalX=-1
Unloading 3 Unused Serialized files (Serialized files now loaded: 0)
UnloadTime: 4.844900 ms
Unloading 1 unused Assets to reduce memory usage. Loaded Objects now: 2872.
Total: 1.198100 ms (FindLiveObjects: 0.084700 ms CreateObjectMapping: 0.037600 ms MarkObjects: 1.038600 ms  DeleteObjects: 0.037100 ms)

Unloading 3 Unused Serialized files (Serialized files now loaded: 0)
Fewer observations (0) made than vector observation size (7). The observations will be padded.
UnloadTime: 0.500500 ms
Unloading 1 unused Assets to reduce memory usage. Loaded Objects now: 2872.
Total: 1.181200 ms (FindLiveObjects: 0.081600 ms CreateObjectMapping: 0.031500 ms MarkObjects: 1.058400 ms  DeleteObjects: 0.009500 ms)

[LoadMap] Using main map source: D:\Unity\ML-agent\Map\Decode.txt
[LoadFinishMap] Using finish map source: D:\Unity\ML-agent\Map\finishmap.txt
[LoadFinishMap] Finish size = 15 x 15, new rightX = 215
[LoadMap] Done. Main size = 200 x 15, rightX = 215
Fewer observations (0) made than vector observation size (7). The observations will be padded.
Fewer observations (0) made than vector observation size (7). The observations will be padded.
Fewer observations (0) made than vector observation size (7). The observations will be padded.
Fewer observations (0) made than vector observation size (7). The observations will be padded.
Fewer observations (0) made than vector observation size (7). The observations will be padded.
Fewer observations (0) made than vector observation size (7). The observations will be padded.
Fewer observations (0) made than vector observation size (7). The observations will be padded.
Fewer observations (0) made than vector observation size (7). The observations will be padded.
Fewer observations (0) made than vector observation size (7). The observations will be padded.
Fewer observations (0) made than vector observation size (7). The observations will be padded.
Fewer observations (0) made than vector observation size (7). The observations will be padded.
Fewer observations (0) made than vector observation size (7). The observations will be padded.
Fewer observations (0) made than vector observation size (7). The observations will be padded.
Fewer observations (0) made than vector observation size (7). The observations will be padded.
Fewer observations (0) made than vector observation size (7). The observations will be padded.
Fewer observations (0) made than vector observation size (7). The observations will be padded.
Fewer observations (0) made than vector observation size (7). The observations will be padded.
FrontWall hit: ground 1(Clone) normalX=1
Fewer observations (0) made than vector observation size (7). The observations will be padded.
FrontWall hit: ground 1(Clone) normalX=1
FrontWall hit: ground 1(Clone) normalX=1
FrontWall hit: ground 1(Clone) normalX=1
Fewer observations (0) made than vector observation size (7). The observations will be padded.
Fewer observations (0) made than vector observation size (7). The observations will be padded.
Fewer observations (0) made than vector observation size (7). The observations will be padded.
Fewer observations (0) made than vector observation size (7). The observations will be padded.
Fewer observations (0) made than vector observation size (7). The observations will be padded.
Fewer observations (0) made than vector observation size (7). The observations will be padded.
Fewer observations (0) made than vector observation size (7). The observations will be padded.
Fewer observations (0) made than vector observation size (7). The observations will be padded.
Fewer observations (0) made than vector observation size (7). The observations will be padded.
Fewer observations (0) made than vector observation size (7). The observations will be padded.
生成了一個物件
Fewer observations (0) made than vector observation size (7). The observations will be padded.
生成了一個物件
Fewer observations (0) made than vector observation size (7). The observations will be padded.
生成了一個物件
Fewer observations (0) made than vector observation size (7). The observations will be padded.
Fewer observations (0) made than vector observation size (7). The observations will be padded.
生成了一個物件
Fewer observations (0) made than vector observation size (7). The observations will be padded.
Fewer observations (0) made than vector observation size (7). The observations will be padded.
Fewer observations (0) made than vector observation size (7). The observations will be padded.
Fewer observations (0) made than vector observation size (7). The observations will be padded.
Fewer observations (0) made than vector observation size (7). The observations will be padded.
Fewer observations (0) made than vector observation size (7). The observations will be padded.
Fewer observations (0) made than vector observation size (7). The observations will be padded.
Fewer observations (0) made than vector observation size (7). The observations will be padded.
Fewer observations (0) made than vector observation size (7). The observations will be padded.
Fewer observations (0) made than vector observation size (7). The observations will be padded.
Fewer observations (0) made than vector observation size (7). The observations will be padded.
Fewer observations (0) made than vector observation size (7). The observations will be padded.
生成了一個物件
Fewer observations (0) made than vector observation size (7). The observations will be padded.
生成了一個物件
Fewer observations (0) made than vector observation size (7). The observations will be padded.
Fewer observations (0) made than vector observation size (7). The observations will be padded.
生成了一個物件
Fewer observations (0) made than vector observation size (7). The observations will be padded.
生成了一個物件
Fewer observations (0) made than vector observation size (7). The observations will be padded.
Fewer observations (0) made than vector observation size (7). The observations will be padded.
Fewer observations (0) made than vector observation size (7). The observations will be padded.
Fewer observations (0) made than vector observation size (7). The observations will be padded.
Fewer observations (0) made than vector observation size (7). The observations will be padded.
Fewer observations (0) made than vector observation size (7). The observations will be padded.
Fewer observations (0) made than vector observation size (7). The observations will be padded.
Fewer observations (0) made than vector observation size (7). The observations will be padded.
Fewer observations (0) made than vector observation size (7). The observations will be padded.
Fewer observations (0) made than vector observation size (7). The observations will be padded.
Fewer observations (0) made than vector observation size (7). The observations will be padded.
Fewer observations (0) made than vector observation size (7). The observations will be padded.
Fewer observations (0) made than vector observation size (7). The observations will be padded.
生成了一個物件
Fewer observations (0) made than vector observation size (7). The observations will be padded.
生成了一個物件
Fewer observations (0) made than vector observation size (7). The observations will be padded.
Fewer observations (0) made than vector observation size (7). The observations will be padded.
生成了一個物件
Fewer observations (0) made than vector observation size (7). The observations will be padded.
生成了一個物件
Player died!
Fewer observations (0) made than vector observation size (7). The observations will be padded.
Player died!
Unloading 3 Unused Serialized files (Serialized files now loaded: 0)
UnloadTime: 4.510900 ms
Unloading 1 unused Assets to reduce memory usage. Loaded Objects now: 2872.
Total: 0.804600 ms (FindLiveObjects: 0.082200 ms CreateObjectMapping: 0.038800 ms MarkObjects: 0.676200 ms  DeleteObjects: 0.007300 ms)

Unloading 3 Unused Serialized files (Serialized files now loaded: 0)
Fewer observations (0) made than vector observation size (7). The observations will be padded.
UnloadTime: 0.620200 ms
Unloading 1 unused Assets to reduce memory usage. Loaded Objects now: 2872.
Total: 0.825000 ms (FindLiveObjects: 0.082700 ms CreateObjectMapping: 0.035300 ms MarkObjects: 0.699100 ms  DeleteObjects: 0.007800 ms)

[LoadMap] Using main map source: D:\Unity\ML-agent\Map\Decode.txt
[LoadFinishMap] Using finish map source: D:\Unity\ML-agent\Map\finishmap.txt
[LoadFinishMap] Finish size = 15 x 15, new rightX = 215
[LoadMap] Done. Main size = 200 x 15, rightX = 215
Fewer observations (0) made than vector observation size (7). The observations will be padded.
Fewer observations (0) made than vector observation size (7). The observations will be padded.
FrontWall hit: ground 1(Clone) normalX=1
生成了一個物件
FrontWall hit: ground 1(Clone) normalX=1
Fewer observations (0) made than vector observation size (7). The observations will be padded.
Fewer observations (0) made than vector observation size (7). The observations will be padded.
Fewer observations (0) made than vector observation size (7). The observations will be padded.
Fewer observations (0) made than vector observation size (7). The observations will be padded.
Fewer observations (0) made than vector observation size (7). The observations will be padded.
Fewer observations (0) made than vector observation size (7). The observations will be padded.
生成了一個物件
Fewer observations (0) made than vector observation size (7). The observations will be padded.
Fewer observations (0) made than vector observation size (7). The observations will be padded.
FrontWall hit: ground 1(Clone) normalX=1
FrontWall hit: ground 1(Clone) normalX=1
生成了一個物件
FrontWall hit: ground 1(Clone) normalX=1
Fewer observations (0) made than vector observation size (7). The observations will be padded.
FrontWall hit: ground 1(Clone) normalX=1
FrontWall hit: ground 1(Clone) normalX=1
FrontWall hit: ground 1(Clone) normalX=1
Fewer observations (0) made than vector observation size (7). The observations will be padded.
FrontWall hit: ground 1(Clone) normalX=1
FrontWall hit: ground 1(Clone) normalX=1
FrontWall hit: ground 1(Clone) normalX=1
Fewer observations (0) made than vector observation size (7). The observations will be padded.
Fewer observations (0) made than vector observation size (7). The observations will be padded.
FrontWall hit: ground 1(Clone) normalX=1
FrontWall hit: ground 1(Clone) normalX=1
FrontWall hit: ground 1(Clone) normalX=1
Fewer observations (0) made than vector observation size (7). The observations will be padded.
FrontWall hit: ground 1(Clone) normalX=1
FrontWall hit: ground 1(Clone) normalX=1
FrontWall hit: ground 1(Clone) normalX=1
Fewer observations (0) made than vector observation size (7). The observations will be padded.
FrontWall hit: ground 1(Clone) normalX=1
FrontWall hit: ground 1(Clone) normalX=1
FrontWall hit: ground 1(Clone) normalX=1
Fewer observations (0) made than vector observation size (7). The observations will be padded.
Fewer observations (0) made than vector observation size (7). The observations will be padded.
Fewer observations (0) made than vector observation size (7). The observations will be padded.
生成了一個物件
Fewer observations (0) made than vector observation size (7). The observations will be padded.
FrontWall hit: ground 1(Clone) normalX=1
FrontWall hit: ground 1(Clone) normalX=1
FrontWall hit: ground 1(Clone) normalX=1
Fewer observations (0) made than vector observation size (7). The observations will be padded.
Fewer observations (0) made than vector observation size (7). The observations will be padded.
FrontWall hit: ground 1(Clone) normalX=1
FrontWall hit: ground 1(Clone) normalX=1
FrontWall hit: ground 1(Clone) normalX=1
Fewer observations (0) made than vector observation size (7). The observations will be padded.
Fewer observations (0) made than vector observation size (7). The observations will be padded.
生成了一個物件
Fewer observations (0) made than vector observation size (7). The observations will be padded.
生成了一個物件
Fewer observations (0) made than vector observation size (7). The observations will be padded.
Fewer observations (0) made than vector observation size (7). The observations will be padded.
生成了一個物件
Fewer observations (0) made than vector observation size (7). The observations will be padded.
Fewer observations (0) made than vector observation size (7). The observations will be padded.
Fewer observations (0) made than vector observation size (7). The observations will be padded.
Fewer observations (0) made than vector observation size (7). The observations will be padded.
Fewer observations (0) made than vector observation size (7). The observations will be padded.
Fewer observations (0) made than vector observation size (7). The observations will be padded.
Fewer observations (0) made than vector observation size (7). The observations will be padded.
Fewer observations (0) made than vector observation size (7). The observations will be padded.
生成了一個物件
Fewer observations (0) made than vector observation size (7). The observations will be padded.
Fewer observations (0) made than vector observation size (7). The observations will be padded.
Fewer observations (0) made than vector observation size (7). The observations will be padded.
Fewer observations (0) made than vector observation size (7). The observations will be padded.
Fewer observations (0) made than vector observation size (7). The observations will be padded.
Fewer observations (0) made than vector observation size (7). The observations will be padded.
生成了一個物件
生成了一個物件
Fewer observations (0) made than vector observation size (7). The observations will be padded.
Fewer observations (0) made than vector observation size (7). The observations will be padded.
生成了一個物件
Fewer observations (0) made than vector observation size (7). The observations will be padded.
Fewer observations (0) made than vector observation size (7). The observations will be padded.
Fewer observations (0) made than vector observation size (7). The observations will be padded.
Fewer observations (0) made than vector observation size (7). The observations will be padded.
Fewer observations (0) made than vector observation size (7). The observations will be padded.
Fewer observations (0) made than vector observation size (7). The observations will be padded.
Fewer observations (0) made than vector observation size (7). The observations will be padded.
Fewer observations (0) made than vector observation size (7). The observations will be padded.
Fewer observations (0) made than vector observation size (7). The observations will be padded.
生成了一個物件
Fewer observations (0) made than vector observation size (7). The observations will be padded.
Player died!
Fewer observations (0) made than vector observation size (7). The observations will be padded.
Player died!
Unloading 3 Unused Serialized files (Serialized files now loaded: 0)
UnloadTime: 6.877900 ms
Unloading 1 unused Assets to reduce memory usage. Loaded Objects now: 2872.
Total: 0.843900 ms (FindLiveObjects: 0.090700 ms CreateObjectMapping: 0.044800 ms MarkObjects: 0.698800 ms  DeleteObjects: 0.009300 ms)

Unloading 3 Unused Serialized files (Serialized files now loaded: 0)
Fewer observations (0) made than vector observation size (7). The observations will be padded.
UnloadTime: 0.525900 ms
Unloading 1 unused Assets to reduce memory usage. Loaded Objects now: 2872.
Total: 0.822400 ms (FindLiveObjects: 0.085700 ms CreateObjectMapping: 0.046600 ms MarkObjects: 0.682600 ms  DeleteObjects: 0.007400 ms)

[LoadMap] Using main map source: D:\Unity\ML-agent\Map\Decode.txt
[LoadFinishMap] Using finish map source: D:\Unity\ML-agent\Map\finishmap.txt
[LoadFinishMap] Finish size = 15 x 15, new rightX = 215
[LoadMap] Done. Main size = 200 x 15, rightX = 215
Fewer observations (0) made than vector observation size (7). The observations will be padded.
Fewer observations (0) made than vector observation size (7). The observations will be padded.
生成了一個物件
Fewer observations (0) made than vector observation size (7). The observations will be padded.
Fewer observations (0) made than vector observation size (7). The observations will be padded.
Fewer observations (0) made than vector observation size (7). The observations will be padded.
Fewer observations (0) made than vector observation size (7). The observations will be padded.
生成了一個物件
Fewer observations (0) made than vector observation size (7). The observations will be padded.
Fewer observations (0) made than vector observation size (7). The observations will be padded.
生成了一個物件
Fewer observations (0) made than vector observation size (7). The observations will be padded.
Fewer observations (0) made than vector observation size (7). The observations will be padded.
生成了一個物件
Fewer observations (0) made than vector observation size (7). The observations will be padded.
Fewer observations (0) made than vector observation size (7). The observations will be padded.
Fewer observations (0) made than vector observation size (7). The observations will be padded.
Fewer observations (0) made than vector observation size (7). The observations will be padded.
Fewer observations (0) made than vector observation size (7). The observations will be padded.
FrontWall hit: ground 1(Clone) normalX=1
Fewer observations (0) made than vector observation size (7). The observations will be padded.
FrontWall hit: ground 1(Clone) normalX=1
FrontWall hit: ground 1(Clone) normalX=1
FrontWall hit: ground 1(Clone) normalX=1
Fewer observations (0) made than vector observation size (7). The observations will be padded.
Fewer observations (0) made than vector observation size (7). The observations will be padded.
FrontWall hit: ground 1(Clone) normalX=1
FrontWall hit: ground 1(Clone) normalX=1
FrontWall hit: ground 1(Clone) normalX=1
生成了一個物件
Fewer observations (0) made than vector observation size (7). The observations will be padded.
FrontWall hit: ground 1(Clone) normalX=1
FrontWall hit: ground 1(Clone) normalX=1
FrontWall hit: ground 1(Clone) normalX=1
Fewer observations (0) made than vector observation size (7). The observations will be padded.
FrontWall hit: ground 1(Clone) normalX=1
FrontWall hit: ground 1(Clone) normalX=1
FrontWall hit: ground 1(Clone) normalX=1
Fewer observations (0) made than vector observation size (7). The observations will be padded.
FrontWall hit: ground 1(Clone) normalX=1
FrontWall hit: ground 1(Clone) normalX=1
FrontWall hit: ground 1(Clone) normalX=1
Fewer observations (0) made than vector observation size (7). The observations will be padded.
生成了一個物件
Fewer observations (0) made than vector observation size (7). The observations will be padded.
Fewer observations (0) made than vector observation size (7). The observations will be padded.
Fewer observations (0) made than vector observation size (7). The observations will be padded.
生成了一個物件
Fewer observations (0) made than vector observation size (7). The observations will be padded.
Fewer observations (0) made than vector observation size (7). The observations will be padded.
生成了一個物件
Fewer observations (0) made than vector observation size (7). The observations will be padded.
Fewer observations (0) made than vector observation size (7). The observations will be padded.
Fewer observations (0) made than vector observation size (7). The observations will be padded.
Fewer observations (0) made than vector observation size (7). The observations will be padded.
FrontWall hit: ground 1(Clone) normalX=1
FrontWall hit: ground 1(Clone) normalX=1
FrontWall hit: ground 1(Clone) normalX=1
Fewer observations (0) made than vector observation size (7). The observations will be padded.
Fewer observations (0) made than vector observation size (7). The observations will be padded.
Fewer observations (0) made than vector observation size (7). The observations will be padded.
Fewer observations (0) made than vector observation size (7). The observations will be padded.
生成了一個物件
Fewer observations (0) made than vector observation size (7). The observations will be padded.
Fewer observations (0) made than vector observation size (7). The observations will be padded.
Fewer observations (0) made than vector observation size (7). The observations will be padded.
Player died!
Fewer observations (0) made than vector observation size (7). The observations will be padded.
Player died!
Unloading 3 Unused Serialized files (Serialized files now loaded: 0)
UnloadTime: 5.665400 ms
Unloading 1 unused Assets to reduce memory usage. Loaded Objects now: 2872.
Total: 1.726600 ms (FindLiveObjects: 0.095700 ms CreateObjectMapping: 0.038400 ms MarkObjects: 1.530400 ms  DeleteObjects: 0.061900 ms)

Unloading 3 Unused Serialized files (Serialized files now loaded: 0)
Fewer observations (0) made than vector observation size (7). The observations will be padded.
UnloadTime: 0.526300 ms
Unloading 1 unused Assets to reduce memory usage. Loaded Objects now: 2872.
Total: 1.169900 ms (FindLiveObjects: 0.076000 ms CreateObjectMapping: 0.035300 ms MarkObjects: 1.048700 ms  DeleteObjects: 0.009600 ms)

[LoadMap] Using main map source: D:\Unity\ML-agent\Map\Decode.txt
[LoadFinishMap] Using finish map source: D:\Unity\ML-agent\Map\finishmap.txt
[LoadFinishMap] Finish size = 15 x 15, new rightX = 215
[LoadMap] Done. Main size = 200 x 15, rightX = 215
Fewer observations (0) made than vector observation size (7). The observations will be padded.
Fewer observations (0) made than vector observation size (7). The observations will be padded.
生成了一個物件
Fewer observations (0) made than vector observation size (7). The observations will be padded.
Fewer observations (0) made than vector observation size (7). The observations will be padded.
Fewer observations (0) made than vector observation size (7). The observations will be padded.
Fewer observations (0) made than vector observation size (7). The observations will be padded.
生成了一個物件
Fewer observations (0) made than vector observation size (7). The observations will be padded.
Fewer observations (0) made than vector observation size (7). The observations will be padded.
Fewer observations (0) made than vector observation size (7). The observations will be padded.
生成了一個物件
FrontWall hit: ground 1(Clone) normalX=1
FrontWall hit: ground 1(Clone) normalX=1
Fewer observations (0) made than vector observation size (7). The observations will be padded.
生成了一個物件
Fewer observations (0) made than vector observation size (7). The observations will be padded.
Fewer observations (0) made than vector observation size (7). The observations will be padded.
Fewer observations (0) made than vector observation size (7). The observations will be padded.
Fewer observations (0) made than vector observation size (7). The observations will be padded.
Fewer observations (0) made than vector observation size (7). The observations will be padded.
Fewer observations (0) made than vector observation size (7). The observations will be padded.
Fewer observations (0) made than vector observation size (7). The observations will be padded.
Fewer observations (0) made than vector observation size (7). The observations will be padded.
FrontWall hit: ground 1(Clone) normalX=1
FrontWall hit: ground 1(Clone) normalX=1
FrontWall hit: ground 1(Clone) normalX=1
Fewer observations (0) made than vector observation size (7). The observations will be padded.
生成了一個物件
Fewer observations (0) made than vector observation size (7). The observations will be padded.
Fewer observations (0) made than vector observation size (7). The observations will be padded.
Fewer observations (0) made than vector observation size (7). The observations will be padded.
Fewer observations (0) made than vector observation size (7). The observations will be padded.
生成了一個物件
Fewer observations (0) made than vector observation size (7). The observations will be padded.
Fewer observations (0) made than vector observation size (7). The observations will be padded.
生成了一個物件
Fewer observations (0) made than vector observation size (7). The observations will be padded.
Fewer observations (0) made than vector observation size (7). The observations will be padded.
生成了一個物件
Fewer observations (0) made than vector observation size (7). The observations will be padded.
Fewer observations (0) made than vector observation size (7). The observations will be padded.
Fewer observations (0) made than vector observation size (7). The observations will be padded.
Fewer observations (0) made than vector observation size (7). The observations will be padded.
Fewer observations (0) made than vector observation size (7). The observations will be padded.
Fewer observations (0) made than vector observation size (7). The observations will be padded.
Fewer observations (0) made than vector observation size (7). The observations will be padded.
Fewer observations (0) made than vector observation size (7). The observations will be padded.
生成了一個物件
Fewer observations (0) made than vector observation size (7). The observations will be padded.
Fewer observations (0) made than vector observation size (7). The observations will be padded.
Fewer observations (0) made than vector observation size (7). The observations will be padded.
Player died!
Fewer observations (0) made than vector observation size (7). The observations will be padded.
Player died!
Fewer observations (0) made than vector observation size (7). The observations will be padded.
Unloading 3 Unused Serialized files (Serialized files now loaded: 0)
Fewer observations (0) made than vector observation size (7). The observations will be padded.
UnloadTime: 5.819100 ms
Unloading 1 unused Assets to reduce memory usage. Loaded Objects now: 2872.
Total: 1.225400 ms (FindLiveObjects: 0.083600 ms CreateObjectMapping: 0.029300 ms MarkObjects: 1.105500 ms  DeleteObjects: 0.006900 ms)

Unloading 3 Unused Serialized files (Serialized files now loaded: 0)
Fewer observations (0) made than vector observation size (7). The observations will be padded.
UnloadTime: 0.520200 ms
Unloading 1 unused Assets to reduce memory usage. Loaded Objects now: 2872.
Total: 1.158700 ms (FindLiveObjects: 0.084400 ms CreateObjectMapping: 0.039500 ms MarkObjects: 1.017600 ms  DeleteObjects: 0.017000 ms)

[LoadMap] Using main map source: D:\Unity\ML-agent\Map\Decode.txt
[LoadFinishMap] Using finish map source: D:\Unity\ML-agent\Map\finishmap.txt
[LoadFinishMap] Finish size = 15 x 15, new rightX = 215
[LoadMap] Done. Main size = 200 x 15, rightX = 215
Fewer observations (0) made than vector observation size (7). The observations will be padded.
FrontWall hit: ground 1(Clone) normalX=1
FrontWall hit: ground 1(Clone) normalX=1
FrontWall hit: ground 1(Clone) normalX=1
Fewer observations (0) made than vector observation size (7). The observations will be padded.
FrontWall hit: ground 1(Clone) normalX=1
FrontWall hit: ground 1(Clone) normalX=1
FrontWall hit: ground 1(Clone) normalX=1
Fewer observations (0) made than vector observation size (7). The observations will be padded.
FrontWall hit: ground 1(Clone) normalX=1
FrontWall hit: ground 1(Clone) normalX=1
FrontWall hit: ground 1(Clone) normalX=1
Fewer observations (0) made than vector observation size (7). The observations will be padded.
Fewer observations (0) made than vector observation size (7). The observations will be padded.
生成了一個物件
Fewer observations (0) made than vector observation size (7). The observations will be padded.
FrontWall hit: ground 1(Clone) normalX=1
FrontWall hit: ground 1(Clone) normalX=1
FrontWall hit: ground 1(Clone) normalX=1
Fewer observations (0) made than vector observation size (7). The observations will be padded.
FrontWall hit: ground 1(Clone) normalX=1
FrontWall hit: ground 1(Clone) normalX=1
FrontWall hit: ground 1(Clone) normalX=1
Fewer observations (0) made than vector observation size (7). The observations will be padded.
FrontWall hit: ground 1(Clone) normalX=1
FrontWall hit: ground 1(Clone) normalX=1
FrontWall hit: ground 1(Clone) normalX=1
Fewer observations (0) made than vector observation size (7). The observations will be padded.
Fewer observations (0) made than vector observation size (7). The observations will be padded.
Fewer observations (0) made than vector observation size (7). The observations will be padded.
Fewer observations (0) made than vector observation size (7). The observations will be padded.
Fewer observations (0) made than vector observation size (7). The observations will be padded.
Fewer observations (0) made than vector observation size (7). The observations will be padded.
生成了一個物件
Fewer observations (0) made than vector observation size (7). The observations will be padded.
Fewer observations (0) made than vector observation size (7). The observations will be padded.
生成了一個物件
Fewer observations (0) made than vector observation size (7). The observations will be padded.
Fewer observations (0) made than vector observation size (7). The observations will be padded.
生成了一個物件
Fewer observations (0) made than vector observation size (7). The observations will be padded.
Fewer observations (0) made than vector observation size (7). The observations will be padded.
Fewer observations (0) made than vector observation size (7). The observations will be padded.
生成了一個物件
Fewer observations (0) made than vector observation size (7). The observations will be padded.
Fewer observations (0) made than vector observation size (7). The observations will be padded.
Fewer observations (0) made than vector observation size (7). The observations will be padded.
Fewer observations (0) made than vector observation size (7). The observations will be padded.
Fewer observations (0) made than vector observation size (7). The observations will be padded.
Fewer observations (0) made than vector observation size (7). The observations will be padded.
Fewer observations (0) made than vector observation size (7). The observations will be padded.
Fewer observations (0) made than vector observation size (7). The observations will be padded.
Fewer observations (0) made than vector observation size (7). The observations will be padded.
生成了一個物件
Fewer observations (0) made than vector observation size (7). The observations will be padded.
Fewer observations (0) made than vector observation size (7). The observations will be padded.
Fewer observations (0) made than vector observation size (7). The observations will be padded.
生成了一個物件
Fewer observations (0) made than vector observation size (7). The observations will be padded.
生成了一個物件
Fewer observations (0) made than vector observation size (7). The observations will be padded.
Fewer observations (0) made than vector observation size (7). The observations will be padded.
Fewer observations (0) made than vector observation size (7). The observations will be padded.
Fewer observations (0) made than vector observation size (7). The observations will be padded.
生成了一個物件
Fewer observations (0) made than vector observation size (7). The observations will be padded.
Fewer observations (0) made than vector observation size (7). The observations will be padded.
Fewer observations (0) made than vector observation size (7). The observations will be padded.
Player died!
Fewer observations (0) made than vector observation size (7). The observations will be padded.
FrontWall hit: ground 1(Clone) normalX=-1
Unloading 3 Unused Serialized files (Serialized files now loaded: 0)
UnloadTime: 4.710200 ms
Unloading 1 unused Assets to reduce memory usage. Loaded Objects now: 2872.
Total: 0.950200 ms (FindLiveObjects: 0.084300 ms CreateObjectMapping: 0.037900 ms MarkObjects: 0.821100 ms  DeleteObjects: 0.006600 ms)

[LoadMap] Using main map source: D:\Unity\ML-agent\Map\Decode.txt
[LoadFinishMap] Using finish map source: D:\Unity\ML-agent\Map\finishmap.txt
[LoadFinishMap] Finish size = 15 x 15, new rightX = 215
[LoadMap] Done. Main size = 200 x 15, rightX = 215
Fewer observations (0) made than vector observation size (7). The observations will be padded.
Fewer observations (0) made than vector observation size (7). The observations will be padded.
FrontWall hit: ground 1(Clone) normalX=1
生成了一個物件
FrontWall hit: ground 1(Clone) normalX=1
Fewer observations (0) made than vector observation size (7). The observations will be padded.
Fewer observations (0) made than vector observation size (7). The observations will be padded.
Fewer observations (0) made than vector observation size (7). The observations will be padded.
Fewer observations (0) made than vector observation size (7). The observations will be padded.
Fewer observations (0) made than vector observation size (7). The observations will be padded.
Fewer observations (0) made than vector observation size (7). The observations will be padded.
生成了一個物件
Fewer observations (0) made than vector observation size (7). The observations will be padded.
Fewer observations (0) made than vector observation size (7). The observations will be padded.
生成了一個物件
Fewer observations (0) made than vector observation size (7). The observations will be padded.
Fewer observations (0) made than vector observation size (7). The observations will be padded.
生成了一個物件
Fewer observations (0) made than vector observation size (7). The observations will be padded.
Fewer observations (0) made than vector observation size (7). The observations will be padded.
Fewer observations (0) made than vector observation size (7). The observations will be padded.
Fewer observations (0) made than vector observation size (7). The observations will be padded.
Fewer observations (0) made than vector observation size (7). The observations will be padded.
Fewer observations (0) made than vector observation size (7). The observations will be padded.
Fewer observations (0) made than vector observation size (7). The observations will be padded.
生成了一個物件
Fewer observations (0) made than vector observation size (7). The observations will be padded.
Fewer observations (0) made than vector observation size (7). The observations will be padded.
Fewer observations (0) made than vector observation size (7). The observations will be padded.
Fewer observations (0) made than vector observation size (7). The observations will be padded.
Fewer observations (0) made than vector observation size (7). The observations will be padded.
生成了一個物件
Fewer observations (0) made than vector observation size (7). The observations will be padded.
Fewer observations (0) made than vector observation size (7). The observations will be padded.
Fewer observations (0) made than vector observation size (7). The observations will be padded.
生成了一個物件
Fewer observations (0) made than vector observation size (7). The observations will be padded.
生成了一個物件
Fewer observations (0) made than vector observation size (7). The observations will be padded.
Fewer observations (0) made than vector observation size (7). The observations will be padded.
Fewer observations (0) made than vector observation size (7). The observations will be padded.
Fewer observations (0) made than vector observation size (7). The observations will be padded.
Fewer observations (0) made than vector observation size (7). The observations will be padded.
Fewer observations (0) made than vector observation size (7). The observations will be padded.
Fewer observations (0) made than vector observation size (7). The observations will be padded.
Player died!
Fewer observations (0) made than vector observation size (7). The observations will be padded.
FrontWall hit: ground 1(Clone) normalX=-1
生成了一個物件
Unloading 3 Unused Serialized files (Serialized files now loaded: 0)
UnloadTime: 5.174800 ms
Unloading 1 unused Assets to reduce memory usage. Loaded Objects now: 2872.
Total: 1.412900 ms (FindLiveObjects: 0.188200 ms CreateObjectMapping: 0.041700 ms MarkObjects: 1.175400 ms  DeleteObjects: 0.007400 ms)

[LoadMap] Using main map source: D:\Unity\ML-agent\Map\Decode.txt
[LoadFinishMap] Using finish map source: D:\Unity\ML-agent\Map\finishmap.txt
[LoadFinishMap] Finish size = 15 x 15, new rightX = 215
[LoadMap] Done. Main size = 200 x 15, rightX = 215
Fewer observations (0) made than vector observation size (7). The observations will be padded.
Fewer observations (0) made than vector observation size (7). The observations will be padded.
FrontWall hit: ground 1(Clone) normalX=1
FrontWall hit: ground 1(Clone) normalX=1
生成了一個物件
FrontWall hit: ground 1(Clone) normalX=1
Fewer observations (0) made than vector observation size (7). The observations will be padded.
FrontWall hit: ground 1(Clone) normalX=1
FrontWall hit: ground 1(Clone) normalX=1
FrontWall hit: ground 1(Clone) normalX=1
Fewer observations (0) made than vector observation size (7). The observations will be padded.
FrontWall hit: ground 1(Clone) normalX=1
FrontWall hit: ground 1(Clone) normalX=1
FrontWall hit: ground 1(Clone) normalX=1
Fewer observations (0) made than vector observation size (7). The observations will be padded.
FrontWall hit: ground 1(Clone) normalX=1
FrontWall hit: ground 1(Clone) normalX=1
FrontWall hit: ground 1(Clone) normalX=1
Fewer observations (0) made than vector observation size (7). The observations will be padded.
Fewer observations (0) made than vector observation size (7). The observations will be padded.
Fewer observations (0) made than vector observation size (7). The observations will be padded.
Fewer observations (0) made than vector observation size (7). The observations will be padded.
Fewer observations (0) made than vector observation size (7). The observations will be padded.
Fewer observations (0) made than vector observation size (7). The observations will be padded.
生成了一個物件
Fewer observations (0) made than vector observation size (7). The observations will be padded.
Fewer observations (0) made than vector observation size (7). The observations will be padded.
生成了一個物件
Fewer observations (0) made than vector observation size (7). The observations will be padded.
Fewer observations (0) made than vector observation size (7). The observations will be padded.
生成了一個物件
Fewer observations (0) made than vector observation size (7). The observations will be padded.
Fewer observations (0) made than vector observation size (7). The observations will be padded.
Fewer observations (0) made than vector observation size (7). The observations will be padded.
Fewer observations (0) made than vector observation size (7). The observations will be padded.
生成了一個物件
Fewer observations (0) made than vector observation size (7). The observations will be padded.
FrontWall hit: ground 1(Clone) normalX=1
FrontWall hit: ground 1(Clone) normalX=1
FrontWall hit: ground 1(Clone) normalX=1
Fewer observations (0) made than vector observation size (7). The observations will be padded.
Fewer observations (0) made than vector observation size (7). The observations will be padded.
Fewer observations (0) made than vector observation size (7). The observations will be padded.
Fewer observations (0) made than vector observation size (7). The observations will be padded.
FrontWall hit: ground 1(Clone) normalX=1
FrontWall hit: ground 1(Clone) normalX=1
FrontWall hit: ground 1(Clone) normalX=1
Fewer observations (0) made than vector observation size (7). The observations will be padded.
FrontWall hit: ground 1(Clone) normalX=1
FrontWall hit: ground 1(Clone) normalX=1
FrontWall hit: ground 1(Clone) normalX=1
Fewer observations (0) made than vector observation size (7). The observations will be padded.
Fewer observations (0) made than vector observation size (7). The observations will be padded.
Fewer observations (0) made than vector observation size (7). The observations will be padded.
生成了一個物件
Fewer observations (0) made than vector observation size (7). The observations will be padded.
Fewer observations (0) made than vector observation size (7). The observations will be padded.
生成了一個物件
Fewer observations (0) made than vector observation size (7). The observations will be padded.
Fewer observations (0) made than vector observation size (7). The observations will be padded.
生成了一個物件
Fewer observations (0) made than vector observation size (7). The observations will be padded.
Fewer observations (0) made than vector observation size (7). The observations will be padded.
Fewer observations (0) made than vector observation size (7). The observations will be padded.
生成了一個物件
Fewer observations (0) made than vector observation size (7). The observations will be padded.
Fewer observations (0) made than vector observation size (7). The observations will be padded.
Fewer observations (0) made than vector observation size (7). The observations will be padded.
Fewer observations (0) made than vector observation size (7). The observations will be padded.
Fewer observations (0) made than vector observation size (7). The observations will be padded.
Fewer observations (0) made than vector observation size (7). The observations will be padded.
Fewer observations (0) made than vector observation size (7). The observations will be padded.
Fewer observations (0) made than vector observation size (7). The observations will be padded.
Fewer observations (0) made than vector observation size (7). The observations will be padded.
生成了一個物件
Fewer observations (0) made than vector observation size (7). The observations will be padded.
Fewer observations (0) made than vector observation size (7). The observations will be padded.
Fewer observations (0) made than vector observation size (7). The observations will be padded.
生成了一個物件
Fewer observations (0) made than vector observation size (7). The observations will be padded.
生成了一個物件
Fewer observations (0) made than vector observation size (7). The observations will be padded.
Fewer observations (0) made than vector observation size (7). The observations will be padded.
Fewer observations (0) made than vector observation size (7). The observations will be padded.
Fewer observations (0) made than vector observation size (7). The observations will be padded.
生成了一個物件
Fewer observations (0) made than vector observation size (7). The observations will be padded.
Fewer observations (0) made than vector observation size (7). The observations will be padded.
FrontWall hit: ground 1(Clone) normalX=1
Fewer observations (0) made than vector observation size (7). The observations will be padded.
Fewer observations (0) made than vector observation size (7). The observations will be padded.
Player died!
Fewer observations (0) made than vector observation size (7). The observations will be padded.
Player died!
Fewer observations (0) made than vector observation size (7). The observations will be padded.
FrontWall hit: ground 1(Clone) normalX=1
Unloading 3 Unused Serialized files (Serialized files now loaded: 0)
Fewer observations (0) made than vector observation size (7). The observations will be padded.
UnloadTime: 4.623600 ms
Unloading 1 unused Assets to reduce memory usage. Loaded Objects now: 2872.
Total: 1.064200 ms (FindLiveObjects: 0.089500 ms CreateObjectMapping: 0.039500 ms MarkObjects: 0.876200 ms  DeleteObjects: 0.058600 ms)

Unloading 3 Unused Serialized files (Serialized files now loaded: 0)
Fewer observations (0) made than vector observation size (7). The observations will be padded.
UnloadTime: 0.627400 ms
Unloading 1 unused Assets to reduce memory usage. Loaded Objects now: 2872.
Total: 0.791500 ms (FindLiveObjects: 0.080800 ms CreateObjectMapping: 0.037700 ms MarkObjects: 0.665800 ms  DeleteObjects: 0.007100 ms)

[LoadMap] Using main map source: D:\Unity\ML-agent\Map\Decode.txt
[LoadFinishMap] Using finish map source: D:\Unity\ML-agent\Map\finishmap.txt
[LoadFinishMap] Finish size = 15 x 15, new rightX = 215
[LoadMap] Done. Main size = 200 x 15, rightX = 215
Fewer observations (0) made than vector observation size (7). The observations will be padded.
Fewer observations (0) made than vector observation size (7). The observations will be padded.
Fewer observations (0) made than vector observation size (7). The observations will be padded.
Fewer observations (0) made than vector observation size (7). The observations will be padded.
Fewer observations (0) made than vector observation size (7). The observations will be padded.
FrontWall hit: ground 1(Clone) normalX=1
FrontWall hit: ground 1(Clone) normalX=1
FrontWall hit: ground 1(Clone) normalX=1
Fewer observations (0) made than vector observation size (7). The observations will be padded.
Fewer observations (0) made than vector observation size (7). The observations will be padded.
Fewer observations (0) made than vector observation size (7). The observations will be padded.
Fewer observations (0) made than vector observation size (7). The observations will be padded.
FrontWall hit: ground 1(Clone) normalX=1
FrontWall hit: ground 1(Clone) normalX=1
FrontWall hit: ground 1(Clone) normalX=1
Fewer observations (0) made than vector observation size (7). The observations will be padded.
Fewer observations (0) made than vector observation size (7). The observations will be padded.
Fewer observations (0) made than vector observation size (7). The observations will be padded.
Fewer observations (0) made than vector observation size (7). The observations will be padded.
Fewer observations (0) made than vector observation size (7). The observations will be padded.
FrontWall hit: ground 1(Clone) normalX=1
FrontWall hit: ground 1(Clone) normalX=1
FrontWall hit: ground 1(Clone) normalX=1
Fewer observations (0) made than vector observation size (7). The observations will be padded.
Fewer observations (0) made than vector observation size (7). The observations will be padded.
Fewer observations (0) made than vector observation size (7). The observations will be padded.
Fewer observations (0) made than vector observation size (7). The observations will be padded.
Fewer observations (0) made than vector observation size (7). The observations will be padded.
Fewer observations (0) made than vector observation size (7). The observations will be padded.
Fewer observations (0) made than vector observation size (7). The observations will be padded.
生成了一個物件
Fewer observations (0) made than vector observation size (7). The observations will be padded.
Fewer observations (0) made than vector observation size (7). The observations will be padded.
FrontWall hit: ground 1(Clone) normalX=1
FrontWall hit: ground 1(Clone) normalX=1
生成了一個物件
FrontWall hit: ground 1(Clone) normalX=1
Fewer observations (0) made than vector observation size (7). The observations will be padded.
Fewer observations (0) made than vector observation size (7). The observations will be padded.
生成了一個物件
Fewer observations (0) made than vector observation size (7). The observations will be padded.
Fewer observations (0) made than vector observation size (7). The observations will be padded.
生成了一個物件
Fewer observations (0) made than vector observation size (7). The observations will be padded.
Fewer observations (0) made than vector observation size (7). The observations will be padded.
Fewer observations (0) made than vector observation size (7). The observations will be padded.
Fewer observations (0) made than vector observation size (7). The observations will be padded.
FrontWall hit: ground 1(Clone) normalX=1
FrontWall hit: ground 1(Clone) normalX=1
FrontWall hit: ground 1(Clone) normalX=1
Fewer observations (0) made than vector observation size (7). The observations will be padded.
Fewer observations (0) made than vector observation size (7). The observations will be padded.
Fewer observations (0) made than vector observation size (7). The observations will be padded.
Fewer observations (0) made than vector observation size (7). The observations will be padded.
FrontWall hit: ground 1(Clone) normalX=1
FrontWall hit: ground 1(Clone) normalX=1
FrontWall hit: ground 1(Clone) normalX=1
Fewer observations (0) made than vector observation size (7). The observations will be padded.
Fewer observations (0) made than vector observation size (7). The observations will be padded.
生成了一個物件
Fewer observations (0) made than vector observation size (7). The observations will be padded.
Fewer observations (0) made than vector observation size (7). The observations will be padded.
Fewer observations (0) made than vector observation size (7). The observations will be padded.
FrontWall hit: ground 1(Clone) normalX=1
生成了一個物件
FrontWall hit: ground 1(Clone) normalX=1
FrontWall hit: ground 1(Clone) normalX=1
Fewer observations (0) made than vector observation size (7). The observations will be padded.
Fewer observations (0) made than vector observation size (7). The observations will be padded.
生成了一個物件
Fewer observations (0) made than vector observation size (7). The observations will be padded.
Fewer observations (0) made than vector observation size (7). The observations will be padded.
生成了一個物件
Fewer observations (0) made than vector observation size (7). The observations will be padded.
FrontWall hit: ground 1(Clone) normalX=1
FrontWall hit: ground 1(Clone) normalX=1
FrontWall hit: ground 1(Clone) normalX=1
Fewer observations (0) made than vector observation size (7). The observations will be padded.
FrontWall hit: ground 1(Clone) normalX=1
FrontWall hit: ground 1(Clone) normalX=1
FrontWall hit: ground 1(Clone) normalX=1
Fewer observations (0) made than vector observation size (7). The observations will be padded.
Fewer observations (0) made than vector observation size (7). The observations will be padded.
Fewer observations (0) made than vector observation size (7). The observations will be padded.
Fewer observations (0) made than vector observation size (7). The observations will be padded.
Fewer observations (0) made than vector observation size (7). The observations will be padded.
Fewer observations (0) made than vector observation size (7). The observations will be padded.
Fewer observations (0) made than vector observation size (7). The observations will be padded.
Fewer observations (0) made than vector observation size (7). The observations will be padded.
生成了一個物件
Fewer observations (0) made than vector observation size (7). The observations will be padded.
Fewer observations (0) made than vector observation size (7). The observations will be padded.
生成了一個物件
Fewer observations (0) made than vector observation size (7). The observations will be padded.
Fewer observations (0) made than vector observation size (7). The observations will be padded.
Fewer observations (0) made than vector observation size (7). The observations will be padded.
生成了一個物件
Fewer observations (0) made than vector observation size (7). The observations will be padded.
Fewer observations (0) made than vector observation size (7). The observations will be padded.
生成了一個物件
Fewer observations (0) made than vector observation size (7). The observations will be padded.
Fewer observations (0) made than vector observation size (7). The observations will be padded.
Fewer observations (0) made than vector observation size (7). The observations will be padded.
Fewer observations (0) made than vector observation size (7). The observations will be padded.
Fewer observations (0) made than vector observation size (7). The observations will be padded.
Fewer observations (0) made than vector observation size (7). The observations will be padded.
Fewer observations (0) made than vector observation size (7). The observations will be padded.
Fewer observations (0) made than vector observation size (7). The observations will be padded.
Fewer observations (0) made than vector observation size (7). The observations will be padded.
Fewer observations (0) made than vector observation size (7). The observations will be padded.
生成了一個物件
Fewer observations (0) made than vector observation size (7). The observations will be padded.
Fewer observations (0) made than vector observation size (7). The observations will be padded.
Player died!
Fewer observations (0) made than vector observation size (7). The observations will be padded.
Player died!
生成了一個物件
Unloading 3 Unused Serialized files (Serialized files now loaded: 0)
UnloadTime: 4.118600 ms
Unloading 1 unused Assets to reduce memory usage. Loaded Objects now: 2872.
Total: 1.108000 ms (FindLiveObjects: 0.085600 ms CreateObjectMapping: 0.034600 ms MarkObjects: 0.979100 ms  DeleteObjects: 0.008600 ms)

Unloading 3 Unused Serialized files (Serialized files now loaded: 0)
Fewer observations (0) made than vector observation size (7). The observations will be padded.
UnloadTime: 0.537300 ms
Unloading 1 unused Assets to reduce memory usage. Loaded Objects now: 2872.
Total: 0.928100 ms (FindLiveObjects: 0.183100 ms CreateObjectMapping: 0.052200 ms MarkObjects: 0.684100 ms  DeleteObjects: 0.008700 ms)

[LoadMap] Using main map source: D:\Unity\ML-agent\Map\Decode.txt
[LoadFinishMap] Using finish map source: D:\Unity\ML-agent\Map\finishmap.txt
[LoadFinishMap] Finish size = 15 x 15, new rightX = 215
[LoadMap] Done. Main size = 200 x 15, rightX = 215
Fewer observations (0) made than vector observation size (7). The observations will be padded.
FrontWall hit: ground 1(Clone) normalX=1
FrontWall hit: ground 1(Clone) normalX=1
FrontWall hit: ground 1(Clone) normalX=1
Fewer observations (0) made than vector observation size (7). The observations will be padded.
Fewer observations (0) made than vector observation size (7). The observations will be padded.
Fewer observations (0) made than vector observation size (7). The observations will be padded.
Fewer observations (0) made than vector observation size (7). The observations will be padded.
Fewer observations (0) made than vector observation size (7). The observations will be padded.
Fewer observations (0) made than vector observation size (7). The observations will be padded.
Fewer observations (0) made than vector observation size (7). The observations will be padded.
Fewer observations (0) made than vector observation size (7). The observations will be padded.
Fewer observations (0) made than vector observation size (7). The observations will be padded.
Fewer observations (0) made than vector observation size (7). The observations will be padded.
Fewer observations (0) made than vector observation size (7). The observations will be padded.
Fewer observations (0) made than vector observation size (7). The observations will be padded.
Fewer observations (0) made than vector observation size (7). The observations will be padded.
生成了一個物件
Fewer observations (0) made than vector observation size (7). The observations will be padded.
Fewer observations (0) made than vector observation size (7). The observations will be padded.
生成了一個物件
Fewer observations (0) made than vector observation size (7). The observations will be padded.
生成了一個物件
Fewer observations (0) made than vector observation size (7). The observations will be padded.
生成了一個物件
Fewer observations (0) made than vector observation size (7). The observations will be padded.
Fewer observations (0) made than vector observation size (7). The observations will be padded.
Fewer observations (0) made than vector observation size (7). The observations will be padded.
Fewer observations (0) made than vector observation size (7). The observations will be padded.
Fewer observations (0) made than vector observation size (7). The observations will be padded.
Fewer observations (0) made than vector observation size (7). The observations will be padded.
Fewer observations (0) made than vector observation size (7). The observations will be padded.
Fewer observations (0) made than vector observation size (7). The observations will be padded.
Fewer observations (0) made than vector observation size (7). The observations will be padded.
Fewer observations (0) made than vector observation size (7). The observations will be padded.
Fewer observations (0) made than vector observation size (7). The observations will be padded.
Fewer observations (0) made than vector observation size (7). The observations will be padded.
生成了一個物件
Fewer observations (0) made than vector observation size (7). The observations will be padded.
Fewer observations (0) made than vector observation size (7). The observations will be padded.
生成了一個物件
Fewer observations (0) made than vector observation size (7). The observations will be padded.
Fewer observations (0) made than vector observation size (7). The observations will be padded.
生成了一個物件
Fewer observations (0) made than vector observation size (7). The observations will be padded.
生成了一個物件
Fewer observations (0) made than vector observation size (7). The observations will be padded.
Fewer observations (0) made than vector observation size (7). The observations will be padded.
Fewer observations (0) made than vector observation size (7). The observations will be padded.
Fewer observations (0) made than vector observation size (7). The observations will be padded.
Fewer observations (0) made than vector observation size (7). The observations will be padded.
Fewer observations (0) made than vector observation size (7). The observations will be padded.
Fewer observations (0) made than vector observation size (7). The observations will be padded.
Fewer observations (0) made than vector observation size (7). The observations will be padded.
Fewer observations (0) made than vector observation size (7). The observations will be padded.
Fewer observations (0) made than vector observation size (7). The observations will be padded.
Fewer observations (0) made than vector observation size (7). The observations will be padded.
Fewer observations (0) made than vector observation size (7). The observations will be padded.
生成了一個物件
Fewer observations (0) made than vector observation size (7). The observations will be padded.
Fewer observations (0) made than vector observation size (7). The observations will be padded.
生成了一個物件
Fewer observations (0) made than vector observation size (7). The observations will be padded.
生成了一個物件
Fewer observations (0) made than vector observation size (7). The observations will be padded.
Fewer observations (0) made than vector observation size (7). The observations will be padded.
生成了一個物件
Player died!
Fewer observations (0) made than vector observation size (7). The observations will be padded.
Player died!
Unloading 3 Unused Serialized files (Serialized files now loaded: 0)
UnloadTime: 3.806000 ms
Unloading 1 unused Assets to reduce memory usage. Loaded Objects now: 2872.
Total: 0.897100 ms (FindLiveObjects: 0.083700 ms CreateObjectMapping: 0.036400 ms MarkObjects: 0.770100 ms  DeleteObjects: 0.006800 ms)

Unloading 3 Unused Serialized files (Serialized files now loaded: 0)
Fewer observations (0) made than vector observation size (7). The observations will be padded.
UnloadTime: 0.763600 ms
Unloading 1 unused Assets to reduce memory usage. Loaded Objects now: 2872.
Total: 1.066800 ms (FindLiveObjects: 0.088500 ms CreateObjectMapping: 0.038900 ms MarkObjects: 0.930500 ms  DeleteObjects: 0.008800 ms)

[LoadMap] Using main map source: D:\Unity\ML-agent\Map\Decode.txt
[LoadFinishMap] Using finish map source: D:\Unity\ML-agent\Map\finishmap.txt
[LoadFinishMap] Finish size = 15 x 15, new rightX = 215
[LoadMap] Done. Main size = 200 x 15, rightX = 215
Fewer observations (0) made than vector observation size (7). The observations will be padded.
FrontWall hit: ground 1(Clone) normalX=1
FrontWall hit: ground 1(Clone) normalX=1
FrontWall hit: ground 1(Clone) normalX=1
Fewer observations (0) made than vector observation size (7). The observations will be padded.
生成了一個物件
Fewer observations (0) made than vector observation size (7). The observations will be padded.
FrontWall hit: ground 1(Clone) normalX=1
FrontWall hit: ground 1(Clone) normalX=1
FrontWall hit: ground 1(Clone) normalX=1
Fewer observations (0) made than vector observation size (7). The observations will be padded.
Fewer observations (0) made than vector observation size (7). The observations will be padded.
Fewer observations (0) made than vector observation size (7). The observations will be padded.
Fewer observations (0) made than vector observation size (7). The observations will be padded.
Fewer observations (0) made than vector observation size (7). The observations will be padded.
Fewer observations (0) made than vector observation size (7). The observations will be padded.
生成了一個物件
Fewer observations (0) made than vector observation size (7). The observations will be padded.
Fewer observations (0) made than vector observation size (7). The observations will be padded.
生成了一個物件
Fewer observations (0) made than vector observation size (7). The observations will be padded.
Fewer observations (0) made than vector observation size (7). The observations will be padded.
FrontWall hit: ground 1(Clone) normalX=1
FrontWall hit: ground 1(Clone) normalX=1
生成了一個物件
FrontWall hit: ground 1(Clone) normalX=1
Fewer observations (0) made than vector observation size (7). The observations will be padded.
FrontWall hit: ground 1(Clone) normalX=1
FrontWall hit: ground 1(Clone) normalX=1
FrontWall hit: ground 1(Clone) normalX=1
Fewer observations (0) made than vector observation size (7). The observations will be padded.
Fewer observations (0) made than vector observation size (7). The observations will be padded.
Fewer observations (0) made than vector observation size (7). The observations will be padded.
Fewer observations (0) made than vector observation size (7). The observations will be padded.
Fewer observations (0) made than vector observation size (7). The observations will be padded.
生成了一個物件
Fewer observations (0) made than vector observation size (7). The observations will be padded.
Fewer observations (0) made than vector observation size (7). The observations will be padded.
Fewer observations (0) made than vector observation size (7). The observations will be padded.
Fewer observations (0) made than vector observation size (7). The observations will be padded.
Fewer observations (0) made than vector observation size (7). The observations will be padded.
Fewer observations (0) made than vector observation size (7). The observations will be padded.
Fewer observations (0) made than vector observation size (7). The observations will be padded.
生成了一個物件
Fewer observations (0) made than vector observation size (7). The observations will be padded.
Fewer observations (0) made than vector observation size (7). The observations will be padded.
生成了一個物件
Fewer observations (0) made than vector observation size (7). The observations will be padded.
Fewer observations (0) made than vector observation size (7). The observations will be padded.
生成了一個物件
Fewer observations (0) made than vector observation size (7). The observations will be padded.
Fewer observations (0) made than vector observation size (7). The observations will be padded.
Fewer observations (0) made than vector observation size (7). The observations will be padded.
Fewer observations (0) made than vector observation size (7). The observations will be padded.
Fewer observations (0) made than vector observation size (7). The observations will be padded.
Fewer observations (0) made than vector observation size (7). The observations will be padded.
生成了一個物件
Fewer observations (0) made than vector observation size (7). The observations will be padded.
Fewer observations (0) made than vector observation size (7). The observations will be padded.
Fewer observations (0) made than vector observation size (7). The observations will be padded.
Fewer observations (0) made than vector observation size (7). The observations will be padded.
Fewer observations (0) made than vector observation size (7). The observations will be padded.
Fewer observations (0) made than vector observation size (7). The observations will be padded.
生成了一個物件
Fewer observations (0) made than vector observation size (7). The observations will be padded.
Fewer observations (0) made than vector observation size (7). The observations will be padded.
Fewer observations (0) made than vector observation size (7). The observations will be padded.
Player died!
Fewer observations (0) made than vector observation size (7). The observations will be padded.
Player died!
生成了一個物件
FrontWall hit: ground 1(Clone) normalX=-1
Unloading 3 Unused Serialized files (Serialized files now loaded: 0)
UnloadTime: 3.659600 ms
Unloading 1 unused Assets to reduce memory usage. Loaded Objects now: 2872.
Total: 1.130700 ms (FindLiveObjects: 0.083400 ms CreateObjectMapping: 0.038700 ms MarkObjects: 0.996500 ms  DeleteObjects: 0.011800 ms)

Unloading 3 Unused Serialized files (Serialized files now loaded: 0)
Fewer observations (0) made than vector observation size (7). The observations will be padded.
UnloadTime: 0.532000 ms
Unloading 1 unused Assets to reduce memory usage. Loaded Objects now: 2872.
Total: 0.860400 ms (FindLiveObjects: 0.082600 ms CreateObjectMapping: 0.038800 ms MarkObjects: 0.730500 ms  DeleteObjects: 0.008500 ms)

[LoadMap] Using main map source: D:\Unity\ML-agent\Map\Decode.txt
[LoadFinishMap] Using finish map source: D:\Unity\ML-agent\Map\finishmap.txt
[LoadFinishMap] Finish size = 15 x 15, new rightX = 215
[LoadMap] Done. Main size = 200 x 15, rightX = 215
Fewer observations (0) made than vector observation size (7). The observations will be padded.
Fewer observations (0) made than vector observation size (7). The observations will be padded.
生成了一個物件
Fewer observations (0) made than vector observation size (7). The observations will be padded.
Fewer observations (0) made than vector observation size (7). The observations will be padded.
Fewer observations (0) made than vector observation size (7). The observations will be padded.
Fewer observations (0) made than vector observation size (7). The observations will be padded.
生成了一個物件
Fewer observations (0) made than vector observation size (7). The observations will be padded.
Fewer observations (0) made than vector observation size (7). The observations will be padded.
生成了一個物件
Fewer observations (0) made than vector observation size (7). The observations will be padded.
Fewer observations (0) made than vector observation size (7). The observations will be padded.
生成了一個物件
Fewer observations (0) made than vector observation size (7). The observations will be padded.
Fewer observations (0) made than vector observation size (7). The observations will be padded.
Fewer observations (0) made than vector observation size (7). The observations will be padded.
Fewer observations (0) made than vector observation size (7). The observations will be padded.
Fewer observations (0) made than vector observation size (7). The observations will be padded.
Fewer observations (0) made than vector observation size (7). The observations will be padded.
Fewer observations (0) made than vector observation size (7). The observations will be padded.
Fewer observations (0) made than vector observation size (7). The observations will be padded.
生成了一個物件
Fewer observations (0) made than vector observation size (7). The observations will be padded.
Fewer observations (0) made than vector observation size (7). The observations will be padded.
Fewer observations (0) made than vector observation size (7). The observations will be padded.
Fewer observations (0) made than vector observation size (7). The observations will be padded.
生成了一個物件
Fewer observations (0) made than vector observation size (7). The observations will be padded.
Fewer observations (0) made than vector observation size (7). The observations will be padded.
Fewer observations (0) made than vector observation size (7). The observations will be padded.
生成了一個物件
Fewer observations (0) made than vector observation size (7). The observations will be padded.
Fewer observations (0) made than vector observation size (7). The observations will be padded.
生成了一個物件
Fewer observations (0) made than vector observation size (7). The observations will be padded.
Fewer observations (0) made than vector observation size (7). The observations will be padded.
Fewer observations (0) made than vector observation size (7). The observations will be padded.
Fewer observations (0) made than vector observation size (7). The observations will be padded.
Fewer observations (0) made than vector observation size (7). The observations will be padded.
Fewer observations (0) made than vector observation size (7). The observations will be padded.
Fewer observations (0) made than vector observation size (7). The observations will be padded.
Fewer observations (0) made than vector observation size (7). The observations will be padded.
生成了一個物件
Fewer observations (0) made than vector observation size (7). The observations will be padded.
Fewer observations (0) made than vector observation size (7). The observations will be padded.
Fewer observations (0) made than vector observation size (7). The observations will be padded.
Fewer observations (0) made than vector observation size (7). The observations will be padded.
生成了一個物件
Fewer observations (0) made than vector observation size (7). The observations will be padded.
Fewer observations (0) made than vector observation size (7). The observations will be padded.
Fewer observations (0) made than vector observation size (7). The observations will be padded.
生成了一個物件
Fewer observations (0) made than vector observation size (7). The observations will be padded.
生成了一個物件
Fewer observations (0) made than vector observation size (7). The observations will be padded.
Fewer observations (0) made than vector observation size (7). The observations will be padded.
Fewer observations (0) made than vector observation size (7). The observations will be padded.
Fewer observations (0) made than vector observation size (7). The observations will be padded.
Fewer observations (0) made than vector observation size (7). The observations will be padded.
Fewer observations (0) made than vector observation size (7). The observations will be padded.
Fewer observations (0) made than vector observation size (7). The observations will be padded.
Fewer observations (0) made than vector observation size (7). The observations will be padded.
Fewer observations (0) made than vector observation size (7). The observations will be padded.
生成了一個物件
Fewer observations (0) made than vector observation size (7). The observations will be padded.
Player died!
Fewer observations (0) made than vector observation size (7). The observations will be padded.
FrontWall hit: ground 1(Clone) normalX=-1
Unloading 3 Unused Serialized files (Serialized files now loaded: 0)
UnloadTime: 3.330000 ms
Unloading 1 unused Assets to reduce memory usage. Loaded Objects now: 2872.
Total: 1.247100 ms (FindLiveObjects: 0.085600 ms CreateObjectMapping: 0.037200 ms MarkObjects: 1.113900 ms  DeleteObjects: 0.010300 ms)

[LoadMap] Using main map source: D:\Unity\ML-agent\Map\Decode.txt
[LoadFinishMap] Using finish map source: D:\Unity\ML-agent\Map\finishmap.txt
[LoadFinishMap] Finish size = 15 x 15, new rightX = 215
[LoadMap] Done. Main size = 200 x 15, rightX = 215
Fewer observations (0) made than vector observation size (7). The observations will be padded.
Fewer observations (0) made than vector observation size (7). The observations will be padded.
生成了一個物件
Fewer observations (0) made than vector observation size (7). The observations will be padded.
Fewer observations (0) made than vector observation size (7). The observations will be padded.
Fewer observations (0) made than vector observation size (7). The observations will be padded.
Fewer observations (0) made than vector observation size (7). The observations will be padded.
生成了一個物件
Fewer observations (0) made than vector observation size (7). The observations will be padded.
Fewer observations (0) made than vector observation size (7). The observations will be padded.
生成了一個物件
Fewer observations (0) made than vector observation size (7). The observations will be padded.
Fewer observations (0) made than vector observation size (7). The observations will be padded.
生成了一個物件
Fewer observations (0) made than vector observation size (7). The observations will be padded.
Fewer observations (0) made than vector observation size (7). The observations will be padded.
FrontWall hit: ground 1(Clone) normalX=1
Fewer observations (0) made than vector observation size (7). The observations will be padded.
Fewer observations (0) made than vector observation size (7). The observations will be padded.
FrontWall hit: ground 1(Clone) normalX=1
FrontWall hit: ground 1(Clone) normalX=1
FrontWall hit: ground 1(Clone) normalX=1
Fewer observations (0) made than vector observation size (7). The observations will be padded.
Fewer observations (0) made than vector observation size (7). The observations will be padded.
Fewer observations (0) made than vector observation size (7). The observations will be padded.
Fewer observations (0) made than vector observation size (7). The observations will be padded.
生成了一個物件
Fewer observations (0) made than vector observation size (7). The observations will be padded.
Fewer observations (0) made than vector observation size (7). The observations will be padded.
FrontWall hit: ground 1(Clone) normalX=1
FrontWall hit: ground 1(Clone) normalX=1
Fewer observations (0) made than vector observation size (7). The observations will be padded.
FrontWall hit: ground 1(Clone) normalX=1
FrontWall hit: ground 1(Clone) normalX=1
FrontWall hit: ground 1(Clone) normalX=1
Fewer observations (0) made than vector observation size (7). The observations will be padded.
FrontWall hit: ground 1(Clone) normalX=1
FrontWall hit: ground 1(Clone) normalX=1
FrontWall hit: ground 1(Clone) normalX=1
Fewer observations (0) made than vector observation size (7). The observations will be padded.
生成了一個物件
Fewer observations (0) made than vector observation size (7). The observations will be padded.
Fewer observations (0) made than vector observation size (7). The observations will be padded.
生成了一個物件
Fewer observations (0) made than vector observation size (7). The observations will be padded.
Fewer observations (0) made than vector observation size (7). The observations will be padded.
生成了一個物件
Fewer observations (0) made than vector observation size (7). The observations will be padded.
Fewer observations (0) made than vector observation size (7). The observations will be padded.
Fewer observations (0) made than vector observation size (7). The observations will be padded.
Fewer observations (0) made than vector observation size (7). The observations will be padded.
Fewer observations (0) made than vector observation size (7). The observations will be padded.
Fewer observations (0) made than vector observation size (7). The observations will be padded.
FrontWall hit: ground 1(Clone) normalX=1
FrontWall hit: ground 1(Clone) normalX=1
FrontWall hit: ground 1(Clone) normalX=1
Fewer observations (0) made than vector observation size (7). The observations will be padded.
Fewer observations (0) made than vector observation size (7). The observations will be padded.
生成了一個物件
Fewer observations (0) made than vector observation size (7). The observations will be padded.
Fewer observations (0) made than vector observation size (7). The observations will be padded.
Fewer observations (0) made than vector observation size (7). The observations will be padded.
Player died!
Fewer observations (0) made than vector observation size (7). The observations will be padded.
Unloading 3 Unused Serialized files (Serialized files now loaded: 0)
UnloadTime: 5.307300 ms
Unloading 1 unused Assets to reduce memory usage. Loaded Objects now: 2872.
Total: 1.590100 ms (FindLiveObjects: 0.086900 ms CreateObjectMapping: 0.036800 ms MarkObjects: 1.454600 ms  DeleteObjects: 0.011800 ms)

[LoadMap] Using main map source: D:\Unity\ML-agent\Map\Decode.txt
[LoadFinishMap] Using finish map source: D:\Unity\ML-agent\Map\finishmap.txt
[LoadFinishMap] Finish size = 15 x 15, new rightX = 215
[LoadMap] Done. Main size = 200 x 15, rightX = 215
Fewer observations (0) made than vector observation size (7). The observations will be padded.
Fewer observations (0) made than vector observation size (7). The observations will be padded.
生成了一個物件
Fewer observations (0) made than vector observation size (7). The observations will be padded.
FrontWall hit: ground 1(Clone) normalX=1
FrontWall hit: ground 1(Clone) normalX=1
Fewer observations (0) made than vector observation size (7). The observations will be padded.
Fewer observations (0) made than vector observation size (7). The observations will be padded.
Fewer observations (0) made than vector observation size (7). The observations will be padded.
Fewer observations (0) made than vector observation size (7). The observations will be padded.
Fewer observations (0) made than vector observation size (7). The observations will be padded.
Fewer observations (0) made than vector observation size (7). The observations will be padded.
生成了一個物件
Fewer observations (0) made than vector observation size (7). The observations will be padded.
Fewer observations (0) made than vector observation size (7). The observations will be padded.
生成了一個物件
Fewer observations (0) made than vector observation size (7). The observations will be padded.
Fewer observations (0) made than vector observation size (7). The observations will be padded.
生成了一個物件
Fewer observations (0) made than vector observation size (7). The observations will be padded.
Fewer observations (0) made than vector observation size (7). The observations will be padded.
Fewer observations (0) made than vector observation size (7). The observations will be padded.
Fewer observations (0) made than vector observation size (7). The observations will be padded.
Fewer observations (0) made than vector observation size (7). The observations will be padded.
Fewer observations (0) made than vector observation size (7). The observations will be padded.
生成了一個物件
Fewer observations (0) made than vector observation size (7). The observations will be padded.
Fewer observations (0) made than vector observation size (7). The observations will be padded.
Fewer observations (0) made than vector observation size (7). The observations will be padded.
Fewer observations (0) made than vector observation size (7). The observations will be padded.
Fewer observations (0) made than vector observation size (7). The observations will be padded.
Fewer observations (0) made than vector observation size (7). The observations will be padded.
生成了一個物件
Fewer observations (0) made than vector observation size (7). The observations will be padded.
Fewer observations (0) made than vector observation size (7). The observations will be padded.
Fewer observations (0) made than vector observation size (7). The observations will be padded.
生成了一個物件
Fewer observations (0) made than vector observation size (7). The observations will be padded.
生成了一個物件
Fewer observations (0) made than vector observation size (7). The observations will be padded.
Fewer observations (0) made than vector observation size (7). The observations will be padded.
Fewer observations (0) made than vector observation size (7). The observations will be padded.
Fewer observations (0) made than vector observation size (7). The observations will be padded.
Fewer observations (0) made than vector observation size (7). The observations will be padded.
Fewer observations (0) made than vector observation size (7). The observations will be padded.
生成了一個物件
Fewer observations (0) made than vector observation size (7). The observations will be padded.
Fewer observations (0) made than vector observation size (7). The observations will be padded.
Fewer observations (0) made than vector observation size (7). The observations will be padded.
Player died!
Fewer observations (0) made than vector observation size (7). The observations will be padded.
Player died!
Fewer observations (0) made than vector observation size (7). The observations will be padded.
Unloading 3 Unused Serialized files (Serialized files now loaded: 0)
Fewer observations (0) made than vector observation size (7). The observations will be padded.
UnloadTime: 3.215500 ms
Unloading 1 unused Assets to reduce memory usage. Loaded Objects now: 2872.
Total: 1.584300 ms (FindLiveObjects: 0.090800 ms CreateObjectMapping: 0.033800 ms MarkObjects: 1.452100 ms  DeleteObjects: 0.007600 ms)

Unloading 3 Unused Serialized files (Serialized files now loaded: 0)
Fewer observations (0) made than vector observation size (7). The observations will be padded.
UnloadTime: 0.502700 ms
Unloading 1 unused Assets to reduce memory usage. Loaded Objects now: 2872.
Total: 0.857800 ms (FindLiveObjects: 0.077500 ms CreateObjectMapping: 0.037600 ms MarkObjects: 0.735200 ms  DeleteObjects: 0.007400 ms)

[LoadMap] Using main map source: D:\Unity\ML-agent\Map\Decode.txt
[LoadFinishMap] Using finish map source: D:\Unity\ML-agent\Map\finishmap.txt
[LoadFinishMap] Finish size = 15 x 15, new rightX = 215
[LoadMap] Done. Main size = 200 x 15, rightX = 215
Fewer observations (0) made than vector observation size (7). The observations will be padded.
生成了一個物件
Fewer observations (0) made than vector observation size (7). The observations will be padded.
Fewer observations (0) made than vector observation size (7). The observations will be padded.
Fewer observations (0) made than vector observation size (7). The observations will be padded.
Fewer observations (0) made than vector observation size (7). The observations will be padded.
FrontWall hit: ground 1(Clone) normalX=1
FrontWall hit: ground 1(Clone) normalX=1
FrontWall hit: ground 1(Clone) normalX=1
Fewer observations (0) made than vector observation size (7). The observations will be padded.
生成了一個物件
Fewer observations (0) made than vector observation size (7). The observations will be padded.
Fewer observations (0) made than vector observation size (7). The observations will be padded.
Fewer observations (0) made than vector observation size (7). The observations will be padded.
FrontWall hit: ground 1(Clone) normalX=1
FrontWall hit: ground 1(Clone) normalX=1
FrontWall hit: ground 1(Clone) normalX=1
Fewer observations (0) made than vector observation size (7). The observations will be padded.
FrontWall hit: ground 1(Clone) normalX=1
FrontWall hit: ground 1(Clone) normalX=1
FrontWall hit: ground 1(Clone) normalX=1
Fewer observations (0) made than vector observation size (7). The observations will be padded.
FrontWall hit: ground 1(Clone) normalX=1
FrontWall hit: ground 1(Clone) normalX=1
FrontWall hit: ground 1(Clone) normalX=1
Fewer observations (0) made than vector observation size (7). The observations will be padded.
生成了一個物件
Fewer observations (0) made than vector observation size (7). The observations will be padded.
Fewer observations (0) made than vector observation size (7). The observations will be padded.
Fewer observations (0) made than vector observation size (7). The observations will be padded.
Fewer observations (0) made than vector observation size (7). The observations will be padded.
FrontWall hit: ground 1(Clone) normalX=1
FrontWall hit: ground 1(Clone) normalX=1
FrontWall hit: ground 1(Clone) normalX=1
Fewer observations (0) made than vector observation size (7). The observations will be padded.
Fewer observations (0) made than vector observation size (7). The observations will be padded.
生成了一個物件
Fewer observations (0) made than vector observation size (7). The observations will be padded.
生成了一個物件
Fewer observations (0) made than vector observation size (7). The observations will be padded.
Fewer observations (0) made than vector observation size (7). The observations will be padded.
Fewer observations (0) made than vector observation size (7). The observations will be padded.
Fewer observations (0) made than vector observation size (7). The observations will be padded.
生成了一個物件
Fewer observations (0) made than vector observation size (7). The observations will be padded.
Fewer observations (0) made than vector observation size (7). The observations will be padded.
Fewer observations (0) made than vector observation size (7). The observations will be padded.
Fewer observations (0) made than vector observation size (7). The observations will be padded.
Fewer observations (0) made than vector observation size (7). The observations will be padded.
Fewer observations (0) made than vector observation size (7). The observations will be padded.
生成了一個物件
Fewer observations (0) made than vector observation size (7). The observations will be padded.
Fewer observations (0) made than vector observation size (7). The observations will be padded.
Fewer observations (0) made than vector observation size (7). The observations will be padded.
Fewer observations (0) made than vector observation size (7). The observations will be padded.
Fewer observations (0) made than vector observation size (7). The observations will be padded.
Fewer observations (0) made than vector observation size (7). The observations will be padded.
生成了一個物件
Fewer observations (0) made than vector observation size (7). The observations will be padded.
生成了一個物件
FrontWall hit: ground 1(Clone) normalX=1
Fewer observations (0) made than vector observation size (7). The observations will be padded.
Fewer observations (0) made than vector observation size (7). The observations will be padded.
FrontWall hit: ground 1(Clone) normalX=1
FrontWall hit: ground 1(Clone) normalX=1
FrontWall hit: ground 1(Clone) normalX=1
Fewer observations (0) made than vector observation size (7). The observations will be padded.
Fewer observations (0) made than vector observation size (7). The observations will be padded.
生成了一個物件
Player died!
Fewer observations (0) made than vector observation size (7). The observations will be padded.
Unloading 3 Unused Serialized files (Serialized files now loaded: 0)
UnloadTime: 5.510900 ms
Unloading 1 unused Assets to reduce memory usage. Loaded Objects now: 2872.
Total: 1.649000 ms (FindLiveObjects: 0.114900 ms CreateObjectMapping: 0.054000 ms MarkObjects: 1.460100 ms  DeleteObjects: 0.019800 ms)

[LoadMap] Using main map source: D:\Unity\ML-agent\Map\Decode.txt
[LoadFinishMap] Using finish map source: D:\Unity\ML-agent\Map\finishmap.txt
[LoadFinishMap] Finish size = 15 x 15, new rightX = 215
[LoadMap] Done. Main size = 200 x 15, rightX = 215
Fewer observations (0) made than vector observation size (7). The observations will be padded.
Fewer observations (0) made than vector observation size (7). The observations will be padded.
生成了一個物件
Fewer observations (0) made than vector observation size (7). The observations will be padded.
Fewer observations (0) made than vector observation size (7). The observations will be padded.
Fewer observations (0) made than vector observation size (7). The observations will be padded.
Fewer observations (0) made than vector observation size (7). The observations will be padded.
生成了一個物件
Fewer observations (0) made than vector observation size (7). The observations will be padded.
Fewer observations (0) made than vector observation size (7). The observations will be padded.
Fewer observations (0) made than vector observation size (7). The observations will be padded.
生成了一個物件
Fewer observations (0) made than vector observation size (7). The observations will be padded.
生成了一個物件
Fewer observations (0) made than vector observation size (7). The observations will be padded.
Fewer observations (0) made than vector observation size (7). The observations will be padded.
Fewer observations (0) made than vector observation size (7). The observations will be padded.
Fewer observations (0) made than vector observation size (7). The observations will be padded.
Fewer observations (0) made than vector observation size (7). The observations will be padded.
Fewer observations (0) made than vector observation size (7). The observations will be padded.
Fewer observations (0) made than vector observation size (7). The observations will be padded.
Fewer observations (0) made than vector observation size (7). The observations will be padded.
Fewer observations (0) made than vector observation size (7). The observations will be padded.
生成了一個物件
Fewer observations (0) made than vector observation size (7). The observations will be padded.
Fewer observations (0) made than vector observation size (7). The observations will be padded.
Fewer observations (0) made than vector observation size (7). The observations will be padded.
Fewer observations (0) made than vector observation size (7). The observations will be padded.
生成了一個物件
Fewer observations (0) made than vector observation size (7). The observations will be padded.
Fewer observations (0) made than vector observation size (7). The observations will be padded.
生成了一個物件
Fewer observations (0) made than vector observation size (7). The observations will be padded.
Fewer observations (0) made than vector observation size (7). The observations will be padded.
生成了一個物件
Fewer observations (0) made than vector observation size (7). The observations will be padded.
Fewer observations (0) made than vector observation size (7). The observations will be padded.
Fewer observations (0) made than vector observation size (7). The observations will be padded.
Fewer observations (0) made than vector observation size (7). The observations will be padded.
Fewer observations (0) made than vector observation size (7). The observations will be padded.
Fewer observations (0) made than vector observation size (7). The observations will be padded.
Fewer observations (0) made than vector observation size (7). The observations will be padded.
Fewer observations (0) made than vector observation size (7). The observations will be padded.
生成了一個物件
Fewer observations (0) made than vector observation size (7). The observations will be padded.
Fewer observations (0) made than vector observation size (7). The observations will be padded.
FrontWall hit: ground 1(Clone) normalX=1
FrontWall hit: ground 1(Clone) normalX=1
Fewer observations (0) made than vector observation size (7). The observations will be padded.
Fewer observations (0) made than vector observation size (7). The observations will be padded.
Fewer observations (0) made than vector observation size (7). The observations will be padded.
生成了一個物件
Fewer observations (0) made than vector observation size (7). The observations will be padded.
Fewer observations (0) made than vector observation size (7). The observations will be padded.
生成了一個物件
Fewer observations (0) made than vector observation size (7). The observations will be padded.
FrontWall hit: ground 1(Clone) normalX=1
FrontWall hit: ground 1(Clone) normalX=1
Fewer observations (0) made than vector observation size (7). The observations will be padded.
生成了一個物件
Fewer observations (0) made than vector observation size (7). The observations will be padded.
Fewer observations (0) made than vector observation size (7). The observations will be padded.
Fewer observations (0) made than vector observation size (7). The observations will be padded.
Fewer observations (0) made than vector observation size (7). The observations will be padded.
FrontWall hit: ground 1(Clone) normalX=1
FrontWall hit: ground 1(Clone) normalX=1
FrontWall hit: ground 1(Clone) normalX=1
Player died!
Fewer observations (0) made than vector observation size (7). The observations will be padded.
Player died!
Fewer observations (0) made than vector observation size (7). The observations will be padded.
Unloading 3 Unused Serialized files (Serialized files now loaded: 0)
Fewer observations (0) made than vector observation size (7). The observations will be padded.
UnloadTime: 3.749400 ms
Unloading 1 unused Assets to reduce memory usage. Loaded Objects now: 2872.
Total: 1.089600 ms (FindLiveObjects: 0.085500 ms CreateObjectMapping: 0.040100 ms MarkObjects: 0.953900 ms  DeleteObjects: 0.010000 ms)

Unloading 3 Unused Serialized files (Serialized files now loaded: 0)
Fewer observations (0) made than vector observation size (7). The observations will be padded.
UnloadTime: 0.541100 ms
Unloading 1 unused Assets to reduce memory usage. Loaded Objects now: 2872.
Total: 0.896000 ms (FindLiveObjects: 0.080900 ms CreateObjectMapping: 0.035900 ms MarkObjects: 0.772000 ms  DeleteObjects: 0.007100 ms)

[LoadMap] Using main map source: D:\Unity\ML-agent\Map\Decode.txt
[LoadFinishMap] Using finish map source: D:\Unity\ML-agent\Map\finishmap.txt
[LoadFinishMap] Finish size = 15 x 15, new rightX = 215
[LoadMap] Done. Main size = 200 x 15, rightX = 215
Fewer observations (0) made than vector observation size (7). The observations will be padded.
生成了一個物件
Fewer observations (0) made than vector observation size (7). The observations will be padded.
Fewer observations (0) made than vector observation size (7). The observations will be padded.
Fewer observations (0) made than vector observation size (7). The observations will be padded.
Fewer observations (0) made than vector observation size (7). The observations will be padded.
Fewer observations (0) made than vector observation size (7). The observations will be padded.
生成了一個物件
Fewer observations (0) made than vector observation size (7). The observations will be padded.
Fewer observations (0) made than vector observation size (7). The observations will be padded.
生成了一個物件
Fewer observations (0) made than vector observation size (7). The observations will be padded.
Fewer observations (0) made than vector observation size (7). The observations will be padded.
生成了一個物件
Fewer observations (0) made than vector observation size (7). The observations will be padded.
Fewer observations (0) made than vector observation size (7). The observations will be padded.
Fewer observations (0) made than vector observation size (7). The observations will be padded.
Fewer observations (0) made than vector observation size (7). The observations will be padded.
Fewer observations (0) made than vector observation size (7). The observations will be padded.
Fewer observations (0) made than vector observation size (7). The observations will be padded.
Fewer observations (0) made than vector observation size (7). The observations will be padded.
Fewer observations (0) made than vector observation size (7). The observations will be padded.
生成了一個物件
Fewer observations (0) made than vector observation size (7). The observations will be padded.
Fewer observations (0) made than vector observation size (7). The observations will be padded.
Fewer observations (0) made than vector observation size (7). The observations will be padded.
Fewer observations (0) made than vector observation size (7). The observations will be padded.
生成了一個物件
Fewer observations (0) made than vector observation size (7). The observations will be padded.
Fewer observations (0) made than vector observation size (7). The observations will be padded.
Fewer observations (0) made than vector observation size (7). The observations will be padded.
生成了一個物件
Fewer observations (0) made than vector observation size (7). The observations will be padded.
生成了一個物件
Fewer observations (0) made than vector observation size (7). The observations will be padded.
Fewer observations (0) made than vector observation size (7). The observations will be padded.
Fewer observations (0) made than vector observation size (7). The observations will be padded.
FrontWall hit: ground 1(Clone) normalX=1
FrontWall hit: ground 1(Clone) normalX=1
FrontWall hit: ground 1(Clone) normalX=1
Fewer observations (0) made than vector observation size (7). The observations will be padded.
Fewer observations (0) made than vector observation size (7). The observations will be padded.
Fewer observations (0) made than vector observation size (7). The observations will be padded.
Fewer observations (0) made than vector observation size (7). The observations will be padded.
Fewer observations (0) made than vector observation size (7). The observations will be padded.
Fewer observations (0) made than vector observation size (7). The observations will be padded.
生成了一個物件
Fewer observations (0) made than vector observation size (7). The observations will be padded.
FrontWall hit: ground 1(Clone) normalX=1
FrontWall hit: ground 1(Clone) normalX=1
FrontWall hit: ground 1(Clone) normalX=1
Fewer observations (0) made than vector observation size (7). The observations will be padded.
Fewer observations (0) made than vector observation size (7). The observations will be padded.
Fewer observations (0) made than vector observation size (7). The observations will be padded.
生成了一個物件
Fewer observations (0) made than vector observation size (7). The observations will be padded.
Fewer observations (0) made than vector observation size (7). The observations will be padded.
生成了一個物件
Fewer observations (0) made than vector observation size (7). The observations will be padded.
Fewer observations (0) made than vector observation size (7). The observations will be padded.
生成了一個物件
Fewer observations (0) made than vector observation size (7). The observations will be padded.
Fewer observations (0) made than vector observation size (7). The observations will be padded.
Player died!
Fewer observations (0) made than vector observation size (7). The observations will be padded.
Player died!
Unloading 3 Unused Serialized files (Serialized files now loaded: 0)
UnloadTime: 3.251700 ms
Unloading 1 unused Assets to reduce memory usage. Loaded Objects now: 2872.
Total: 1.259400 ms (FindLiveObjects: 0.086800 ms CreateObjectMapping: 0.038600 ms MarkObjects: 1.077100 ms  DeleteObjects: 0.056700 ms)

Unloading 3 Unused Serialized files (Serialized files now loaded: 0)
Fewer observations (0) made than vector observation size (7). The observations will be padded.
UnloadTime: 0.742900 ms
Unloading 1 unused Assets to reduce memory usage. Loaded Objects now: 2872.
Total: 0.888700 ms (FindLiveObjects: 0.081100 ms CreateObjectMapping: 0.036200 ms MarkObjects: 0.763800 ms  DeleteObjects: 0.007400 ms)

[LoadMap] Using main map source: D:\Unity\ML-agent\Map\Decode.txt
[LoadFinishMap] Using finish map source: D:\Unity\ML-agent\Map\finishmap.txt
[LoadFinishMap] Finish size = 15 x 15, new rightX = 215
[LoadMap] Done. Main size = 200 x 15, rightX = 215
生成了一個物件
Fewer observations (0) made than vector observation size (7). The observations will be padded.
Fewer observations (0) made than vector observation size (7). The observations will be padded.
Fewer observations (0) made than vector observation size (7). The observations will be padded.
Fewer observations (0) made than vector observation size (7). The observations will be padded.
Fewer observations (0) made than vector observation size (7). The observations will be padded.
FrontWall hit: ground 1(Clone) normalX=1
Fewer observations (0) made than vector observation size (7). The observations will be padded.
Fewer observations (0) made than vector observation size (7). The observations will be padded.
Fewer observations (0) made than vector observation size (7). The observations will be padded.
Fewer observations (0) made than vector observation size (7). The observations will be padded.
Fewer observations (0) made than vector observation size (7). The observations will be padded.
Fewer observations (0) made than vector observation size (7). The observations will be padded.
Fewer observations (0) made than vector observation size (7). The observations will be padded.
Fewer observations (0) made than vector observation size (7). The observations will be padded.
Fewer observations (0) made than vector observation size (7). The observations will be padded.
Fewer observations (0) made than vector observation size (7). The observations will be padded.
Fewer observations (0) made than vector observation size (7). The observations will be padded.
Fewer observations (0) made than vector observation size (7). The observations will be padded.
生成了一個物件
Fewer observations (0) made than vector observation size (7). The observations will be padded.
Fewer observations (0) made than vector observation size (7). The observations will be padded.
Fewer observations (0) made than vector observation size (7). The observations will be padded.
Fewer observations (0) made than vector observation size (7). The observations will be padded.
FrontWall hit: ground 1(Clone) normalX=1
Fewer observations (0) made than vector observation size (7). The observations will be padded.
Fewer observations (0) made than vector observation size (7). The observations will be padded.
FrontWall hit: ground 1(Clone) normalX=1
Fewer observations (0) made than vector observation size (7). The observations will be padded.
FrontWall hit: ground 1(Clone) normalX=1
FrontWall hit: ground 1(Clone) normalX=1
生成了一個物件
FrontWall hit: ground 1(Clone) normalX=1
Fewer observations (0) made than vector observation size (7). The observations will be padded.
Fewer observations (0) made than vector observation size (7). The observations will be padded.
生成了一個物件
Fewer observations (0) made than vector observation size (7). The observations will be padded.
生成了一個物件
Fewer observations (0) made than vector observation size (7). The observations will be padded.
Fewer observations (0) made than vector observation size (7). The observations will be padded.
Fewer observations (0) made than vector observation size (7). The observations will be padded.
Fewer observations (0) made than vector observation size (7). The observations will be padded.
Fewer observations (0) made than vector observation size (7). The observations will be padded.
Fewer observations (0) made than vector observation size (7). The observations will be padded.
Fewer observations (0) made than vector observation size (7). The observations will be padded.
生成了一個物件
Fewer observations (0) made than vector observation size (7). The observations will be padded.
Fewer observations (0) made than vector observation size (7). The observations will be padded.
Fewer observations (0) made than vector observation size (7). The observations will be padded.
Fewer observations (0) made than vector observation size (7). The observations will be padded.
Fewer observations (0) made than vector observation size (7). The observations will be padded.
Fewer observations (0) made than vector observation size (7). The observations will be padded.
Fewer observations (0) made than vector observation size (7). The observations will be padded.
生成了一個物件
Fewer observations (0) made than vector observation size (7). The observations will be padded.
生成了一個物件
Fewer observations (0) made than vector observation size (7). The observations will be padded.
Fewer observations (0) made than vector observation size (7). The observations will be padded.
生成了一個物件
Fewer observations (0) made than vector observation size (7). The observations will be padded.
Fewer observations (0) made than vector observation size (7). The observations will be padded.
Fewer observations (0) made than vector observation size (7). The observations will be padded.
Fewer observations (0) made than vector observation size (7). The observations will be padded.
Fewer observations (0) made than vector observation size (7). The observations will be padded.
Fewer observations (0) made than vector observation size (7). The observations will be padded.
生成了一個物件
Fewer observations (0) made than vector observation size (7). The observations will be padded.
Player died!
Fewer observations (0) made than vector observation size (7). The observations will be padded.
Player died!
Fewer observations (0) made than vector observation size (7). The observations will be padded.
Unloading 3 Unused Serialized files (Serialized files now loaded: 0)
Fewer observations (0) made than vector observation size (7). The observations will be padded.
UnloadTime: 5.654100 ms
Unloading 1 unused Assets to reduce memory usage. Loaded Objects now: 2872.
Total: 1.595400 ms (FindLiveObjects: 0.085600 ms CreateObjectMapping: 0.037600 ms MarkObjects: 1.464300 ms  DeleteObjects: 0.007800 ms)

Unloading 3 Unused Serialized files (Serialized files now loaded: 0)
Fewer observations (0) made than vector observation size (7). The observations will be padded.
UnloadTime: 0.525200 ms
Unloading 1 unused Assets to reduce memory usage. Loaded Objects now: 2872.
Total: 0.824500 ms (FindLiveObjects: 0.078600 ms CreateObjectMapping: 0.036800 ms MarkObjects: 0.701700 ms  DeleteObjects: 0.007100 ms)

[LoadMap] Using main map source: D:\Unity\ML-agent\Map\Decode.txt
[LoadFinishMap] Using finish map source: D:\Unity\ML-agent\Map\finishmap.txt
[LoadFinishMap] Finish size = 15 x 15, new rightX = 215
[LoadMap] Done. Main size = 200 x 15, rightX = 215
生成了一個物件
Fewer observations (0) made than vector observation size (7). The observations will be padded.
Fewer observations (0) made than vector observation size (7). The observations will be padded.
FrontWall hit: ground 1(Clone) normalX=1
FrontWall hit: ground 1(Clone) normalX=1
FrontWall hit: ground 1(Clone) normalX=1
Fewer observations (0) made than vector observation size (7). The observations will be padded.
Fewer observations (0) made than vector observation size (7). The observations will be padded.
Fewer observations (0) made than vector observation size (7). The observations will be padded.
Fewer observations (0) made than vector observation size (7). The observations will be padded.
Fewer observations (0) made than vector observation size (7). The observations will be padded.
Fewer observations (0) made than vector observation size (7). The observations will be padded.
生成了一個物件
Fewer observations (0) made than vector observation size (7). The observations will be padded.
Fewer observations (0) made than vector observation size (7). The observations will be padded.
生成了一個物件
Fewer observations (0) made than vector observation size (7). The observations will be padded.
生成了一個物件
Fewer observations (0) made than vector observation size (7). The observations will be padded.
Fewer observations (0) made than vector observation size (7). The observations will be padded.
Fewer observations (0) made than vector observation size (7). The observations will be padded.
Fewer observations (0) made than vector observation size (7). The observations will be padded.
Fewer observations (0) made than vector observation size (7). The observations will be padded.
Fewer observations (0) made than vector observation size (7). The observations will be padded.
生成了一個物件
Fewer observations (0) made than vector observation size (7). The observations will be padded.
FrontWall hit: ground 1(Clone) normalX=1
FrontWall hit: ground 1(Clone) normalX=1
FrontWall hit: ground 1(Clone) normalX=1
Fewer observations (0) made than vector observation size (7). The observations will be padded.
FrontWall hit: ground 1(Clone) normalX=1
FrontWall hit: ground 1(Clone) normalX=1
FrontWall hit: ground 1(Clone) normalX=1
Fewer observations (0) made than vector observation size (7). The observations will be padded.
Fewer observations (0) made than vector observation size (7). The observations will be padded.
Fewer observations (0) made than vector observation size (7). The observations will be padded.
Fewer observations (0) made than vector observation size (7). The observations will be padded.
Fewer observations (0) made than vector observation size (7). The observations will be padded.
生成了一個物件
Fewer observations (0) made than vector observation size (7). The observations will be padded.
Fewer observations (0) made than vector observation size (7). The observations will be padded.
生成了一個物件
Fewer observations (0) made than vector observation size (7). The observations will be padded.
FrontWall hit: ground 1(Clone) normalX=1
FrontWall hit: ground 1(Clone) normalX=1
FrontWall hit: ground 1(Clone) normalX=1
Fewer observations (0) made than vector observation size (7). The observations will be padded.
生成了一個物件
Fewer observations (0) made than vector observation size (7). The observations will be padded.
FrontWall hit: ground 1(Clone) normalX=1
FrontWall hit: ground 1(Clone) normalX=1
FrontWall hit: ground 1(Clone) normalX=1
Fewer observations (0) made than vector observation size (7). The observations will be padded.
FrontWall hit: ground 1(Clone) normalX=1
FrontWall hit: ground 1(Clone) normalX=1
FrontWall hit: ground 1(Clone) normalX=1
Fewer observations (0) made than vector observation size (7). The observations will be padded.
Fewer observations (0) made than vector observation size (7). The observations will be padded.
Fewer observations (0) made than vector observation size (7). The observations will be padded.
生成了一個物件
Fewer observations (0) made than vector observation size (7). The observations will be padded.
FrontWall hit: ground 1(Clone) normalX=1
FrontWall hit: ground 1(Clone) normalX=1
FrontWall hit: ground 1(Clone) normalX=1
Fewer observations (0) made than vector observation size (7). The observations will be padded.
Fewer observations (0) made than vector observation size (7). The observations will be padded.
Fewer observations (0) made than vector observation size (7). The observations will be padded.
Fewer observations (0) made than vector observation size (7). The observations will be padded.
Fewer observations (0) made than vector observation size (7). The observations will be padded.
Fewer observations (0) made than vector observation size (7). The observations will be padded.
Fewer observations (0) made than vector observation size (7). The observations will be padded.
生成了一個物件
Fewer observations (0) made than vector observation size (7). The observations will be padded.
Fewer observations (0) made than vector observation size (7). The observations will be padded.
生成了一個物件
Fewer observations (0) made than vector observation size (7). The observations will be padded.
Fewer observations (0) made than vector observation size (7). The observations will be padded.
生成了一個物件
Player died!
Fewer observations (0) made than vector observation size (7). The observations will be padded.
Player died!
Fewer observations (0) made than vector observation size (7). The observations will be padded.
FrontWall hit: ground 1(Clone) normalX=-1
Unloading 3 Unused Serialized files (Serialized files now loaded: 0)
Fewer observations (0) made than vector observation size (7). The observations will be padded.
UnloadTime: 3.534200 ms
Unloading 1 unused Assets to reduce memory usage. Loaded Objects now: 2872.
Total: 1.389300 ms (FindLiveObjects: 0.083400 ms CreateObjectMapping: 0.039100 ms MarkObjects: 1.194400 ms  DeleteObjects: 0.072200 ms)

Unloading 3 Unused Serialized files (Serialized files now loaded: 0)
Fewer observations (0) made than vector observation size (7). The observations will be padded.
UnloadTime: 0.532700 ms
Unloading 1 unused Assets to reduce memory usage. Loaded Objects now: 2872.
Total: 0.809500 ms (FindLiveObjects: 0.079600 ms CreateObjectMapping: 0.036000 ms MarkObjects: 0.686900 ms  DeleteObjects: 0.006800 ms)

[LoadMap] Using main map source: D:\Unity\ML-agent\Map\Decode.txt
[LoadFinishMap] Using finish map source: D:\Unity\ML-agent\Map\finishmap.txt
[LoadFinishMap] Finish size = 15 x 15, new rightX = 215
[LoadMap] Done. Main size = 200 x 15, rightX = 215
Fewer observations (0) made than vector observation size (7). The observations will be padded.
生成了一個物件
Fewer observations (0) made than vector observation size (7). The observations will be padded.
FrontWall hit: ground 1(Clone) normalX=1
FrontWall hit: ground 1(Clone) normalX=1
FrontWall hit: ground 1(Clone) normalX=1
Fewer observations (0) made than vector observation size (7). The observations will be padded.
Fewer observations (0) made than vector observation size (7). The observations will be padded.
Fewer observations (0) made than vector observation size (7). The observations will be padded.
Fewer observations (0) made than vector observation size (7). The observations will be padded.
Fewer observations (0) made than vector observation size (7). The observations will be padded.
Fewer observations (0) made than vector observation size (7). The observations will be padded.
生成了一個物件
Fewer observations (0) made than vector observation size (7). The observations will be padded.
Fewer observations (0) made than vector observation size (7). The observations will be padded.
生成了一個物件
Fewer observations (0) made than vector observation size (7). The observations will be padded.
Fewer observations (0) made than vector observation size (7). The observations will be padded.
生成了一個物件
Fewer observations (0) made than vector observation size (7). The observations will be padded.
Fewer observations (0) made than vector observation size (7). The observations will be padded.
Fewer observations (0) made than vector observation size (7). The observations will be padded.
Fewer observations (0) made than vector observation size (7). The observations will be padded.
Fewer observations (0) made than vector observation size (7). The observations will be padded.
Fewer observations (0) made than vector observation size (7). The observations will be padded.
生成了一個物件
Fewer observations (0) made than vector observation size (7). The observations will be padded.
Fewer observations (0) made than vector observation size (7). The observations will be padded.
Fewer observations (0) made than vector observation size (7). The observations will be padded.
Fewer observations (0) made than vector observation size (7). The observations will be padded.
Fewer observations (0) made than vector observation size (7). The observations will be padded.
Fewer observations (0) made than vector observation size (7). The observations will be padded.
生成了一個物件
Fewer observations (0) made than vector observation size (7). The observations will be padded.
Fewer observations (0) made than vector observation size (7). The observations will be padded.
Fewer observations (0) made than vector observation size (7). The observations will be padded.
生成了一個物件
Fewer observations (0) made than vector observation size (7). The observations will be padded.
生成了一個物件
Fewer observations (0) made than vector observation size (7). The observations will be padded.
Fewer observations (0) made than vector observation size (7). The observations will be padded.
Fewer observations (0) made than vector observation size (7). The observations will be padded.
Fewer observations (0) made than vector observation size (7). The observations will be padded.
Fewer observations (0) made than vector observation size (7). The observations will be padded.
Fewer observations (0) made than vector observation size (7). The observations will be padded.
Fewer observations (0) made than vector observation size (7). The observations will be padded.
生成了一個物件
Fewer observations (0) made than vector observation size (7). The observations will be padded.
Fewer observations (0) made than vector observation size (7). The observations will be padded.
Fewer observations (0) made than vector observation size (7). The observations will be padded.
Fewer observations (0) made than vector observation size (7). The observations will be padded.
Fewer observations (0) made than vector observation size (7). The observations will be padded.
Fewer observations (0) made than vector observation size (7). The observations will be padded.
生成了一個物件
Fewer observations (0) made than vector observation size (7). The observations will be padded.
Fewer observations (0) made than vector observation size (7). The observations will be padded.
生成了一個物件
Fewer observations (0) made than vector observation size (7). The observations will be padded.
Fewer observations (0) made than vector observation size (7). The observations will be padded.
生成了一個物件
Fewer observations (0) made than vector observation size (7). The observations will be padded.
Fewer observations (0) made than vector observation size (7). The observations will be padded.
Fewer observations (0) made than vector observation size (7). The observations will be padded.
Fewer observations (0) made than vector observation size (7). The observations will be padded.
Fewer observations (0) made than vector observation size (7). The observations will be padded.
Player died!
Fewer observations (0) made than vector observation size (7). The observations will be padded.
Player died!
Unloading 3 Unused Serialized files (Serialized files now loaded: 0)
UnloadTime: 3.810700 ms
Unloading 1 unused Assets to reduce memory usage. Loaded Objects now: 2872.
Total: 1.060200 ms (FindLiveObjects: 0.099500 ms CreateObjectMapping: 0.121800 ms MarkObjects: 0.830900 ms  DeleteObjects: 0.007800 ms)

Unloading 3 Unused Serialized files (Serialized files now loaded: 0)
Fewer observations (0) made than vector observation size (7). The observations will be padded.
UnloadTime: 0.504000 ms
Unloading 1 unused Assets to reduce memory usage. Loaded Objects now: 2872.
Total: 0.728400 ms (FindLiveObjects: 0.078400 ms CreateObjectMapping: 0.036600 ms MarkObjects: 0.606600 ms  DeleteObjects: 0.006800 ms)

[LoadMap] Using main map source: D:\Unity\ML-agent\Map\Decode.txt
[LoadFinishMap] Using finish map source: D:\Unity\ML-agent\Map\finishmap.txt
[LoadFinishMap] Finish size = 15 x 15, new rightX = 215
[LoadMap] Done. Main size = 200 x 15, rightX = 215
Fewer observations (0) made than vector observation size (7). The observations will be padded.
Fewer observations (0) made than vector observation size (7). The observations will be padded.
Fewer observations (0) made than vector observation size (7). The observations will be padded.
FrontWall hit: ground 1(Clone) normalX=1
FrontWall hit: ground 1(Clone) normalX=1
FrontWall hit: ground 1(Clone) normalX=1
Fewer observations (0) made than vector observation size (7). The observations will be padded.
Fewer observations (0) made than vector observation size (7). The observations will be padded.
Fewer observations (0) made than vector observation size (7). The observations will be padded.
Fewer observations (0) made than vector observation size (7). The observations will be padded.
Fewer observations (0) made than vector observation size (7). The observations will be padded.
Fewer observations (0) made than vector observation size (7). The observations will be padded.
Fewer observations (0) made than vector observation size (7). The observations will be padded.
Fewer observations (0) made than vector observation size (7). The observations will be padded.
Fewer observations (0) made than vector observation size (7). The observations will be padded.
Fewer observations (0) made than vector observation size (7). The observations will be padded.
Fewer observations (0) made than vector observation size (7). The observations will be padded.
生成了一個物件
Fewer observations (0) made than vector observation size (7). The observations will be padded.
Fewer observations (0) made than vector observation size (7). The observations will be padded.
生成了一個物件
Fewer observations (0) made than vector observation size (7). The observations will be padded.
Fewer observations (0) made than vector observation size (7). The observations will be padded.
生成了一個物件
Fewer observations (0) made than vector observation size (7). The observations will be padded.
生成了一個物件
Fewer observations (0) made than vector observation size (7). The observations will be padded.
Fewer observations (0) made than vector observation size (7). The observations will be padded.
Fewer observations (0) made than vector observation size (7). The observations will be padded.
Fewer observations (0) made than vector observation size (7). The observations will be padded.
Fewer observations (0) made than vector observation size (7). The observations will be padded.
Fewer observations (0) made than vector observation size (7). The observations will be padded.
Fewer observations (0) made than vector observation size (7). The observations will be padded.
Fewer observations (0) made than vector observation size (7). The observations will be padded.
Fewer observations (0) made than vector observation size (7). The observations will be padded.
Fewer observations (0) made than vector observation size (7). The observations will be padded.
FrontWall hit: ground 1(Clone) normalX=1
FrontWall hit: ground 1(Clone) normalX=1
FrontWall hit: ground 1(Clone) normalX=1
Fewer observations (0) made than vector observation size (7). The observations will be padded.
Fewer observations (0) made than vector observation size (7). The observations will be padded.
生成了一個物件
Fewer observations (0) made than vector observation size (7). The observations will be padded.
Fewer observations (0) made than vector observation size (7). The observations will be padded.
生成了一個物件
Fewer observations (0) made than vector observation size (7). The observations will be padded.
生成了一個物件
Fewer observations (0) made than vector observation size (7). The observations will be padded.
生成了一個物件
Fewer observations (0) made than vector observation size (7). The observations will be padded.
Fewer observations (0) made than vector observation size (7). The observations will be padded.
Fewer observations (0) made than vector observation size (7). The observations will be padded.
Fewer observations (0) made than vector observation size (7). The observations will be padded.
Fewer observations (0) made than vector observation size (7). The observations will be padded.
Fewer observations (0) made than vector observation size (7). The observations will be padded.
Fewer observations (0) made than vector observation size (7). The observations will be padded.
Fewer observations (0) made than vector observation size (7). The observations will be padded.
Fewer observations (0) made than vector observation size (7). The observations will be padded.
Fewer observations (0) made than vector observation size (7). The observations will be padded.
Fewer observations (0) made than vector observation size (7). The observations will be padded.
Fewer observations (0) made than vector observation size (7). The observations will be padded.
Fewer observations (0) made than vector observation size (7). The observations will be padded.
生成了一個物件
Fewer observations (0) made than vector observation size (7). The observations will be padded.
生成了一個物件
Fewer observations (0) made than vector observation size (7). The observations will be padded.
Fewer observations (0) made than vector observation size (7). The observations will be padded.
生成了一個物件
Fewer observations (0) made than vector observation size (7). The observations will be padded.
生成了一個物件
Player died!
Fewer observations (0) made than vector observation size (7). The observations will be padded.
Player died!
Fewer observations (0) made than vector observation size (7). The observations will be padded.
FrontWall hit: ground 1(Clone) normalX=1
Unloading 3 Unused Serialized files (Serialized files now loaded: 0)
Fewer observations (0) made than vector observation size (7). The observations will be padded.
UnloadTime: 4.850200 ms
Unloading 1 unused Assets to reduce memory usage. Loaded Objects now: 2872.
Total: 1.011000 ms (FindLiveObjects: 0.085600 ms CreateObjectMapping: 0.034600 ms MarkObjects: 0.880000 ms  DeleteObjects: 0.010500 ms)

Unloading 3 Unused Serialized files (Serialized files now loaded: 0)
Fewer observations (0) made than vector observation size (7). The observations will be padded.
UnloadTime: 0.521200 ms
Unloading 1 unused Assets to reduce memory usage. Loaded Objects now: 2872.
Total: 0.765500 ms (FindLiveObjects: 0.082400 ms CreateObjectMapping: 0.033100 ms MarkObjects: 0.643000 ms  DeleteObjects: 0.007000 ms)

[LoadMap] Using main map source: D:\Unity\ML-agent\Map\Decode.txt
[LoadFinishMap] Using finish map source: D:\Unity\ML-agent\Map\finishmap.txt
[LoadFinishMap] Finish size = 15 x 15, new rightX = 215
[LoadMap] Done. Main size = 200 x 15, rightX = 215
Fewer observations (0) made than vector observation size (7). The observations will be padded.
FrontWall hit: ground 1(Clone) normalX=1
FrontWall hit: ground 1(Clone) normalX=1
FrontWall hit: ground 1(Clone) normalX=1
Fewer observations (0) made than vector observation size (7). The observations will be padded.
生成了一個物件
Fewer observations (0) made than vector observation size (7). The observations will be padded.
Fewer observations (0) made than vector observation size (7). The observations will be padded.
Fewer observations (0) made than vector observation size (7). The observations will be padded.
Fewer observations (0) made than vector observation size (7). The observations will be padded.
Fewer observations (0) made than vector observation size (7). The observations will be padded.
生成了一個物件
Fewer observations (0) made than vector observation size (7). The observations will be padded.
Fewer observations (0) made than vector observation size (7). The observations will be padded.
生成了一個物件
Fewer observations (0) made than vector observation size (7). The observations will be padded.
Fewer observations (0) made than vector observation size (7). The observations will be padded.
FrontWall hit: ground 1(Clone) normalX=1
生成了一個物件
FrontWall hit: ground 1(Clone) normalX=1
FrontWall hit: ground 1(Clone) normalX=1
Fewer observations (0) made than vector observation size (7). The observations will be padded.
Fewer observations (0) made than vector observation size (7). The observations will be padded.
Fewer observations (0) made than vector observation size (7). The observations will be padded.
Fewer observations (0) made than vector observation size (7). The observations will be padded.
Fewer observations (0) made than vector observation size (7). The observations will be padded.
Fewer observations (0) made than vector observation size (7). The observations will be padded.
Fewer observations (0) made than vector observation size (7). The observations will be padded.
Fewer observations (0) made than vector observation size (7). The observations will be padded.
生成了一個物件
Fewer observations (0) made than vector observation size (7). The observations will be padded.
Fewer observations (0) made than vector observation size (7). The observations will be padded.
FrontWall hit: ground 1(Clone) normalX=1
FrontWall hit: ground 1(Clone) normalX=1
Fewer observations (0) made than vector observation size (7). The observations will be padded.
Fewer observations (0) made than vector observation size (7). The observations will be padded.
Fewer observations (0) made than vector observation size (7). The observations will be padded.
生成了一個物件
Fewer observations (0) made than vector observation size (7). The observations will be padded.
Fewer observations (0) made than vector observation size (7). The observations will be padded.
生成了一個物件
Fewer observations (0) made than vector observation size (7). The observations will be padded.
生成了一個物件
Fewer observations (0) made than vector observation size (7). The observations will be padded.
Fewer observations (0) made than vector observation size (7). The observations will be padded.
Fewer observations (0) made than vector observation size (7). The observations will be padded.
Fewer observations (0) made than vector observation size (7). The observations will be padded.
Fewer observations (0) made than vector observation size (7). The observations will be padded.
Fewer observations (0) made than vector observation size (7). The observations will be padded.
Fewer observations (0) made than vector observation size (7). The observations will be padded.
Fewer observations (0) made than vector observation size (7). The observations will be padded.
Fewer observations (0) made than vector observation size (7). The observations will be padded.
生成了一個物件
Fewer observations (0) made than vector observation size (7). The observations will be padded.
Fewer observations (0) made than vector observation size (7). The observations will be padded.
Player died!
Fewer observations (0) made than vector observation size (7). The observations will be padded.
Unloading 3 Unused Serialized files (Serialized files now loaded: 0)
UnloadTime: 5.887500 ms
Unloading 1 unused Assets to reduce memory usage. Loaded Objects now: 2872.
Total: 1.118700 ms (FindLiveObjects: 0.086600 ms CreateObjectMapping: 0.037500 ms MarkObjects: 0.986600 ms  DeleteObjects: 0.007700 ms)

[LoadMap] Using main map source: D:\Unity\ML-agent\Map\Decode.txt
[LoadFinishMap] Using finish map source: D:\Unity\ML-agent\Map\finishmap.txt
[LoadFinishMap] Finish size = 15 x 15, new rightX = 215
[LoadMap] Done. Main size = 200 x 15, rightX = 215
Fewer observations (0) made than vector observation size (7). The observations will be padded.
Fewer observations (0) made than vector observation size (7). The observations will be padded.
FrontWall hit: ground 1(Clone) normalX=1
生成了一個物件
FrontWall hit: ground 1(Clone) normalX=1
Fewer observations (0) made than vector observation size (7). The observations will be padded.
Fewer observations (0) made than vector observation size (7). The observations will be padded.
Fewer observations (0) made than vector observation size (7). The observations will be padded.
Fewer observations (0) made than vector observation size (7). The observations will be padded.
Fewer observations (0) made than vector observation size (7). The observations will be padded.
Fewer observations (0) made than vector observation size (7). The observations will be padded.
生成了一個物件
Fewer observations (0) made than vector observation size (7). The observations will be padded.
Fewer observations (0) made than vector observation size (7). The observations will be padded.
生成了一個物件
Fewer observations (0) made than vector observation size (7). The observations will be padded.
Fewer observations (0) made than vector observation size (7). The observations will be padded.
生成了一個物件
Fewer observations (0) made than vector observation size (7). The observations will be padded.
Fewer observations (0) made than vector observation size (7). The observations will be padded.
Fewer observations (0) made than vector observation size (7). The observations will be padded.
Fewer observations (0) made than vector observation size (7). The observations will be padded.
Fewer observations (0) made than vector observation size (7). The observations will be padded.
Fewer observations (0) made than vector observation size (7). The observations will be padded.
Fewer observations (0) made than vector observation size (7). The observations will be padded.
生成了一個物件
Fewer observations (0) made than vector observation size (7). The observations will be padded.
Fewer observations (0) made than vector observation size (7). The observations will be padded.
Fewer observations (0) made than vector observation size (7). The observations will be padded.
Fewer observations (0) made than vector observation size (7). The observations will be padded.
Fewer observations (0) made than vector observation size (7). The observations will be padded.
生成了一個物件
Fewer observations (0) made than vector observation size (7). The observations will be padded.
Fewer observations (0) made than vector observation size (7). The observations will be padded.
Fewer observations (0) made than vector observation size (7). The observations will be padded.
生成了一個物件
Fewer observations (0) made than vector observation size (7). The observations will be padded.
生成了一個物件
Fewer observations (0) made than vector observation size (7). The observations will be padded.
Fewer observations (0) made than vector observation size (7). The observations will be padded.
Fewer observations (0) made than vector observation size (7). The observations will be padded.
Fewer observations (0) made than vector observation size (7). The observations will be padded.
Fewer observations (0) made than vector observation size (7). The observations will be padded.
Fewer observations (0) made than vector observation size (7). The observations will be padded.
Fewer observations (0) made than vector observation size (7). The observations will be padded.
Player died!
Fewer observations (0) made than vector observation size (7). The observations will be padded.
Player died!
Unloading 3 Unused Serialized files (Serialized files now loaded: 0)
UnloadTime: 3.948600 ms
Unloading 1 unused Assets to reduce memory usage. Loaded Objects now: 2872.
Total: 0.792400 ms (FindLiveObjects: 0.093000 ms CreateObjectMapping: 0.041200 ms MarkObjects: 0.645000 ms  DeleteObjects: 0.013000 ms)

Unloading 3 Unused Serialized files (Serialized files now loaded: 0)
Fewer observations (0) made than vector observation size (7). The observations will be padded.
UnloadTime: 0.625500 ms
Unloading 1 unused Assets to reduce memory usage. Loaded Objects now: 2872.
Total: 0.886000 ms (FindLiveObjects: 0.090300 ms CreateObjectMapping: 0.043400 ms MarkObjects: 0.742900 ms  DeleteObjects: 0.009200 ms)

[LoadMap] Using main map source: D:\Unity\ML-agent\Map\Decode.txt
[LoadFinishMap] Using finish map source: D:\Unity\ML-agent\Map\finishmap.txt
[LoadFinishMap] Finish size = 15 x 15, new rightX = 215
[LoadMap] Done. Main size = 200 x 15, rightX = 215
Fewer observations (0) made than vector observation size (7). The observations will be padded.
Fewer observations (0) made than vector observation size (7). The observations will be padded.
Fewer observations (0) made than vector observation size (7). The observations will be padded.
Fewer observations (0) made than vector observation size (7). The observations will be padded.
FrontWall hit: ground 1(Clone) normalX=1
Fewer observations (0) made than vector observation size (7). The observations will be padded.
FrontWall hit: ground 1(Clone) normalX=1
FrontWall hit: ground 1(Clone) normalX=1
FrontWall hit: ground 1(Clone) normalX=1
Fewer observations (0) made than vector observation size (7). The observations will be padded.
Fewer observations (0) made than vector observation size (7). The observations will be padded.
Fewer observations (0) made than vector observation size (7). The observations will be padded.
Fewer observations (0) made than vector observation size (7). The observations will be padded.
Fewer observations (0) made than vector observation size (7). The observations will be padded.
Fewer observations (0) made than vector observation size (7). The observations will be padded.
Fewer observations (0) made than vector observation size (7). The observations will be padded.
Fewer observations (0) made than vector observation size (7). The observations will be padded.
Fewer observations (0) made than vector observation size (7). The observations will be padded.
Fewer observations (0) made than vector observation size (7). The observations will be padded.
生成了一個物件
Fewer observations (0) made than vector observation size (7). The observations will be padded.
Fewer observations (0) made than vector observation size (7). The observations will be padded.
生成了一個物件
Fewer observations (0) made than vector observation size (7). The observations will be padded.
生成了一個物件
Fewer observations (0) made than vector observation size (7). The observations will be padded.
生成了一個物件
Fewer observations (0) made than vector observation size (7). The observations will be padded.
Fewer observations (0) made than vector observation size (7). The observations will be padded.
Fewer observations (0) made than vector observation size (7). The observations will be padded.
Fewer observations (0) made than vector observation size (7). The observations will be padded.
Fewer observations (0) made than vector observation size (7). The observations will be padded.
Fewer observations (0) made than vector observation size (7). The observations will be padded.
Fewer observations (0) made than vector observation size (7). The observations will be padded.
Fewer observations (0) made than vector observation size (7). The observations will be padded.
Fewer observations (0) made than vector observation size (7). The observations will be padded.
Fewer observations (0) made than vector observation size (7). The observations will be padded.
Fewer observations (0) made than vector observation size (7). The observations will be padded.
Fewer observations (0) made than vector observation size (7). The observations will be padded.
Fewer observations (0) made than vector observation size (7). The observations will be padded.
生成了一個物件
Fewer observations (0) made than vector observation size (7). The observations will be padded.
生成了一個物件
Fewer observations (0) made than vector observation size (7). The observations will be padded.
生成了一個物件
Fewer observations (0) made than vector observation size (7). The observations will be padded.
Fewer observations (0) made than vector observation size (7). The observations will be padded.
生成了一個物件
Fewer observations (0) made than vector observation size (7). The observations will be padded.
Fewer observations (0) made than vector observation size (7). The observations will be padded.
Fewer observations (0) made than vector observation size (7). The observations will be padded.
Fewer observations (0) made than vector observation size (7). The observations will be padded.
Fewer observations (0) made than vector observation size (7). The observations will be padded.
Fewer observations (0) made than vector observation size (7). The observations will be padded.
Fewer observations (0) made than vector observation size (7). The observations will be padded.
Fewer observations (0) made than vector observation size (7). The observations will be padded.
Player died!
Fewer observations (0) made than vector observation size (7). The observations will be padded.
Player died!
FrontWall hit: ground 1(Clone) normalX=-1
Unloading 3 Unused Serialized files (Serialized files now loaded: 0)
UnloadTime: 3.857200 ms
Unloading 1 unused Assets to reduce memory usage. Loaded Objects now: 2872.
Total: 0.942000 ms (FindLiveObjects: 0.123600 ms CreateObjectMapping: 0.067100 ms MarkObjects: 0.742000 ms  DeleteObjects: 0.009200 ms)

Unloading 3 Unused Serialized files (Serialized files now loaded: 0)
Fewer observations (0) made than vector observation size (7). The observations will be padded.
UnloadTime: 0.766200 ms
Unloading 1 unused Assets to reduce memory usage. Loaded Objects now: 2872.
Total: 0.854300 ms (FindLiveObjects: 0.081000 ms CreateObjectMapping: 0.037300 ms MarkObjects: 0.728300 ms  DeleteObjects: 0.007600 ms)

[LoadMap] Using main map source: D:\Unity\ML-agent\Map\Decode.txt
[LoadFinishMap] Using finish map source: D:\Unity\ML-agent\Map\finishmap.txt
[LoadFinishMap] Finish size = 15 x 15, new rightX = 215
[LoadMap] Done. Main size = 200 x 15, rightX = 215
Fewer observations (0) made than vector observation size (7). The observations will be padded.
生成了一個物件
Fewer observations (0) made than vector observation size (7). The observations will be padded.
Fewer observations (0) made than vector observation size (7). The observations will be padded.
Fewer observations (0) made than vector observation size (7). The observations will be padded.
Fewer observations (0) made than vector observation size (7). The observations will be padded.
Fewer observations (0) made than vector observation size (7). The observations will be padded.
Fewer observations (0) made than vector observation size (7). The observations will be padded.
Fewer observations (0) made than vector observation size (7). The observations will be padded.
Fewer observations (0) made than vector observation size (7). The observations will be padded.
Fewer observations (0) made than vector observation size (7). The observations will be padded.
Fewer observations (0) made than vector observation size (7). The observations will be padded.
Fewer observations (0) made than vector observation size (7). The observations will be padded.
Fewer observations (0) made than vector observation size (7). The observations will be padded.
Fewer observations (0) made than vector observation size (7). The observations will be padded.
Fewer observations (0) made than vector observation size (7). The observations will be padded.
Fewer observations (0) made than vector observation size (7). The observations will be padded.
Fewer observations (0) made than vector observation size (7). The observations will be padded.
生成了一個物件
Fewer observations (0) made than vector observation size (7). The observations will be padded.
Fewer observations (0) made than vector observation size (7). The observations will be padded.
Fewer observations (0) made than vector observation size (7). The observations will be padded.
Fewer observations (0) made than vector observation size (7). The observations will be padded.
Fewer observations (0) made than vector observation size (7). The observations will be padded.
Fewer observations (0) made than vector observation size (7). The observations will be padded.
Fewer observations (0) made than vector observation size (7). The observations will be padded.
生成了一個物件
Fewer observations (0) made than vector observation size (7). The observations will be padded.
生成了一個物件
生成了一個物件
Fewer observations (0) made than vector observation size (7). The observations will be padded.
Fewer observations (0) made than vector observation size (7). The observations will be padded.
Fewer observations (0) made than vector observation size (7). The observations will be padded.
Fewer observations (0) made than vector observation size (7). The observations will be padded.
Fewer observations (0) made than vector observation size (7). The observations will be padded.
Fewer observations (0) made than vector observation size (7). The observations will be padded.
Fewer observations (0) made than vector observation size (7). The observations will be padded.
Fewer observations (0) made than vector observation size (7). The observations will be padded.
Fewer observations (0) made than vector observation size (7). The observations will be padded.
生成了一個物件
Fewer observations (0) made than vector observation size (7). The observations will be padded.
Player died!
Fewer observations (0) made than vector observation size (7). The observations will be padded.
Player died!
Unloading 3 Unused Serialized files (Serialized files now loaded: 0)
UnloadTime: 3.818000 ms
Unloading 1 unused Assets to reduce memory usage. Loaded Objects now: 2872.
Total: 1.328900 ms (FindLiveObjects: 0.109400 ms CreateObjectMapping: 0.039600 ms MarkObjects: 1.087500 ms  DeleteObjects: 0.092300 ms)

Unloading 3 Unused Serialized files (Serialized files now loaded: 0)
Fewer observations (0) made than vector observation size (7). The observations will be padded.
UnloadTime: 0.681800 ms
Unloading 1 unused Assets to reduce memory usage. Loaded Objects now: 2872.
Total: 0.819600 ms (FindLiveObjects: 0.077900 ms CreateObjectMapping: 0.037300 ms MarkObjects: 0.697300 ms  DeleteObjects: 0.007000 ms)

[LoadMap] Using main map source: D:\Unity\ML-agent\Map\Decode.txt
[LoadFinishMap] Using finish map source: D:\Unity\ML-agent\Map\finishmap.txt
[LoadFinishMap] Finish size = 15 x 15, new rightX = 215
[LoadMap] Done. Main size = 200 x 15, rightX = 215
Fewer observations (0) made than vector observation size (7). The observations will be padded.
Fewer observations (0) made than vector observation size (7). The observations will be padded.
FrontWall hit: ground 1(Clone) normalX=1
Fewer observations (0) made than vector observation size (7). The observations will be padded.
Fewer observations (0) made than vector observation size (7). The observations will be padded.
Fewer observations (0) made than vector observation size (7). The observations will be padded.
Fewer observations (0) made than vector observation size (7). The observations will be padded.
Fewer observations (0) made than vector observation size (7). The observations will be padded.
Fewer observations (0) made than vector observation size (7). The observations will be padded.
Fewer observations (0) made than vector observation size (7). The observations will be padded.
FrontWall hit: ground 1(Clone) normalX=1
Fewer observations (0) made than vector observation size (7). The observations will be padded.
Fewer observations (0) made than vector observation size (7). The observations will be padded.
FrontWall hit: ground 1(Clone) normalX=1
Fewer observations (0) made than vector observation size (7). The observations will be padded.
FrontWall hit: ground 1(Clone) normalX=1
FrontWall hit: ground 1(Clone) normalX=1
FrontWall hit: ground 1(Clone) normalX=1
Fewer observations (0) made than vector observation size (7). The observations will be padded.
Fewer observations (0) made than vector observation size (7). The observations will be padded.
FrontWall hit: ground 1(Clone) normalX=1
FrontWall hit: ground 1(Clone) normalX=1
FrontWall hit: ground 1(Clone) normalX=1
Fewer observations (0) made than vector observation size (7). The observations will be padded.
FrontWall hit: ground 1(Clone) normalX=1
FrontWall hit: ground 1(Clone) normalX=1
FrontWall hit: ground 1(Clone) normalX=1
Fewer observations (0) made than vector observation size (7). The observations will be padded.
Fewer observations (0) made than vector observation size (7). The observations will be padded.
FrontWall hit: ground 1(Clone) normalX=1
FrontWall hit: ground 1(Clone) normalX=1
FrontWall hit: ground 1(Clone) normalX=1
Fewer observations (0) made than vector observation size (7). The observations will be padded.
Fewer observations (0) made than vector observation size (7). The observations will be padded.
Fewer observations (0) made than vector observation size (7). The observations will be padded.
Fewer observations (0) made than vector observation size (7). The observations will be padded.
Fewer observations (0) made than vector observation size (7). The observations will be padded.
Fewer observations (0) made than vector observation size (7). The observations will be padded.
Fewer observations (0) made than vector observation size (7). The observations will be padded.
Fewer observations (0) made than vector observation size (7). The observations will be padded.
FrontWall hit: ground 1(Clone) normalX=1
FrontWall hit: ground 1(Clone) normalX=1
FrontWall hit: ground 1(Clone) normalX=1
Fewer observations (0) made than vector observation size (7). The observations will be padded.
Fewer observations (0) made than vector observation size (7). The observations will be padded.
Fewer observations (0) made than vector observation size (7). The observations will be padded.
FrontWall hit: ground 1(Clone) normalX=1
FrontWall hit: ground 1(Clone) normalX=1
FrontWall hit: ground 1(Clone) normalX=1
Fewer observations (0) made than vector observation size (7). The observations will be padded.
Fewer observations (0) made than vector observation size (7). The observations will be padded.
Fewer observations (0) made than vector observation size (7). The observations will be padded.
Fewer observations (0) made than vector observation size (7). The observations will be padded.
Fewer observations (0) made than vector observation size (7). The observations will be padded.
生成了一個物件
Fewer observations (0) made than vector observation size (7). The observations will be padded.
Fewer observations (0) made than vector observation size (7). The observations will be padded.
生成了一個物件
Fewer observations (0) made than vector observation size (7). The observations will be padded.
生成了一個物件
Fewer observations (0) made than vector observation size (7). The observations will be padded.
Fewer observations (0) made than vector observation size (7). The observations will be padded.
生成了一個物件
Fewer observations (0) made than vector observation size (7). The observations will be padded.
Fewer observations (0) made than vector observation size (7). The observations will be padded.
Fewer observations (0) made than vector observation size (7). The observations will be padded.
Fewer observations (0) made than vector observation size (7). The observations will be padded.
Fewer observations (0) made than vector observation size (7). The observations will be padded.
Fewer observations (0) made than vector observation size (7). The observations will be padded.
Fewer observations (0) made than vector observation size (7). The observations will be padded.
Fewer observations (0) made than vector observation size (7). The observations will be padded.
Fewer observations (0) made than vector observation size (7). The observations will be padded.
Fewer observations (0) made than vector observation size (7). The observations will be padded.
Fewer observations (0) made than vector observation size (7). The observations will be padded.
生成了一個物件
Fewer observations (0) made than vector observation size (7). The observations will be padded.
Fewer observations (0) made than vector observation size (7). The observations will be padded.
生成了一個物件
Fewer observations (0) made than vector observation size (7). The observations will be padded.
Fewer observations (0) made than vector observation size (7). The observations will be padded.
生成了一個物件
Fewer observations (0) made than vector observation size (7). The observations will be padded.
生成了一個物件
Fewer observations (0) made than vector observation size (7). The observations will be padded.
Fewer observations (0) made than vector observation size (7). The observations will be padded.
Fewer observations (0) made than vector observation size (7). The observations will be padded.
Fewer observations (0) made than vector observation size (7). The observations will be padded.
Fewer observations (0) made than vector observation size (7). The observations will be padded.
Fewer observations (0) made than vector observation size (7). The observations will be padded.
Fewer observations (0) made than vector observation size (7). The observations will be padded.
Fewer observations (0) made than vector observation size (7). The observations will be padded.
Fewer observations (0) made than vector observation size (7). The observations will be padded.
Fewer observations (0) made than vector observation size (7). The observations will be padded.
Fewer observations (0) made than vector observation size (7). The observations will be padded.
Fewer observations (0) made than vector observation size (7). The observations will be padded.
生成了一個物件
Fewer observations (0) made than vector observation size (7). The observations will be padded.
Fewer observations (0) made than vector observation size (7). The observations will be padded.
生成了一個物件
Fewer observations (0) made than vector observation size (7). The observations will be padded.
FrontWall hit: ground 1(Clone) normalX=1
FrontWall hit: ground 1(Clone) normalX=1
Fewer observations (0) made than vector observation size (7). The observations will be padded.
生成了一個物件
Fewer observations (0) made than vector observation size (7). The observations will be padded.
生成了一個物件
Fewer observations (0) made than vector observation size (7). The observations will be padded.
Fewer observations (0) made than vector observation size (7). The observations will be padded.
Fewer observations (0) made than vector observation size (7). The observations will be padded.
Player died!
Fewer observations (0) made than vector observation size (7). The observations will be padded.
Player died!
FrontWall hit: ground 1(Clone) normalX=-1
Unloading 3 Unused Serialized files (Serialized files now loaded: 0)
UnloadTime: 5.534400 ms
Unloading 1 unused Assets to reduce memory usage. Loaded Objects now: 2872.
Total: 1.167600 ms (FindLiveObjects: 0.081300 ms CreateObjectMapping: 0.039600 ms MarkObjects: 1.038700 ms  DeleteObjects: 0.008000 ms)

Unloading 3 Unused Serialized files (Serialized files now loaded: 0)
Fewer observations (0) made than vector observation size (7). The observations will be padded.
UnloadTime: 0.504900 ms
Unloading 1 unused Assets to reduce memory usage. Loaded Objects now: 2872.
Total: 0.809000 ms (FindLiveObjects: 0.080200 ms CreateObjectMapping: 0.033400 ms MarkObjects: 0.688200 ms  DeleteObjects: 0.007000 ms)

[LoadMap] Using main map source: D:\Unity\ML-agent\Map\Decode.txt
[LoadFinishMap] Using finish map source: D:\Unity\ML-agent\Map\finishmap.txt
[LoadFinishMap] Finish size = 15 x 15, new rightX = 215
[LoadMap] Done. Main size = 200 x 15, rightX = 215
Fewer observations (0) made than vector observation size (7). The observations will be padded.
Fewer observations (0) made than vector observation size (7). The observations will be padded.
生成了一個物件
Fewer observations (0) made than vector observation size (7). The observations will be padded.
Fewer observations (0) made than vector observation size (7). The observations will be padded.
Fewer observations (0) made than vector observation size (7). The observations will be padded.
Fewer observations (0) made than vector observation size (7). The observations will be padded.
生成了一個物件
Fewer observations (0) made than vector observation size (7). The observations will be padded.
Fewer observations (0) made than vector observation size (7). The observations will be padded.
Fewer observations (0) made than vector observation size (7). The observations will be padded.
生成了一個物件
Fewer observations (0) made than vector observation size (7). The observations will be padded.
生成了一個物件
Fewer observations (0) made than vector observation size (7). The observations will be padded.
Fewer observations (0) made than vector observation size (7). The observations will be padded.
Fewer observations (0) made than vector observation size (7). The observations will be padded.
Fewer observations (0) made than vector observation size (7). The observations will be padded.
Fewer observations (0) made than vector observation size (7). The observations will be padded.
Fewer observations (0) made than vector observation size (7). The observations will be padded.
Fewer observations (0) made than vector observation size (7). The observations will be padded.
Fewer observations (0) made than vector observation size (7). The observations will be padded.
Fewer observations (0) made than vector observation size (7). The observations will be padded.
FrontWall hit: ground 1(Clone) normalX=1
生成了一個物件
FrontWall hit: ground 1(Clone) normalX=1
FrontWall hit: ground 1(Clone) normalX=1
Fewer observations (0) made than vector observation size (7). The observations will be padded.
Fewer observations (0) made than vector observation size (7). The observations will be padded.
Fewer observations (0) made than vector observation size (7). The observations will be padded.
Fewer observations (0) made than vector observation size (7). The observations will be padded.
生成了一個物件
Fewer observations (0) made than vector observation size (7). The observations will be padded.
Fewer observations (0) made than vector observation size (7). The observations will be padded.
生成了一個物件
Fewer observations (0) made than vector observation size (7). The observations will be padded.
Fewer observations (0) made than vector observation size (7). The observations will be padded.
生成了一個物件
Fewer observations (0) made than vector observation size (7). The observations will be padded.
Fewer observations (0) made than vector observation size (7). The observations will be padded.
Fewer observations (0) made than vector observation size (7). The observations will be padded.
Fewer observations (0) made than vector observation size (7). The observations will be padded.
Fewer observations (0) made than vector observation size (7). The observations will be padded.
Fewer observations (0) made than vector observation size (7). The observations will be padded.
Fewer observations (0) made than vector observation size (7). The observations will be padded.
Fewer observations (0) made than vector observation size (7). The observations will be padded.
生成了一個物件
Fewer observations (0) made than vector observation size (7). The observations will be padded.
Fewer observations (0) made than vector observation size (7). The observations will be padded.
Fewer observations (0) made than vector observation size (7). The observations will be padded.
Fewer observations (0) made than vector observation size (7). The observations will be padded.
Fewer observations (0) made than vector observation size (7). The observations will be padded.
生成了一個物件
Fewer observations (0) made than vector observation size (7). The observations will be padded.
Fewer observations (0) made than vector observation size (7). The observations will be padded.
生成了一個物件
Fewer observations (0) made than vector observation size (7). The observations will be padded.
Fewer observations (0) made than vector observation size (7). The observations will be padded.
生成了一個物件
Fewer observations (0) made than vector observation size (7). The observations will be padded.
Fewer observations (0) made than vector observation size (7). The observations will be padded.
Player died!
Fewer observations (0) made than vector observation size (7). The observations will be padded.
Unloading 3 Unused Serialized files (Serialized files now loaded: 0)
UnloadTime: 3.465000 ms
Unloading 1 unused Assets to reduce memory usage. Loaded Objects now: 2872.
Total: 1.471200 ms (FindLiveObjects: 0.104500 ms CreateObjectMapping: 0.040400 ms MarkObjects: 1.313300 ms  DeleteObjects: 0.012600 ms)

[LoadMap] Using main map source: D:\Unity\ML-agent\Map\Decode.txt
[LoadFinishMap] Using finish map source: D:\Unity\ML-agent\Map\finishmap.txt
[LoadFinishMap] Finish size = 15 x 15, new rightX = 215
[LoadMap] Done. Main size = 200 x 15, rightX = 215
Fewer observations (0) made than vector observation size (7). The observations will be padded.
FrontWall hit: ground 1(Clone) normalX=1
FrontWall hit: ground 1(Clone) normalX=1
FrontWall hit: ground 1(Clone) normalX=1
Fewer observations (0) made than vector observation size (7). The observations will be padded.
Fewer observations (0) made than vector observation size (7). The observations will be padded.
Fewer observations (0) made than vector observation size (7). The observations will be padded.
FrontWall hit: ground 1(Clone) normalX=1
FrontWall hit: ground 1(Clone) normalX=1
FrontWall hit: ground 1(Clone) normalX=1
Fewer observations (0) made than vector observation size (7). The observations will be padded.
Fewer observations (0) made than vector observation size (7). The observations will be padded.
Fewer observations (0) made than vector observation size (7). The observations will be padded.
Fewer observations (0) made than vector observation size (7). The observations will be padded.
Fewer observations (0) made than vector observation size (7). The observations will be padded.
FrontWall hit: ground 1(Clone) normalX=1
FrontWall hit: ground 1(Clone) normalX=1
FrontWall hit: ground 1(Clone) normalX=1
Fewer observations (0) made than vector observation size (7). The observations will be padded.
Fewer observations (0) made than vector observation size (7). The observations will be padded.
Fewer observations (0) made than vector observation size (7). The observations will be padded.
Fewer observations (0) made than vector observation size (7). The observations will be padded.
生成了一個物件
Fewer observations (0) made than vector observation size (7). The observations will be padded.
Fewer observations (0) made than vector observation size (7). The observations will be padded.
生成了一個物件
Fewer observations (0) made than vector observation size (7). The observations will be padded.
Fewer observations (0) made than vector observation size (7). The observations will be padded.
Fewer observations (0) made than vector observation size (7). The observations will be padded.
生成了一個物件
Fewer observations (0) made than vector observation size (7). The observations will be padded.
生成了一個物件
Fewer observations (0) made than vector observation size (7). The observations will be padded.
Fewer observations (0) made than vector observation size (7). The observations will be padded.
Fewer observations (0) made than vector observation size (7). The observations will be padded.
Fewer observations (0) made than vector observation size (7). The observations will be padded.
Fewer observations (0) made than vector observation size (7). The observations will be padded.
Fewer observations (0) made than vector observation size (7). The observations will be padded.
Fewer observations (0) made than vector observation size (7). The observations will be padded.
Fewer observations (0) made than vector observation size (7). The observations will be padded.
Fewer observations (0) made than vector observation size (7). The observations will be padded.
Fewer observations (0) made than vector observation size (7). The observations will be padded.
Fewer observations (0) made than vector observation size (7). The observations will be padded.
生成了一個物件
Fewer observations (0) made than vector observation size (7). The observations will be padded.
Fewer observations (0) made than vector observation size (7). The observations will be padded.
生成了一個物件
Fewer observations (0) made than vector observation size (7). The observations will be padded.
Fewer observations (0) made than vector observation size (7). The observations will be padded.
生成了一個物件
Fewer observations (0) made than vector observation size (7). The observations will be padded.
Fewer observations (0) made than vector observation size (7). The observations will be padded.
生成了一個物件
Fewer observations (0) made than vector observation size (7). The observations will be padded.
Fewer observations (0) made than vector observation size (7). The observations will be padded.
Fewer observations (0) made than vector observation size (7). The observations will be padded.
Fewer observations (0) made than vector observation size (7). The observations will be padded.
Fewer observations (0) made than vector observation size (7). The observations will be padded.
Fewer observations (0) made than vector observation size (7). The observations will be padded.
Fewer observations (0) made than vector observation size (7). The observations will be padded.
Fewer observations (0) made than vector observation size (7). The observations will be padded.
Fewer observations (0) made than vector observation size (7). The observations will be padded.
Fewer observations (0) made than vector observation size (7). The observations will be padded.
生成了一個物件
Fewer observations (0) made than vector observation size (7). The observations will be padded.
Fewer observations (0) made than vector observation size (7). The observations will be padded.
Fewer observations (0) made than vector observation size (7). The observations will be padded.
生成了一個物件
Fewer observations (0) made than vector observation size (7). The observations will be padded.
Fewer observations (0) made than vector observation size (7). The observations will be padded.
Player died!
Fewer observations (0) made than vector observation size (7). The observations will be padded.
Player died!
生成了一個物件
Unloading 3 Unused Serialized files (Serialized files now loaded: 0)
UnloadTime: 2.964400 ms
Unloading 1 unused Assets to reduce memory usage. Loaded Objects now: 2872.
Total: 1.357200 ms (FindLiveObjects: 0.082200 ms CreateObjectMapping: 0.038000 ms MarkObjects: 1.188800 ms  DeleteObjects: 0.047900 ms)

Unloading 3 Unused Serialized files (Serialized files now loaded: 0)
Fewer observations (0) made than vector observation size (7). The observations will be padded.
UnloadTime: 0.490000 ms
Unloading 1 unused Assets to reduce memory usage. Loaded Objects now: 2872.
Total: 0.802600 ms (FindLiveObjects: 0.075800 ms CreateObjectMapping: 0.031600 ms MarkObjects: 0.688400 ms  DeleteObjects: 0.006700 ms)

[LoadMap] Using main map source: D:\Unity\ML-agent\Map\Decode.txt
[LoadFinishMap] Using finish map source: D:\Unity\ML-agent\Map\finishmap.txt
[LoadFinishMap] Finish size = 15 x 15, new rightX = 215
[LoadMap] Done. Main size = 200 x 15, rightX = 215
Fewer observations (0) made than vector observation size (7). The observations will be padded.
Fewer observations (0) made than vector observation size (7). The observations will be padded.
生成了一個物件
Fewer observations (0) made than vector observation size (7). The observations will be padded.
Fewer observations (0) made than vector observation size (7). The observations will be padded.
Fewer observations (0) made than vector observation size (7). The observations will be padded.
Fewer observations (0) made than vector observation size (7). The observations will be padded.
生成了一個物件
Fewer observations (0) made than vector observation size (7). The observations will be padded.
Fewer observations (0) made than vector observation size (7). The observations will be padded.
Fewer observations (0) made than vector observation size (7). The observations will be padded.
生成了一個物件
Fewer observations (0) made than vector observation size (7). The observations will be padded.
生成了一個物件
Fewer observations (0) made than vector observation size (7). The observations will be padded.
Fewer observations (0) made than vector observation size (7). The observations will be padded.
Fewer observations (0) made than vector observation size (7). The observations will be padded.
Fewer observations (0) made than vector observation size (7). The observations will be padded.
Fewer observations (0) made than vector observation size (7). The observations will be padded.
Fewer observations (0) made than vector observation size (7). The observations will be padded.
Fewer observations (0) made than vector observation size (7). The observations will be padded.
Fewer observations (0) made than vector observation size (7). The observations will be padded.
Fewer observations (0) made than vector observation size (7). The observations will be padded.
生成了一個物件
Fewer observations (0) made than vector observation size (7). The observations will be padded.
Fewer observations (0) made than vector observation size (7). The observations will be padded.
Fewer observations (0) made than vector observation size (7). The observations will be padded.
Fewer observations (0) made than vector observation size (7). The observations will be padded.
生成了一個物件
Fewer observations (0) made than vector observation size (7). The observations will be padded.
Fewer observations (0) made than vector observation size (7). The observations will be padded.
生成了一個物件
Fewer observations (0) made than vector observation size (7). The observations will be padded.
Fewer observations (0) made than vector observation size (7). The observations will be padded.
生成了一個物件
Fewer observations (0) made than vector observation size (7). The observations will be padded.
Fewer observations (0) made than vector observation size (7). The observations will be padded.
Fewer observations (0) made than vector observation size (7). The observations will be padded.
Fewer observations (0) made than vector observation size (7). The observations will be padded.
Fewer observations (0) made than vector observation size (7). The observations will be padded.
Fewer observations (0) made than vector observation size (7). The observations will be padded.
Fewer observations (0) made than vector observation size (7). The observations will be padded.
Fewer observations (0) made than vector observation size (7). The observations will be padded.
生成了一個物件
Fewer observations (0) made than vector observation size (7). The observations will be padded.
Fewer observations (0) made than vector observation size (7). The observations will be padded.
Fewer observations (0) made than vector observation size (7). The observations will be padded.
Fewer observations (0) made than vector observation size (7). The observations will be padded.
生成了一個物件
Fewer observations (0) made than vector observation size (7). The observations will be padded.
Fewer observations (0) made than vector observation size (7). The observations will be padded.
Fewer observations (0) made than vector observation size (7). The observations will be padded.
生成了一個物件
Fewer observations (0) made than vector observation size (7). The observations will be padded.
Fewer observations (0) made than vector observation size (7). The observations will be padded.
生成了一個物件
Fewer observations (0) made than vector observation size (7). The observations will be padded.
Fewer observations (0) made than vector observation size (7). The observations will be padded.
Fewer observations (0) made than vector observation size (7). The observations will be padded.
Fewer observations (0) made than vector observation size (7). The observations will be padded.
Fewer observations (0) made than vector observation size (7). The observations will be padded.
Fewer observations (0) made than vector observation size (7). The observations will be padded.
Fewer observations (0) made than vector observation size (7). The observations will be padded.
Fewer observations (0) made than vector observation size (7). The observations will be padded.
生成了一個物件
Fewer observations (0) made than vector observation size (7). The observations will be padded.
Player died!
Fewer observations (0) made than vector observation size (7). The observations will be padded.
FrontWall hit: ground 1(Clone) normalX=-1
Unloading 3 Unused Serialized files (Serialized files now loaded: 0)
UnloadTime: 4.810800 ms
Unloading 1 unused Assets to reduce memory usage. Loaded Objects now: 2872.
Total: 1.598000 ms (FindLiveObjects: 0.082100 ms CreateObjectMapping: 0.037600 ms MarkObjects: 1.470000 ms  DeleteObjects: 0.008200 ms)

[LoadMap] Using main map source: D:\Unity\ML-agent\Map\Decode.txt
[LoadFinishMap] Using finish map source: D:\Unity\ML-agent\Map\finishmap.txt
[LoadFinishMap] Finish size = 15 x 15, new rightX = 215
[LoadMap] Done. Main size = 200 x 15, rightX = 215
Fewer observations (0) made than vector observation size (7). The observations will be padded.
Fewer observations (0) made than vector observation size (7). The observations will be padded.
生成了一個物件
Fewer observations (0) made than vector observation size (7). The observations will be padded.
Fewer observations (0) made than vector observation size (7). The observations will be padded.
Fewer observations (0) made than vector observation size (7). The observations will be padded.
Fewer observations (0) made than vector observation size (7). The observations will be padded.
生成了一個物件
Fewer observations (0) made than vector observation size (7). The observations will be padded.
Fewer observations (0) made than vector observation size (7). The observations will be padded.
Fewer observations (0) made than vector observation size (7). The observations will be padded.
生成了一個物件
Fewer observations (0) made than vector observation size (7). The observations will be padded.
生成了一個物件
Fewer observations (0) made than vector observation size (7). The observations will be padded.
FrontWall hit: ground 1(Clone) normalX=1
FrontWall hit: ground 1(Clone) normalX=1
Fewer observations (0) made than vector observation size (7). The observations will be padded.
Fewer observations (0) made than vector observation size (7). The observations will be padded.
Fewer observations (0) made than vector observation size (7). The observations will be padded.
FrontWall hit: ground 1(Clone) normalX=1
FrontWall hit: ground 1(Clone) normalX=1
FrontWall hit: ground 1(Clone) normalX=1
Fewer observations (0) made than vector observation size (7). The observations will be padded.
Fewer observations (0) made than vector observation size (7). The observations will be padded.
Fewer observations (0) made than vector observation size (7). The observations will be padded.
FrontWall hit: ground 1(Clone) normalX=1
FrontWall hit: ground 1(Clone) normalX=1
FrontWall hit: ground 1(Clone) normalX=1
Fewer observations (0) made than vector observation size (7). The observations will be padded.
Fewer observations (0) made than vector observation size (7). The observations will be padded.
生成了一個物件
Fewer observations (0) made than vector observation size (7). The observations will be padded.
Fewer observations (0) made than vector observation size (7). The observations will be padded.
Fewer observations (0) made than vector observation size (7). The observations will be padded.
Fewer observations (0) made than vector observation size (7). The observations will be padded.
FrontWall hit: ground 1(Clone) normalX=1
生成了一個物件
FrontWall hit: ground 1(Clone) normalX=1
Fewer observations (0) made than vector observation size (7). The observations will be padded.
FrontWall hit: ground 1(Clone) normalX=1
FrontWall hit: ground 1(Clone) normalX=1
FrontWall hit: ground 1(Clone) normalX=1
Fewer observations (0) made than vector observation size (7). The observations will be padded.
FrontWall hit: ground 1(Clone) normalX=1
FrontWall hit: ground 1(Clone) normalX=1
FrontWall hit: ground 1(Clone) normalX=1
生成了一個物件
Fewer observations (0) made than vector observation size (7). The observations will be padded.
Fewer observations (0) made than vector observation size (7). The observations will be padded.
生成了一個物件
Fewer observations (0) made than vector observation size (7). The observations will be padded.
Fewer observations (0) made than vector observation size (7). The observations will be padded.
Fewer observations (0) made than vector observation size (7). The observations will be padded.
Fewer observations (0) made than vector observation size (7). The observations will be padded.
FrontWall hit: ground 1(Clone) normalX=1
FrontWall hit: ground 1(Clone) normalX=1
FrontWall hit: ground 1(Clone) normalX=1
Fewer observations (0) made than vector observation size (7). The observations will be padded.
FrontWall hit: ground 1(Clone) normalX=1
FrontWall hit: ground 1(Clone) normalX=1
FrontWall hit: ground 1(Clone) normalX=1
Fewer observations (0) made than vector observation size (7). The observations will be padded.
Fewer observations (0) made than vector observation size (7). The observations will be padded.
Fewer observations (0) made than vector observation size (7). The observations will be padded.
生成了一個物件
Fewer observations (0) made than vector observation size (7). The observations will be padded.
Fewer observations (0) made than vector observation size (7). The observations will be padded.
Fewer observations (0) made than vector observation size (7). The observations will be padded.
Fewer observations (0) made than vector observation size (7). The observations will be padded.
Fewer observations (0) made than vector observation size (7). The observations will be padded.
生成了一個物件
Fewer observations (0) made than vector observation size (7). The observations will be padded.
Fewer observations (0) made than vector observation size (7). The observations will be padded.
生成了一個物件
Fewer observations (0) made than vector observation size (7). The observations will be padded.
Fewer observations (0) made than vector observation size (7). The observations will be padded.
生成了一個物件
Fewer observations (0) made than vector observation size (7). The observations will be padded.
Fewer observations (0) made than vector observation size (7). The observations will be padded.
Fewer observations (0) made than vector observation size (7). The observations will be padded.
FrontWall hit: ground 1(Clone) normalX=1
FrontWall hit: ground 1(Clone) normalX=1
FrontWall hit: ground 1(Clone) normalX=1
Fewer observations (0) made than vector observation size (7). The observations will be padded.
Fewer observations (0) made than vector observation size (7). The observations will be padded.
FrontWall hit: ground 1(Clone) normalX=1
FrontWall hit: ground 1(Clone) normalX=1
FrontWall hit: ground 1(Clone) normalX=1
Fewer observations (0) made than vector observation size (7). The observations will be padded.
Fewer observations (0) made than vector observation size (7). The observations will be padded.
Fewer observations (0) made than vector observation size (7). The observations will be padded.
生成了一個物件
Fewer observations (0) made than vector observation size (7). The observations will be padded.
Fewer observations (0) made than vector observation size (7). The observations will be padded.
Fewer observations (0) made than vector observation size (7). The observations will be padded.
Fewer observations (0) made than vector observation size (7). The observations will be padded.
生成了一個物件
Fewer observations (0) made than vector observation size (7). The observations will be padded.
Fewer observations (0) made than vector observation size (7). The observations will be padded.
Fewer observations (0) made than vector observation size (7). The observations will be padded.
生成了一個物件
Fewer observations (0) made than vector observation size (7). The observations will be padded.
生成了一個物件
Fewer observations (0) made than vector observation size (7). The observations will be padded.
Player died!
Fewer observations (0) made than vector observation size (7). The observations will be padded.
Player died!
Unloading 3 Unused Serialized files (Serialized files now loaded: 0)
UnloadTime: 5.126900 ms
Unloading 1 unused Assets to reduce memory usage. Loaded Objects now: 2872.
Total: 1.663200 ms (FindLiveObjects: 0.125000 ms CreateObjectMapping: 0.060000 ms MarkObjects: 1.466100 ms  DeleteObjects: 0.011900 ms)

Unloading 3 Unused Serialized files (Serialized files now loaded: 0)
Fewer observations (0) made than vector observation size (7). The observations will be padded.
UnloadTime: 0.490000 ms
Unloading 1 unused Assets to reduce memory usage. Loaded Objects now: 2872.
Total: 0.790400 ms (FindLiveObjects: 0.076300 ms CreateObjectMapping: 0.035800 ms MarkObjects: 0.671000 ms  DeleteObjects: 0.007000 ms)

[LoadMap] Using main map source: D:\Unity\ML-agent\Map\Decode.txt
[LoadFinishMap] Using finish map source: D:\Unity\ML-agent\Map\finishmap.txt
[LoadFinishMap] Finish size = 15 x 15, new rightX = 215
[LoadMap] Done. Main size = 200 x 15, rightX = 215
Fewer observations (0) made than vector observation size (7). The observations will be padded.
Fewer observations (0) made than vector observation size (7). The observations will be padded.
生成了一個物件
Fewer observations (0) made than vector observation size (7). The observations will be padded.
Fewer observations (0) made than vector observation size (7). The observations will be padded.
Fewer observations (0) made than vector observation size (7). The observations will be padded.
Fewer observations (0) made than vector observation size (7). The observations will be padded.
Fewer observations (0) made than vector observation size (7). The observations will be padded.
生成了一個物件
Fewer observations (0) made than vector observation size (7). The observations will be padded.
Fewer observations (0) made than vector observation size (7). The observations will be padded.
生成了一個物件
Fewer observations (0) made than vector observation size (7). The observations will be padded.
生成了一個物件
Fewer observations (0) made than vector observation size (7). The observations will be padded.
Fewer observations (0) made than vector observation size (7). The observations will be padded.
Fewer observations (0) made than vector observation size (7). The observations will be padded.
Fewer observations (0) made than vector observation size (7). The observations will be padded.
FrontWall hit: ground 1(Clone) normalX=1
FrontWall hit: ground 1(Clone) normalX=1
FrontWall hit: ground 1(Clone) normalX=1
Fewer observations (0) made than vector observation size (7). The observations will be padded.
Fewer observations (0) made than vector observation size (7). The observations will be padded.
Fewer observations (0) made than vector observation size (7). The observations will be padded.
FrontWall hit: ground 1(Clone) normalX=1
FrontWall hit: ground 1(Clone) normalX=1
FrontWall hit: ground 1(Clone) normalX=1
Fewer observations (0) made than vector observation size (7). The observations will be padded.
Fewer observations (0) made than vector observation size (7). The observations will be padded.
FrontWall hit: ground 1(Clone) normalX=1
生成了一個物件
FrontWall hit: ground 1(Clone) normalX=1
FrontWall hit: ground 1(Clone) normalX=1
Fewer observations (0) made than vector observation size (7). The observations will be padded.
FrontWall hit: ground 1(Clone) normalX=1
FrontWall hit: ground 1(Clone) normalX=1
FrontWall hit: ground 1(Clone) normalX=1
Fewer observations (0) made than vector observation size (7). The observations will be padded.
Fewer observations (0) made than vector observation size (7). The observations will be padded.
FrontWall hit: ground 1(Clone) normalX=1
FrontWall hit: ground 1(Clone) normalX=1
FrontWall hit: ground 1(Clone) normalX=1
Fewer observations (0) made than vector observation size (7). The observations will be padded.
生成了一個物件
Fewer observations (0) made than vector observation size (7). The observations will be padded.
Fewer observations (0) made than vector observation size (7). The observations will be padded.
生成了一個物件
Fewer observations (0) made than vector observation size (7). The observations will be padded.
Fewer observations (0) made than vector observation size (7). The observations will be padded.
生成了一個物件
Fewer observations (0) made than vector observation size (7). The observations will be padded.
Fewer observations (0) made than vector observation size (7). The observations will be padded.
Fewer observations (0) made than vector observation size (7). The observations will be padded.
Fewer observations (0) made than vector observation size (7). The observations will be padded.
Fewer observations (0) made than vector observation size (7). The observations will be padded.
Fewer observations (0) made than vector observation size (7). The observations will be padded.
Fewer observations (0) made than vector observation size (7). The observations will be padded.
Fewer observations (0) made than vector observation size (7). The observations will be padded.
生成了一個物件
Fewer observations (0) made than vector observation size (7). The observations will be padded.
Fewer observations (0) made than vector observation size (7). The observations will be padded.
Fewer observations (0) made than vector observation size (7). The observations will be padded.
Fewer observations (0) made than vector observation size (7). The observations will be padded.
Player died!
Fewer observations (0) made than vector observation size (7). The observations will be padded.
FrontWall hit: ground 1(Clone) normalX=-1
Unloading 3 Unused Serialized files (Serialized files now loaded: 0)
UnloadTime: 3.051400 ms
Unloading 1 unused Assets to reduce memory usage. Loaded Objects now: 2872.
Total: 1.630300 ms (FindLiveObjects: 0.088700 ms CreateObjectMapping: 0.034900 ms MarkObjects: 1.497300 ms  DeleteObjects: 0.009100 ms)

[LoadMap] Using main map source: D:\Unity\ML-agent\Map\Decode.txt
[LoadFinishMap] Using finish map source: D:\Unity\ML-agent\Map\finishmap.txt
[LoadFinishMap] Finish size = 15 x 15, new rightX = 215
[LoadMap] Done. Main size = 200 x 15, rightX = 215
Fewer observations (0) made than vector observation size (7). The observations will be padded.
Fewer observations (0) made than vector observation size (7). The observations will be padded.
生成了一個物件
Fewer observations (0) made than vector observation size (7). The observations will be padded.
Fewer observations (0) made than vector observation size (7). The observations will be padded.
Fewer observations (0) made than vector observation size (7). The observations will be padded.
Fewer observations (0) made than vector observation size (7). The observations will be padded.
生成了一個物件
Fewer observations (0) made than vector observation size (7). The observations will be padded.
Fewer observations (0) made than vector observation size (7). The observations will be padded.
FrontWall hit: ground 1(Clone) normalX=1
FrontWall hit: ground 1(Clone) normalX=1
FrontWall hit: ground 1(Clone) normalX=1
Fewer observations (0) made than vector observation size (7). The observations will be padded.
生成了一個物件
Fewer observations (0) made than vector observation size (7). The observations will be padded.
Fewer observations (0) made than vector observation size (7). The observations will be padded.
FrontWall hit: ground 1(Clone) normalX=1
FrontWall hit: ground 1(Clone) normalX=1
FrontWall hit: ground 1(Clone) normalX=1
生成了一個物件
Fewer observations (0) made than vector observation size (7). The observations will be padded.
Fewer observations (0) made than vector observation size (7). The observations will be padded.
Fewer observations (0) made than vector observation size (7). The observations will be padded.
Fewer observations (0) made than vector observation size (7). The observations will be padded.
Fewer observations (0) made than vector observation size (7). The observations will be padded.
Fewer observations (0) made than vector observation size (7). The observations will be padded.
Fewer observations (0) made than vector observation size (7). The observations will be padded.
Fewer observations (0) made than vector observation size (7). The observations will be padded.
生成了一個物件
Fewer observations (0) made than vector observation size (7). The observations will be padded.
Fewer observations (0) made than vector observation size (7). The observations will be padded.
Fewer observations (0) made than vector observation size (7). The observations will be padded.
Fewer observations (0) made than vector observation size (7). The observations will be padded.
生成了一個物件
Fewer observations (0) made than vector observation size (7). The observations will be padded.
Fewer observations (0) made than vector observation size (7). The observations will be padded.
生成了一個物件
Fewer observations (0) made than vector observation size (7). The observations will be padded.
Fewer observations (0) made than vector observation size (7). The observations will be padded.
Fewer observations (0) made than vector observation size (7). The observations will be padded.
生成了一個物件
Fewer observations (0) made than vector observation size (7). The observations will be padded.
Fewer observations (0) made than vector observation size (7). The observations will be padded.
Fewer observations (0) made than vector observation size (7). The observations will be padded.
Fewer observations (0) made than vector observation size (7). The observations will be padded.
Fewer observations (0) made than vector observation size (7). The observations will be padded.
Fewer observations (0) made than vector observation size (7). The observations will be padded.
Fewer observations (0) made than vector observation size (7). The observations will be padded.
生成了一個物件
Fewer observations (0) made than vector observation size (7). The observations will be padded.
Fewer observations (0) made than vector observation size (7). The observations will be padded.
Fewer observations (0) made than vector observation size (7). The observations will be padded.
Fewer observations (0) made than vector observation size (7). The observations will be padded.
Fewer observations (0) made than vector observation size (7). The observations will be padded.
生成了一個物件
Fewer observations (0) made than vector observation size (7). The observations will be padded.
Fewer observations (0) made than vector observation size (7). The observations will be padded.
生成了一個物件
Fewer observations (0) made than vector observation size (7). The observations will be padded.
Fewer observations (0) made than vector observation size (7). The observations will be padded.
Fewer observations (0) made than vector observation size (7). The observations will be padded.
生成了一個物件
Fewer observations (0) made than vector observation size (7). The observations will be padded.
Fewer observations (0) made than vector observation size (7). The observations will be padded.
Fewer observations (0) made than vector observation size (7). The observations will be padded.
Fewer observations (0) made than vector observation size (7). The observations will be padded.
Fewer observations (0) made than vector observation size (7). The observations will be padded.
Fewer observations (0) made than vector observation size (7). The observations will be padded.
Fewer observations (0) made than vector observation size (7). The observations will be padded.
生成了一個物件
Fewer observations (0) made than vector observation size (7). The observations will be padded.
Fewer observations (0) made than vector observation size (7). The observations will be padded.
Fewer observations (0) made than vector observation size (7). The observations will be padded.
Fewer observations (0) made than vector observation size (7). The observations will be padded.
生成了一個物件
Fewer observations (0) made than vector observation size (7). The observations will be padded.
Fewer observations (0) made than vector observation size (7). The observations will be padded.
Fewer observations (0) made than vector observation size (7). The observations will be padded.
生成了一個物件
Fewer observations (0) made than vector observation size (7). The observations will be padded.
Fewer observations (0) made than vector observation size (7). The observations will be padded.
生成了一個物件
Fewer observations (0) made than vector observation size (7). The observations will be padded.
Fewer observations (0) made than vector observation size (7). The observations will be padded.
Fewer observations (0) made than vector observation size (7). The observations will be padded.
Fewer observations (0) made than vector observation size (7). The observations will be padded.
Fewer observations (0) made than vector observation size (7). The observations will be padded.
Fewer observations (0) made than vector observation size (7). The observations will be padded.
Fewer observations (0) made than vector observation size (7). The observations will be padded.
Player died!
Fewer observations (0) made than vector observation size (7). The observations will be padded.
Unloading 3 Unused Serialized files (Serialized files now loaded: 0)
UnloadTime: 4.916600 ms
Unloading 1 unused Assets to reduce memory usage. Loaded Objects now: 2872.
Total: 1.368900 ms (FindLiveObjects: 0.084400 ms CreateObjectMapping: 0.036700 ms MarkObjects: 1.240000 ms  DeleteObjects: 0.007700 ms)

[LoadMap] Using main map source: D:\Unity\ML-agent\Map\Decode.txt
[LoadFinishMap] Using finish map source: D:\Unity\ML-agent\Map\finishmap.txt
[LoadFinishMap] Finish size = 15 x 15, new rightX = 215
[LoadMap] Done. Main size = 200 x 15, rightX = 215
Fewer observations (0) made than vector observation size (7). The observations will be padded.
Fewer observations (0) made than vector observation size (7). The observations will be padded.
生成了一個物件
FrontWall hit: ground 1(Clone) normalX=1
Fewer observations (0) made than vector observation size (7). The observations will be padded.
FrontWall hit: ground 1(Clone) normalX=1
FrontWall hit: ground 1(Clone) normalX=1
FrontWall hit: ground 1(Clone) normalX=1
Fewer observations (0) made than vector observation size (7). The observations will be padded.
Fewer observations (0) made than vector observation size (7). The observations will be padded.
FrontWall hit: ground 1(Clone) normalX=1
FrontWall hit: ground 1(Clone) normalX=1
FrontWall hit: ground 1(Clone) normalX=1
Fewer observations (0) made than vector observation size (7). The observations will be padded.
FrontWall hit: ground 1(Clone) normalX=1
FrontWall hit: ground 1(Clone) normalX=1
FrontWall hit: ground 1(Clone) normalX=1
Fewer observations (0) made than vector observation size (7). The observations will be padded.
Fewer observations (0) made than vector observation size (7). The observations will be padded.
Fewer observations (0) made than vector observation size (7). The observations will be padded.
Fewer observations (0) made than vector observation size (7). The observations will be padded.
Fewer observations (0) made than vector observation size (7). The observations will be padded.
Fewer observations (0) made than vector observation size (7). The observations will be padded.
生成了一個物件
Fewer observations (0) made than vector observation size (7). The observations will be padded.
Fewer observations (0) made than vector observation size (7). The observations will be padded.
生成了一個物件
Fewer observations (0) made than vector observation size (7). The observations will be padded.
Fewer observations (0) made than vector observation size (7). The observations will be padded.
生成了一個物件
Fewer observations (0) made than vector observation size (7). The observations will be padded.
Fewer observations (0) made than vector observation size (7). The observations will be padded.
生成了一個物件
Fewer observations (0) made than vector observation size (7). The observations will be padded.
Fewer observations (0) made than vector observation size (7). The observations will be padded.
Fewer observations (0) made than vector observation size (7). The observations will be padded.
Fewer observations (0) made than vector observation size (7). The observations will be padded.
Fewer observations (0) made than vector observation size (7). The observations will be padded.
Fewer observations (0) made than vector observation size (7). The observations will be padded.
Fewer observations (0) made than vector observation size (7). The observations will be padded.
Fewer observations (0) made than vector observation size (7). The observations will be padded.
Fewer observations (0) made than vector observation size (7). The observations will be padded.
Fewer observations (0) made than vector observation size (7). The observations will be padded.
生成了一個物件
Fewer observations (0) made than vector observation size (7). The observations will be padded.
Fewer observations (0) made than vector observation size (7). The observations will be padded.
Fewer observations (0) made than vector observation size (7). The observations will be padded.
生成了一個物件
Fewer observations (0) made than vector observation size (7). The observations will be padded.
生成了一個物件
Fewer observations (0) made than vector observation size (7). The observations will be padded.
Fewer observations (0) made than vector observation size (7). The observations will be padded.
FrontWall hit: ground 1(Clone) normalX=1
FrontWall hit: ground 1(Clone) normalX=1
Fewer observations (0) made than vector observation size (7). The observations will be padded.
生成了一個物件
Fewer observations (0) made than vector observation size (7). The observations will be padded.
Fewer observations (0) made than vector observation size (7). The observations will be padded.
Fewer observations (0) made than vector observation size (7). The observations will be padded.
Fewer observations (0) made than vector observation size (7). The observations will be padded.
Fewer observations (0) made than vector observation size (7). The observations will be padded.
Player died!
Fewer observations (0) made than vector observation size (7). The observations will be padded.
Player died!
Unloading 3 Unused Serialized files (Serialized files now loaded: 0)
UnloadTime: 5.523400 ms
Unloading 1 unused Assets to reduce memory usage. Loaded Objects now: 2872.
Total: 0.928200 ms (FindLiveObjects: 0.084300 ms CreateObjectMapping: 0.036900 ms MarkObjects: 0.787700 ms  DeleteObjects: 0.019200 ms)

Unloading 3 Unused Serialized files (Serialized files now loaded: 0)
Fewer observations (0) made than vector observation size (7). The observations will be padded.
UnloadTime: 0.551400 ms
Unloading 1 unused Assets to reduce memory usage. Loaded Objects now: 2872.
Total: 1.033900 ms (FindLiveObjects: 0.100300 ms CreateObjectMapping: 0.040800 ms MarkObjects: 0.882800 ms  DeleteObjects: 0.009700 ms)

[LoadMap] Using main map source: D:\Unity\ML-agent\Map\Decode.txt
[LoadFinishMap] Using finish map source: D:\Unity\ML-agent\Map\finishmap.txt
[LoadFinishMap] Finish size = 15 x 15, new rightX = 215
[LoadMap] Done. Main size = 200 x 15, rightX = 215
生成了一個物件
Fewer observations (0) made than vector observation size (7). The observations will be padded.
Fewer observations (0) made than vector observation size (7). The observations will be padded.
Fewer observations (0) made than vector observation size (7). The observations will be padded.
Fewer observations (0) made than vector observation size (7). The observations will be padded.
Fewer observations (0) made than vector observation size (7). The observations will be padded.
FrontWall hit: ground 1(Clone) normalX=1
FrontWall hit: ground 1(Clone) normalX=1
FrontWall hit: ground 1(Clone) normalX=1
Fewer observations (0) made than vector observation size (7). The observations will be padded.
Fewer observations (0) made than vector observation size (7). The observations will be padded.
生成了一個物件
Fewer observations (0) made than vector observation size (7). The observations will be padded.
Fewer observations (0) made than vector observation size (7). The observations will be padded.
FrontWall hit: ground 1(Clone) normalX=1
FrontWall hit: ground 1(Clone) normalX=1
FrontWall hit: ground 1(Clone) normalX=1
Fewer observations (0) made than vector observation size (7). The observations will be padded.
Fewer observations (0) made than vector observation size (7). The observations will be padded.
生成了一個物件
Fewer observations (0) made than vector observation size (7). The observations will be padded.
Fewer observations (0) made than vector observation size (7). The observations will be padded.
Fewer observations (0) made than vector observation size (7). The observations will be padded.
FrontWall hit: ground 1(Clone) normalX=1
FrontWall hit: ground 1(Clone) normalX=1
FrontWall hit: ground 1(Clone) normalX=1
Fewer observations (0) made than vector observation size (7). The observations will be padded.
生成了一個物件
Fewer observations (0) made than vector observation size (7). The observations will be padded.
Fewer observations (0) made than vector observation size (7). The observations will be padded.
生成了一個物件
Fewer observations (0) made than vector observation size (7). The observations will be padded.
Fewer observations (0) made than vector observation size (7). The observations will be padded.
Fewer observations (0) made than vector observation size (7). The observations will be padded.
Fewer observations (0) made than vector observation size (7). The observations will be padded.
Fewer observations (0) made than vector observation size (7). The observations will be padded.
Fewer observations (0) made than vector observation size (7). The observations will be padded.
生成了一個物件
Fewer observations (0) made than vector observation size (7). The observations will be padded.
Fewer observations (0) made than vector observation size (7). The observations will be padded.
Fewer observations (0) made than vector observation size (7). The observations will be padded.
Fewer observations (0) made than vector observation size (7). The observations will be padded.
Fewer observations (0) made than vector observation size (7). The observations will be padded.
生成了一個物件
Fewer observations (0) made than vector observation size (7). The observations will be padded.
Fewer observations (0) made than vector observation size (7). The observations will be padded.
Fewer observations (0) made than vector observation size (7). The observations will be padded.
Fewer observations (0) made than vector observation size (7). The observations will be padded.
生成了一個物件
Fewer observations (0) made than vector observation size (7). The observations will be padded.
Fewer observations (0) made than vector observation size (7). The observations will be padded.
生成了一個物件
Fewer observations (0) made than vector observation size (7). The observations will be padded.
Fewer observations (0) made than vector observation size (7). The observations will be padded.
Fewer observations (0) made than vector observation size (7). The observations will be padded.
Fewer observations (0) made than vector observation size (7). The observations will be padded.
Fewer observations (0) made than vector observation size (7). The observations will be padded.
Fewer observations (0) made than vector observation size (7). The observations will be padded.
FrontWall hit: ground 1(Clone) normalX=1
生成了一個物件
FrontWall hit: ground 1(Clone) normalX=1
Fewer observations (0) made than vector observation size (7). The observations will be padded.
Fewer observations (0) made than vector observation size (7). The observations will be padded.
Fewer observations (0) made than vector observation size (7). The observations will be padded.
Fewer observations (0) made than vector observation size (7). The observations will be padded.
FrontWall hit: ground 1(Clone) normalX=1
FrontWall hit: ground 1(Clone) normalX=1
FrontWall hit: ground 1(Clone) normalX=1
Fewer observations (0) made than vector observation size (7). The observations will be padded.
FrontWall hit: ground 1(Clone) normalX=1
生成了一個物件
FrontWall hit: ground 1(Clone) normalX=1
FrontWall hit: ground 1(Clone) normalX=1
Fewer observations (0) made than vector observation size (7). The observations will be padded.
Fewer observations (0) made than vector observation size (7). The observations will be padded.
FrontWall hit: ground 1(Clone) normalX=1
FrontWall hit: ground 1(Clone) normalX=1
FrontWall hit: ground 1(Clone) normalX=1
Fewer observations (0) made than vector observation size (7). The observations will be padded.
FrontWall hit: ground 1(Clone) normalX=1
FrontWall hit: ground 1(Clone) normalX=1
FrontWall hit: ground 1(Clone) normalX=1
生成了一個物件
Fewer observations (0) made than vector observation size (7). The observations will be padded.
Fewer observations (0) made than vector observation size (7). The observations will be padded.
生成了一個物件
Fewer observations (0) made than vector observation size (7). The observations will be padded.
Fewer observations (0) made than vector observation size (7). The observations will be padded.
Fewer observations (0) made than vector observation size (7). The observations will be padded.
Player died!
Fewer observations (0) made than vector observation size (7). The observations will be padded.
Unloading 3 Unused Serialized files (Serialized files now loaded: 0)
UnloadTime: 4.717200 ms
Unloading 1 unused Assets to reduce memory usage. Loaded Objects now: 2872.
Total: 1.262200 ms (FindLiveObjects: 0.114700 ms CreateObjectMapping: 0.060700 ms MarkObjects: 1.075500 ms  DeleteObjects: 0.011000 ms)

[LoadMap] Using main map source: D:\Unity\ML-agent\Map\Decode.txt
[LoadFinishMap] Using finish map source: D:\Unity\ML-agent\Map\finishmap.txt
[LoadFinishMap] Finish size = 15 x 15, new rightX = 215
[LoadMap] Done. Main size = 200 x 15, rightX = 215
Fewer observations (0) made than vector observation size (7). The observations will be padded.
Fewer observations (0) made than vector observation size (7). The observations will be padded.
生成了一個物件
Fewer observations (0) made than vector observation size (7). The observations will be padded.
Fewer observations (0) made than vector observation size (7). The observations will be padded.
Fewer observations (0) made than vector observation size (7). The observations will be padded.
Fewer observations (0) made than vector observation size (7). The observations will be padded.
FrontWall hit: ground 1(Clone) normalX=1
FrontWall hit: ground 1(Clone) normalX=1
FrontWall hit: ground 1(Clone) normalX=1
Fewer observations (0) made than vector observation size (7). The observations will be padded.
FrontWall hit: ground 1(Clone) normalX=1
生成了一個物件
FrontWall hit: ground 1(Clone) normalX=1
FrontWall hit: ground 1(Clone) normalX=1
Fewer observations (0) made than vector observation size (7). The observations will be padded.
Fewer observations (0) made than vector observation size (7). The observations will be padded.
Fewer observations (0) made than vector observation size (7). The observations will be padded.
Fewer observations (0) made than vector observation size (7). The observations will be padded.
Fewer observations (0) made than vector observation size (7). The observations will be padded.
Fewer observations (0) made than vector observation size (7). The observations will be padded.
生成了一個物件
Fewer observations (0) made than vector observation size (7). The observations will be padded.
Fewer observations (0) made than vector observation size (7). The observations will be padded.
生成了一個物件
Fewer observations (0) made than vector observation size (7). The observations will be padded.
Fewer observations (0) made than vector observation size (7). The observations will be padded.
Fewer observations (0) made than vector observation size (7). The observations will be padded.
Fewer observations (0) made than vector observation size (7). The observations will be padded.
生成了一個物件
Fewer observations (0) made than vector observation size (7). The observations will be padded.
Fewer observations (0) made than vector observation size (7). The observations will be padded.
Fewer observations (0) made than vector observation size (7). The observations will be padded.
Fewer observations (0) made than vector observation size (7). The observations will be padded.
生成了一個物件
Fewer observations (0) made than vector observation size (7). The observations will be padded.
Fewer observations (0) made than vector observation size (7). The observations will be padded.
Fewer observations (0) made than vector observation size (7). The observations will be padded.
Fewer observations (0) made than vector observation size (7). The observations will be padded.
Fewer observations (0) made than vector observation size (7). The observations will be padded.
Fewer observations (0) made than vector observation size (7). The observations will be padded.
生成了一個物件
Fewer observations (0) made than vector observation size (7). The observations will be padded.
Fewer observations (0) made than vector observation size (7). The observations will be padded.
Player died!
Fewer observations (0) made than vector observation size (7). The observations will be padded.
Player died!
Fewer observations (0) made than vector observation size (7). The observations will be padded.
生成了一個物件
Unloading 3 Unused Serialized files (Serialized files now loaded: 0)
Fewer observations (0) made than vector observation size (7). The observations will be padded.
UnloadTime: 4.451900 ms
Unloading 1 unused Assets to reduce memory usage. Loaded Objects now: 2872.
Total: 1.626700 ms (FindLiveObjects: 0.085800 ms CreateObjectMapping: 0.038500 ms MarkObjects: 1.492800 ms  DeleteObjects: 0.009500 ms)

Unloading 3 Unused Serialized files (Serialized files now loaded: 0)
Fewer observations (0) made than vector observation size (7). The observations will be padded.
UnloadTime: 0.483800 ms
Unloading 1 unused Assets to reduce memory usage. Loaded Objects now: 2872.
Total: 0.898300 ms (FindLiveObjects: 0.077300 ms CreateObjectMapping: 0.039600 ms MarkObjects: 0.770300 ms  DeleteObjects: 0.011000 ms)

[LoadMap] Using main map source: D:\Unity\ML-agent\Map\Decode.txt
[LoadFinishMap] Using finish map source: D:\Unity\ML-agent\Map\finishmap.txt
[LoadFinishMap] Finish size = 15 x 15, new rightX = 215
[LoadMap] Done. Main size = 200 x 15, rightX = 215
Fewer observations (0) made than vector observation size (7). The observations will be padded.
FrontWall hit: ground 1(Clone) normalX=1
FrontWall hit: ground 1(Clone) normalX=1
FrontWall hit: ground 1(Clone) normalX=1
Fewer observations (0) made than vector observation size (7). The observations will be padded.
Fewer observations (0) made than vector observation size (7). The observations will be padded.
生成了一個物件
Fewer observations (0) made than vector observation size (7). The observations will be padded.
Fewer observations (0) made than vector observation size (7). The observations will be padded.
Fewer observations (0) made than vector observation size (7). The observations will be padded.
Fewer observations (0) made than vector observation size (7). The observations will be padded.
生成了一個物件
Fewer observations (0) made than vector observation size (7). The observations will be padded.
Fewer observations (0) made than vector observation size (7). The observations will be padded.
生成了一個物件
Fewer observations (0) made than vector observation size (7). The observations will be padded.
Fewer observations (0) made than vector observation size (7). The observations will be padded.
生成了一個物件
Fewer observations (0) made than vector observation size (7). The observations will be padded.
Fewer observations (0) made than vector observation size (7). The observations will be padded.
Fewer observations (0) made than vector observation size (7). The observations will be padded.
Fewer observations (0) made than vector observation size (7). The observations will be padded.
Fewer observations (0) made than vector observation size (7). The observations will be padded.
Fewer observations (0) made than vector observation size (7). The observations will be padded.
Fewer observations (0) made than vector observation size (7). The observations will be padded.
Fewer observations (0) made than vector observation size (7). The observations will be padded.
生成了一個物件
Fewer observations (0) made than vector observation size (7). The observations will be padded.
Fewer observations (0) made than vector observation size (7). The observations will be padded.
Fewer observations (0) made than vector observation size (7). The observations will be padded.
Fewer observations (0) made than vector observation size (7). The observations will be padded.
生成了一個物件
Fewer observations (0) made than vector observation size (7). The observations will be padded.
Fewer observations (0) made than vector observation size (7). The observations will be padded.
Fewer observations (0) made than vector observation size (7). The observations will be padded.
生成了一個物件
Fewer observations (0) made than vector observation size (7). The observations will be padded.
Fewer observations (0) made than vector observation size (7). The observations will be padded.
生成了一個物件
Fewer observations (0) made than vector observation size (7). The observations will be padded.
Fewer observations (0) made than vector observation size (7). The observations will be padded.
Fewer observations (0) made than vector observation size (7). The observations will be padded.
Fewer observations (0) made than vector observation size (7). The observations will be padded.
Fewer observations (0) made than vector observation size (7). The observations will be padded.
Fewer observations (0) made than vector observation size (7). The observations will be padded.
Fewer observations (0) made than vector observation size (7). The observations will be padded.
Fewer observations (0) made than vector observation size (7). The observations will be padded.
生成了一個物件
Fewer observations (0) made than vector observation size (7). The observations will be padded.
Fewer observations (0) made than vector observation size (7). The observations will be padded.
FrontWall hit: ground 1(Clone) normalX=1
FrontWall hit: ground 1(Clone) normalX=1
FrontWall hit: ground 1(Clone) normalX=1
Fewer observations (0) made than vector observation size (7). The observations will be padded.
Fewer observations (0) made than vector observation size (7). The observations will be padded.
生成了一個物件
Fewer observations (0) made than vector observation size (7). The observations will be padded.
Fewer observations (0) made than vector observation size (7). The observations will be padded.
Fewer observations (0) made than vector observation size (7). The observations will be padded.
生成了一個物件
Fewer observations (0) made than vector observation size (7). The observations will be padded.
生成了一個物件
Fewer observations (0) made than vector observation size (7). The observations will be padded.
Fewer observations (0) made than vector observation size (7). The observations will be padded.
Fewer observations (0) made than vector observation size (7). The observations will be padded.
Fewer observations (0) made than vector observation size (7). The observations will be padded.
Fewer observations (0) made than vector observation size (7). The observations will be padded.
Fewer observations (0) made than vector observation size (7). The observations will be padded.
Fewer observations (0) made than vector observation size (7). The observations will be padded.
Fewer observations (0) made than vector observation size (7). The observations will be padded.
Fewer observations (0) made than vector observation size (7). The observations will be padded.
生成了一個物件
Fewer observations (0) made than vector observation size (7). The observations will be padded.
Fewer observations (0) made than vector observation size (7). The observations will be padded.
Fewer observations (0) made than vector observation size (7). The observations will be padded.
Fewer observations (0) made than vector observation size (7). The observations will be padded.
生成了一個物件
Fewer observations (0) made than vector observation size (7). The observations will be padded.
Fewer observations (0) made than vector observation size (7). The observations will be padded.
生成了一個物件
Fewer observations (0) made than vector observation size (7). The observations will be padded.
Fewer observations (0) made than vector observation size (7). The observations will be padded.
生成了一個物件
Fewer observations (0) made than vector observation size (7). The observations will be padded.
Fewer observations (0) made than vector observation size (7). The observations will be padded.
Fewer observations (0) made than vector observation size (7). The observations will be padded.
Fewer observations (0) made than vector observation size (7). The observations will be padded.
Fewer observations (0) made than vector observation size (7). The observations will be padded.
Fewer observations (0) made than vector observation size (7). The observations will be padded.
Fewer observations (0) made than vector observation size (7). The observations will be padded.
Player died!
Fewer observations (0) made than vector observation size (7). The observations will be padded.
Unloading 3 Unused Serialized files (Serialized files now loaded: 0)
UnloadTime: 3.194100 ms
Unloading 1 unused Assets to reduce memory usage. Loaded Objects now: 2872.
Total: 1.600500 ms (FindLiveObjects: 0.108800 ms CreateObjectMapping: 0.040400 ms MarkObjects: 1.402000 ms  DeleteObjects: 0.049100 ms)

[LoadMap] Using main map source: D:\Unity\ML-agent\Map\Decode.txt
[LoadFinishMap] Using finish map source: D:\Unity\ML-agent\Map\finishmap.txt
[LoadFinishMap] Finish size = 15 x 15, new rightX = 215
[LoadMap] Done. Main size = 200 x 15, rightX = 215
Fewer observations (0) made than vector observation size (7). The observations will be padded.
Fewer observations (0) made than vector observation size (7). The observations will be padded.
生成了一個物件
Fewer observations (0) made than vector observation size (7). The observations will be padded.
Fewer observations (0) made than vector observation size (7). The observations will be padded.
Fewer observations (0) made than vector observation size (7). The observations will be padded.
Fewer observations (0) made than vector observation size (7). The observations will be padded.
生成了一個物件
Fewer observations (0) made than vector observation size (7). The observations will be padded.
Fewer observations (0) made than vector observation size (7). The observations will be padded.
Fewer observations (0) made than vector observation size (7). The observations will be padded.
生成了一個物件
Fewer observations (0) made than vector observation size (7). The observations will be padded.
生成了一個物件
Fewer observations (0) made than vector observation size (7). The observations will be padded.
Fewer observations (0) made than vector observation size (7). The observations will be padded.
Fewer observations (0) made than vector observation size (7). The observations will be padded.
Fewer observations (0) made than vector observation size (7). The observations will be padded.
FrontWall hit: ground 1(Clone) normalX=1
FrontWall hit: ground 1(Clone) normalX=1
FrontWall hit: ground 1(Clone) normalX=1
Fewer observations (0) made than vector observation size (7). The observations will be padded.
FrontWall hit: ground 1(Clone) normalX=1
FrontWall hit: ground 1(Clone) normalX=1
FrontWall hit: ground 1(Clone) normalX=1
Fewer observations (0) made than vector observation size (7). The observations will be padded.
FrontWall hit: ground 1(Clone) normalX=1
FrontWall hit: ground 1(Clone) normalX=1
FrontWall hit: ground 1(Clone) normalX=1
Fewer observations (0) made than vector observation size (7). The observations will be padded.
Fewer observations (0) made than vector observation size (7). The observations will be padded.
Fewer observations (0) made than vector observation size (7). The observations will be padded.
生成了一個物件
Fewer observations (0) made than vector observation size (7). The observations will be padded.
Fewer observations (0) made than vector observation size (7). The observations will be padded.
Fewer observations (0) made than vector observation size (7). The observations will be padded.
Fewer observations (0) made than vector observation size (7). The observations will be padded.
生成了一個物件
Fewer observations (0) made than vector observation size (7). The observations will be padded.
Fewer observations (0) made than vector observation size (7). The observations will be padded.
生成了一個物件
Fewer observations (0) made than vector observation size (7). The observations will be padded.
Fewer observations (0) made than vector observation size (7). The observations will be padded.
生成了一個物件
Fewer observations (0) made than vector observation size (7). The observations will be padded.
Fewer observations (0) made than vector observation size (7). The observations will be padded.
Fewer observations (0) made than vector observation size (7). The observations will be padded.
Fewer observations (0) made than vector observation size (7). The observations will be padded.
Fewer observations (0) made than vector observation size (7). The observations will be padded.
Fewer observations (0) made than vector observation size (7). The observations will be padded.
Fewer observations (0) made than vector observation size (7). The observations will be padded.
Fewer observations (0) made than vector observation size (7). The observations will be padded.
FrontWall hit: ground 1(Clone) normalX=1
生成了一個物件
Fewer observations (0) made than vector observation size (7). The observations will be padded.
Fewer observations (0) made than vector observation size (7). The observations will be padded.
FrontWall hit: ground 1(Clone) normalX=1
FrontWall hit: ground 1(Clone) normalX=1
FrontWall hit: ground 1(Clone) normalX=1
Fewer observations (0) made than vector observation size (7). The observations will be padded.
Fewer observations (0) made than vector observation size (7). The observations will be padded.
Fewer observations (0) made than vector observation size (7). The observations will be padded.
生成了一個物件
Player died!
Fewer observations (0) made than vector observation size (7). The observations will be padded.
Player died!
Player died!
Unloading 3 Unused Serialized files (Serialized files now loaded: 0)
UnloadTime: 4.016100 ms
Unloading 1 unused Assets to reduce memory usage. Loaded Objects now: 2872.
Total: 1.304900 ms (FindLiveObjects: 0.092700 ms CreateObjectMapping: 0.035000 ms MarkObjects: 1.165300 ms  DeleteObjects: 0.011700 ms)

Unloading 3 Unused Serialized files (Serialized files now loaded: 0)
Fewer observations (0) made than vector observation size (7). The observations will be padded.
UnloadTime: 0.752600 ms
Unloading 1 unused Assets to reduce memory usage. Loaded Objects now: 2872.
Total: 0.863200 ms (FindLiveObjects: 0.085700 ms CreateObjectMapping: 0.035700 ms MarkObjects: 0.732900 ms  DeleteObjects: 0.008800 ms)

Unloading 3 Unused Serialized files (Serialized files now loaded: 0)
Fewer observations (0) made than vector observation size (7). The observations will be padded.
UnloadTime: 0.504500 ms
Unloading 1 unused Assets to reduce memory usage. Loaded Objects now: 2872.
Total: 0.923800 ms (FindLiveObjects: 0.077400 ms CreateObjectMapping: 0.037900 ms MarkObjects: 0.800700 ms  DeleteObjects: 0.007700 ms)

[LoadMap] Using main map source: D:\Unity\ML-agent\Map\Decode.txt
[LoadFinishMap] Using finish map source: D:\Unity\ML-agent\Map\finishmap.txt
[LoadFinishMap] Finish size = 15 x 15, new rightX = 215
[LoadMap] Done. Main size = 200 x 15, rightX = 215
Fewer observations (0) made than vector observation size (7). The observations will be padded.
生成了一個物件
Fewer observations (0) made than vector observation size (7). The observations will be padded.
Fewer observations (0) made than vector observation size (7). The observations will be padded.
FrontWall hit: ground 1(Clone) normalX=1
FrontWall hit: ground 1(Clone) normalX=1
FrontWall hit: ground 1(Clone) normalX=1
Fewer observations (0) made than vector observation size (7). The observations will be padded.
Fewer observations (0) made than vector observation size (7). The observations will be padded.
Fewer observations (0) made than vector observation size (7). The observations will be padded.
Fewer observations (0) made than vector observation size (7). The observations will be padded.
Fewer observations (0) made than vector observation size (7). The observations will be padded.
Fewer observations (0) made than vector observation size (7). The observations will be padded.
Fewer observations (0) made than vector observation size (7). The observations will be padded.
Fewer observations (0) made than vector observation size (7). The observations will be padded.
Fewer observations (0) made than vector observation size (7). The observations will be padded.
Fewer observations (0) made than vector observation size (7). The observations will be padded.
生成了一個物件
Fewer observations (0) made than vector observation size (7). The observations will be padded.
生成了一個物件
Fewer observations (0) made than vector observation size (7). The observations will be padded.
生成了一個物件
Fewer observations (0) made than vector observation size (7). The observations will be padded.
Fewer observations (0) made than vector observation size (7). The observations will be padded.
生成了一個物件
Fewer observations (0) made than vector observation size (7). The observations will be padded.
Fewer observations (0) made than vector observation size (7). The observations will be padded.
Fewer observations (0) made than vector observation size (7). The observations will be padded.
Fewer observations (0) made than vector observation size (7). The observations will be padded.
Fewer observations (0) made than vector observation size (7). The observations will be padded.
Fewer observations (0) made than vector observation size (7). The observations will be padded.
Fewer observations (0) made than vector observation size (7). The observations will be padded.
Fewer observations (0) made than vector observation size (7). The observations will be padded.
Fewer observations (0) made than vector observation size (7). The observations will be padded.
Fewer observations (0) made than vector observation size (7). The observations will be padded.
Fewer observations (0) made than vector observation size (7). The observations will be padded.
Fewer observations (0) made than vector observation size (7). The observations will be padded.
生成了一個物件
Fewer observations (0) made than vector observation size (7). The observations will be padded.
生成了一個物件
Fewer observations (0) made than vector observation size (7). The observations will be padded.
Fewer observations (0) made than vector observation size (7). The observations will be padded.
生成了一個物件
Fewer observations (0) made than vector observation size (7). The observations will be padded.
Fewer observations (0) made than vector observation size (7). The observations will be padded.
生成了一個物件
Fewer observations (0) made than vector observation size (7). The observations will be padded.
Fewer observations (0) made than vector observation size (7). The observations will be padded.
Fewer observations (0) made than vector observation size (7). The observations will be padded.
Fewer observations (0) made than vector observation size (7). The observations will be padded.
Fewer observations (0) made than vector observation size (7). The observations will be padded.
Fewer observations (0) made than vector observation size (7). The observations will be padded.
Fewer observations (0) made than vector observation size (7). The observations will be padded.
Fewer observations (0) made than vector observation size (7). The observations will be padded.
Fewer observations (0) made than vector observation size (7). The observations will be padded.
Fewer observations (0) made than vector observation size (7). The observations will be padded.
Fewer observations (0) made than vector observation size (7). The observations will be padded.
Fewer observations (0) made than vector observation size (7). The observations will be padded.
生成了一個物件
Fewer observations (0) made than vector observation size (7). The observations will be padded.
生成了一個物件
Fewer observations (0) made than vector observation size (7). The observations will be padded.
FrontWall hit: ground 1(Clone) normalX=1
FrontWall hit: ground 1(Clone) normalX=1
Fewer observations (0) made than vector observation size (7). The observations will be padded.
生成了一個物件
Fewer observations (0) made than vector observation size (7). The observations will be padded.
Fewer observations (0) made than vector observation size (7). The observations will be padded.
FrontWall hit: ground 1(Clone) normalX=1
生成了一個物件
FrontWall hit: ground 1(Clone) normalX=1
FrontWall hit: ground 1(Clone) normalX=1
Fewer observations (0) made than vector observation size (7). The observations will be padded.
Player died!
Fewer observations (0) made than vector observation size (7). The observations will be padded.
Player died!
Fewer observations (0) made than vector observation size (7). The observations will be padded.
FrontWall hit: ground 1(Clone) normalX=-1
Unloading 3 Unused Serialized files (Serialized files now loaded: 0)
Fewer observations (0) made than vector observation size (7). The observations will be padded.
UnloadTime: 3.261700 ms
Unloading 1 unused Assets to reduce memory usage. Loaded Objects now: 2872.
Total: 1.146000 ms (FindLiveObjects: 0.085300 ms CreateObjectMapping: 0.032100 ms MarkObjects: 0.962800 ms  DeleteObjects: 0.065700 ms)

Unloading 3 Unused Serialized files (Serialized files now loaded: 0)
Fewer observations (0) made than vector observation size (7). The observations will be padded.
UnloadTime: 0.529000 ms
Unloading 1 unused Assets to reduce memory usage. Loaded Objects now: 2872.
Total: 0.842300 ms (FindLiveObjects: 0.077000 ms CreateObjectMapping: 0.033800 ms MarkObjects: 0.724700 ms  DeleteObjects: 0.006600 ms)

[LoadMap] Using main map source: D:\Unity\ML-agent\Map\Decode.txt
[LoadFinishMap] Using finish map source: D:\Unity\ML-agent\Map\finishmap.txt
[LoadFinishMap] Finish size = 15 x 15, new rightX = 215
[LoadMap] Done. Main size = 200 x 15, rightX = 215
Fewer observations (0) made than vector observation size (7). The observations will be padded.
FrontWall hit: ground 1(Clone) normalX=1
FrontWall hit: ground 1(Clone) normalX=1
FrontWall hit: ground 1(Clone) normalX=1
Fewer observations (0) made than vector observation size (7). The observations will be padded.
Fewer observations (0) made than vector observation size (7). The observations will be padded.
Fewer observations (0) made than vector observation size (7). The observations will be padded.
Fewer observations (0) made than vector observation size (7). The observations will be padded.
Fewer observations (0) made than vector observation size (7). The observations will be padded.
Fewer observations (0) made than vector observation size (7). The observations will be padded.
Fewer observations (0) made than vector observation size (7). The observations will be padded.
Fewer observations (0) made than vector observation size (7). The observations will be padded.
Fewer observations (0) made than vector observation size (7). The observations will be padded.
Fewer observations (0) made than vector observation size (7). The observations will be padded.
Fewer observations (0) made than vector observation size (7). The observations will be padded.
Fewer observations (0) made than vector observation size (7). The observations will be padded.
生成了一個物件
Fewer observations (0) made than vector observation size (7). The observations will be padded.
Fewer observations (0) made than vector observation size (7). The observations will be padded.
生成了一個物件
Fewer observations (0) made than vector observation size (7). The observations will be padded.
Fewer observations (0) made than vector observation size (7). The observations will be padded.
生成了一個物件
Fewer observations (0) made than vector observation size (7). The observations will be padded.
生成了一個物件
Fewer observations (0) made than vector observation size (7). The observations will be padded.
Fewer observations (0) made than vector observation size (7). The observations will be padded.
Fewer observations (0) made than vector observation size (7). The observations will be padded.
Fewer observations (0) made than vector observation size (7). The observations will be padded.
Fewer observations (0) made than vector observation size (7). The observations will be padded.
Fewer observations (0) made than vector observation size (7). The observations will be padded.
Fewer observations (0) made than vector observation size (7). The observations will be padded.
Fewer observations (0) made than vector observation size (7). The observations will be padded.
Fewer observations (0) made than vector observation size (7). The observations will be padded.
Fewer observations (0) made than vector observation size (7). The observations will be padded.
Fewer observations (0) made than vector observation size (7). The observations will be padded.
Fewer observations (0) made than vector observation size (7). The observations will be padded.
生成了一個物件
Fewer observations (0) made than vector observation size (7). The observations will be padded.
Fewer observations (0) made than vector observation size (7). The observations will be padded.
生成了一個物件
Fewer observations (0) made than vector observation size (7). The observations will be padded.
生成了一個物件
Fewer observations (0) made than vector observation size (7). The observations will be padded.
Fewer observations (0) made than vector observation size (7). The observations will be padded.
生成了一個物件
Fewer observations (0) made than vector observation size (7). The observations will be padded.
Fewer observations (0) made than vector observation size (7). The observations will be padded.
FrontWall hit: ground 1(Clone) normalX=1
Fewer observations (0) made than vector observation size (7). The observations will be padded.
Fewer observations (0) made than vector observation size (7). The observations will be padded.
FrontWall hit: ground 1(Clone) normalX=1
Fewer observations (0) made than vector observation size (7). The observations will be padded.
Fewer observations (0) made than vector observation size (7). The observations will be padded.
Fewer observations (0) made than vector observation size (7). The observations will be padded.
Fewer observations (0) made than vector observation size (7). The observations will be padded.
Fewer observations (0) made than vector observation size (7). The observations will be padded.
Fewer observations (0) made than vector observation size (7). The observations will be padded.
Fewer observations (0) made than vector observation size (7). The observations will be padded.
生成了一個物件
Fewer observations (0) made than vector observation size (7). The observations will be padded.
Fewer observations (0) made than vector observation size (7). The observations will be padded.
生成了一個物件
Fewer observations (0) made than vector observation size (7). The observations will be padded.
Fewer observations (0) made than vector observation size (7). The observations will be padded.
生成了一個物件
Fewer observations (0) made than vector observation size (7). The observations will be padded.
生成了一個物件
Fewer observations (0) made than vector observation size (7). The observations will be padded.
Fewer observations (0) made than vector observation size (7). The observations will be padded.
Fewer observations (0) made than vector observation size (7). The observations will be padded.
Fewer observations (0) made than vector observation size (7). The observations will be padded.
Fewer observations (0) made than vector observation size (7). The observations will be padded.
Fewer observations (0) made than vector observation size (7). The observations will be padded.
Fewer observations (0) made than vector observation size (7). The observations will be padded.
Fewer observations (0) made than vector observation size (7). The observations will be padded.
FrontWall hit: ground 1(Clone) normalX=1
FrontWall hit: ground 1(Clone) normalX=1
Fewer observations (0) made than vector observation size (7). The observations will be padded.
FrontWall hit: ground 1(Clone) normalX=1
FrontWall hit: ground 1(Clone) normalX=1
FrontWall hit: ground 1(Clone) normalX=1
Fewer observations (0) made than vector observation size (7). The observations will be padded.
Fewer observations (0) made than vector observation size (7). The observations will be padded.
Fewer observations (0) made than vector observation size (7). The observations will be padded.
FrontWall hit: ground 1(Clone) normalX=1
FrontWall hit: ground 1(Clone) normalX=1
生成了一個物件
FrontWall hit: ground 1(Clone) normalX=1
Fewer observations (0) made than vector observation size (7). The observations will be padded.
Fewer observations (0) made than vector observation size (7). The observations will be padded.
生成了一個物件
Fewer observations (0) made than vector observation size (7). The observations will be padded.
Fewer observations (0) made than vector observation size (7). The observations will be padded.
生成了一個物件
Fewer observations (0) made than vector observation size (7). The observations will be padded.
Player died!
Fewer observations (0) made than vector observation size (7). The observations will be padded.
Player died!
生成了一個物件
Unloading 3 Unused Serialized files (Serialized files now loaded: 0)
UnloadTime: 5.230400 ms
Unloading 1 unused Assets to reduce memory usage. Loaded Objects now: 2872.
Total: 0.958700 ms (FindLiveObjects: 0.082200 ms CreateObjectMapping: 0.031700 ms MarkObjects: 0.836700 ms  DeleteObjects: 0.007800 ms)

Unloading 3 Unused Serialized files (Serialized files now loaded: 0)
Fewer observations (0) made than vector observation size (7). The observations will be padded.
UnloadTime: 0.472300 ms
Unloading 1 unused Assets to reduce memory usage. Loaded Objects now: 2872.
Total: 0.980100 ms (FindLiveObjects: 0.081600 ms CreateObjectMapping: 0.038700 ms MarkObjects: 0.851600 ms  DeleteObjects: 0.008000 ms)

[LoadMap] Using main map source: D:\Unity\ML-agent\Map\Decode.txt
[LoadFinishMap] Using finish map source: D:\Unity\ML-agent\Map\finishmap.txt
[LoadFinishMap] Finish size = 15 x 15, new rightX = 215
[LoadMap] Done. Main size = 200 x 15, rightX = 215
Fewer observations (0) made than vector observation size (7). The observations will be padded.
Fewer observations (0) made than vector observation size (7). The observations will be padded.
生成了一個物件
Fewer observations (0) made than vector observation size (7). The observations will be padded.
Fewer observations (0) made than vector observation size (7). The observations will be padded.
Fewer observations (0) made than vector observation size (7). The observations will be padded.
FrontWall hit: ground 1(Clone) normalX=1
Fewer observations (0) made than vector observation size (7). The observations will be padded.
生成了一個物件
Fewer observations (0) made than vector observation size (7). The observations will be padded.
Fewer observations (0) made than vector observation size (7). The observations will be padded.
生成了一個物件
Fewer observations (0) made than vector observation size (7). The observations will be padded.
Fewer observations (0) made than vector observation size (7). The observations will be padded.
生成了一個物件
Fewer observations (0) made than vector observation size (7). The observations will be padded.
Fewer observations (0) made than vector observation size (7). The observations will be padded.
Fewer observations (0) made than vector observation size (7). The observations will be padded.
Fewer observations (0) made than vector observation size (7). The observations will be padded.
Fewer observations (0) made than vector observation size (7). The observations will be padded.
Fewer observations (0) made than vector observation size (7). The observations will be padded.
Fewer observations (0) made than vector observation size (7). The observations will be padded.
Fewer observations (0) made than vector observation size (7). The observations will be padded.
生成了一個物件
Fewer observations (0) made than vector observation size (7). The observations will be padded.
FrontWall hit: ground 1(Clone) normalX=1
FrontWall hit: ground 1(Clone) normalX=1
Fewer observations (0) made than vector observation size (7). The observations will be padded.
FrontWall hit: ground 1(Clone) normalX=1
FrontWall hit: ground 1(Clone) normalX=1
FrontWall hit: ground 1(Clone) normalX=1
Fewer observations (0) made than vector observation size (7). The observations will be padded.
Fewer observations (0) made than vector observation size (7). The observations will be padded.
Fewer observations (0) made than vector observation size (7). The observations will be padded.
生成了一個物件
Fewer observations (0) made than vector observation size (7). The observations will be padded.
FrontWall hit: ground 1(Clone) normalX=1
FrontWall hit: ground 1(Clone) normalX=1
FrontWall hit: ground 1(Clone) normalX=1
Fewer observations (0) made than vector observation size (7). The observations will be padded.
生成了一個物件
Fewer observations (0) made than vector observation size (7). The observations will be padded.
Fewer observations (0) made than vector observation size (7). The observations will be padded.
生成了一個物件
Fewer observations (0) made than vector observation size (7). The observations will be padded.
Fewer observations (0) made than vector observation size (7). The observations will be padded.
Fewer observations (0) made than vector observation size (7). The observations will be padded.
Fewer observations (0) made than vector observation size (7). The observations will be padded.
Fewer observations (0) made than vector observation size (7). The observations will be padded.
Fewer observations (0) made than vector observation size (7). The observations will be padded.
Fewer observations (0) made than vector observation size (7). The observations will be padded.
Fewer observations (0) made than vector observation size (7). The observations will be padded.
生成了一個物件
Fewer observations (0) made than vector observation size (7). The observations will be padded.
Fewer observations (0) made than vector observation size (7). The observations will be padded.
Fewer observations (0) made than vector observation size (7). The observations will be padded.
Fewer observations (0) made than vector observation size (7). The observations will be padded.
生成了一個物件
Fewer observations (0) made than vector observation size (7). The observations will be padded.
Player died!
Fewer observations (0) made than vector observation size (7). The observations will be padded.
Fewer observations (0) made than vector observation size (7). The observations will be padded.
FrontWall hit: ground 1(Clone) normalX=-1
Unloading 3 Unused Serialized files (Serialized files now loaded: 0)
Fewer observations (0) made than vector observation size (7). The observations will be padded.
UnloadTime: 3.209300 ms
Unloading 1 unused Assets to reduce memory usage. Loaded Objects now: 2872.
Total: 1.156800 ms (FindLiveObjects: 0.086000 ms CreateObjectMapping: 0.036200 ms MarkObjects: 1.025800 ms  DeleteObjects: 0.008500 ms)

[LoadMap] Using main map source: D:\Unity\ML-agent\Map\Decode.txt
[LoadFinishMap] Using finish map source: D:\Unity\ML-agent\Map\finishmap.txt
[LoadFinishMap] Finish size = 15 x 15, new rightX = 215
[LoadMap] Done. Main size = 200 x 15, rightX = 215
Fewer observations (0) made than vector observation size (7). The observations will be padded.
FrontWall hit: ground 1(Clone) normalX=1
FrontWall hit: ground 1(Clone) normalX=1
FrontWall hit: ground 1(Clone) normalX=1
Fewer observations (0) made than vector observation size (7). The observations will be padded.
Fewer observations (0) made than vector observation size (7). The observations will be padded.
生成了一個物件
Fewer observations (0) made than vector observation size (7). The observations will be padded.
FrontWall hit: ground 1(Clone) normalX=1
FrontWall hit: ground 1(Clone) normalX=1
FrontWall hit: ground 1(Clone) normalX=1
Fewer observations (0) made than vector observation size (7). The observations will be padded.
Fewer observations (0) made than vector observation size (7). The observations will be padded.
Fewer observations (0) made than vector observation size (7). The observations will be padded.
Fewer observations (0) made than vector observation size (7). The observations will be padded.
Fewer observations (0) made than vector observation size (7). The observations will be padded.
Fewer observations (0) made than vector observation size (7). The observations will be padded.
生成了一個物件
Fewer observations (0) made than vector observation size (7). The observations will be padded.
Fewer observations (0) made than vector observation size (7). The observations will be padded.
生成了一個物件
Fewer observations (0) made than vector observation size (7). The observations will be padded.
生成了一個物件
Fewer observations (0) made than vector observation size (7). The observations will be padded.
Fewer observations (0) made than vector observation size (7). The observations will be padded.
FrontWall hit: ground 1(Clone) normalX=1
FrontWall hit: ground 1(Clone) normalX=1
FrontWall hit: ground 1(Clone) normalX=1
Fewer observations (0) made than vector observation size (7). The observations will be padded.
FrontWall hit: ground 1(Clone) normalX=1
FrontWall hit: ground 1(Clone) normalX=1
FrontWall hit: ground 1(Clone) normalX=1
Fewer observations (0) made than vector observation size (7). The observations will be padded.
FrontWall hit: ground 1(Clone) normalX=1
FrontWall hit: ground 1(Clone) normalX=1
FrontWall hit: ground 1(Clone) normalX=1
Fewer observations (0) made than vector observation size (7). The observations will be padded.
Fewer observations (0) made than vector observation size (7). The observations will be padded.
FrontWall hit: ground 1(Clone) normalX=1
FrontWall hit: ground 1(Clone) normalX=1
FrontWall hit: ground 1(Clone) normalX=1
生成了一個物件
Fewer observations (0) made than vector observation size (7). The observations will be padded.
Fewer observations (0) made than vector observation size (7). The observations will be padded.
Fewer observations (0) made than vector observation size (7). The observations will be padded.
Fewer observations (0) made than vector observation size (7). The observations will be padded.
Fewer observations (0) made than vector observation size (7). The observations will be padded.
Fewer observations (0) made than vector observation size (7). The observations will be padded.
Fewer observations (0) made than vector observation size (7). The observations will be padded.
生成了一個物件
Fewer observations (0) made than vector observation size (7). The observations will be padded.
Fewer observations (0) made than vector observation size (7). The observations will be padded.
生成了一個物件
Fewer observations (0) made than vector observation size (7). The observations will be padded.
Fewer observations (0) made than vector observation size (7). The observations will be padded.
生成了一個物件
Fewer observations (0) made than vector observation size (7). The observations will be padded.
Fewer observations (0) made than vector observation size (7). The observations will be padded.
Fewer observations (0) made than vector observation size (7). The observations will be padded.
Fewer observations (0) made than vector observation size (7). The observations will be padded.
Fewer observations (0) made than vector observation size (7). The observations will be padded.
Fewer observations (0) made than vector observation size (7). The observations will be padded.
生成了一個物件
Fewer observations (0) made than vector observation size (7). The observations will be padded.
Fewer observations (0) made than vector observation size (7). The observations will be padded.
Player died!
Fewer observations (0) made than vector observation size (7). The observations will be padded.
Unloading 3 Unused Serialized files (Serialized files now loaded: 0)
UnloadTime: 3.121100 ms
Unloading 1 unused Assets to reduce memory usage. Loaded Objects now: 2872.
Total: 1.079800 ms (FindLiveObjects: 0.113800 ms CreateObjectMapping: 0.056300 ms MarkObjects: 0.901200 ms  DeleteObjects: 0.008200 ms)

[LoadMap] Using main map source: D:\Unity\ML-agent\Map\Decode.txt
[LoadFinishMap] Using finish map source: D:\Unity\ML-agent\Map\finishmap.txt
[LoadFinishMap] Finish size = 15 x 15, new rightX = 215
[LoadMap] Done. Main size = 200 x 15, rightX = 215
Fewer observations (0) made than vector observation size (7). The observations will be padded.
Fewer observations (0) made than vector observation size (7). The observations will be padded.
生成了一個物件
Fewer observations (0) made than vector observation size (7). The observations will be padded.
Fewer observations (0) made than vector observation size (7). The observations will be padded.
Fewer observations (0) made than vector observation size (7). The observations will be padded.
Fewer observations (0) made than vector observation size (7). The observations will be padded.
生成了一個物件
Fewer observations (0) made than vector observation size (7). The observations will be padded.
FrontWall hit: ground 1(Clone) normalX=1
FrontWall hit: ground 1(Clone) normalX=1
Fewer observations (0) made than vector observation size (7). The observations will be padded.
FrontWall hit: ground 1(Clone) normalX=1
FrontWall hit: ground 1(Clone) normalX=1
FrontWall hit: ground 1(Clone) normalX=1
Fewer observations (0) made than vector observation size (7). The observations will be padded.
FrontWall hit: ground 1(Clone) normalX=1
FrontWall hit: ground 1(Clone) normalX=1
FrontWall hit: ground 1(Clone) normalX=1
Fewer observations (0) made than vector observation size (7). The observations will be padded.
Fewer observations (0) made than vector observation size (7). The observations will be padded.
Fewer observations (0) made than vector observation size (7). The observations will be padded.
生成了一個物件
Fewer observations (0) made than vector observation size (7). The observations will be padded.
Fewer observations (0) made than vector observation size (7). The observations will be padded.
Fewer observations (0) made than vector observation size (7). The observations will be padded.
生成了一個物件
Fewer observations (0) made than vector observation size (7). The observations will be padded.
Fewer observations (0) made than vector observation size (7). The observations will be padded.
Fewer observations (0) made than vector observation size (7). The observations will be padded.
Fewer observations (0) made than vector observation size (7). The observations will be padded.
生成了一個物件
Fewer observations (0) made than vector observation size (7). The observations will be padded.
Fewer observations (0) made than vector observation size (7). The observations will be padded.
Fewer observations (0) made than vector observation size (7). The observations will be padded.
Fewer observations (0) made than vector observation size (7). The observations will be padded.
生成了一個物件
Fewer observations (0) made than vector observation size (7). The observations will be padded.
Fewer observations (0) made than vector observation size (7). The observations will be padded.
Fewer observations (0) made than vector observation size (7). The observations will be padded.
Fewer observations (0) made than vector observation size (7). The observations will be padded.
Fewer observations (0) made than vector observation size (7). The observations will be padded.
Fewer observations (0) made than vector observation size (7). The observations will be padded.
生成了一個物件
Fewer observations (0) made than vector observation size (7). The observations will be padded.
Fewer observations (0) made than vector observation size (7). The observations will be padded.
Fewer observations (0) made than vector observation size (7). The observations will be padded.
生成了一個物件
Fewer observations (0) made than vector observation size (7). The observations will be padded.
Fewer observations (0) made than vector observation size (7). The observations will be padded.
Fewer observations (0) made than vector observation size (7). The observations will be padded.
生成了一個物件
Fewer observations (0) made than vector observation size (7). The observations will be padded.
Fewer observations (0) made than vector observation size (7). The observations will be padded.
Fewer observations (0) made than vector observation size (7). The observations will be padded.
Fewer observations (0) made than vector observation size (7). The observations will be padded.
FrontWall hit: ground 1(Clone) normalX=1
FrontWall hit: ground 1(Clone) normalX=1
Fewer observations (0) made than vector observation size (7). The observations will be padded.
生成了一個物件
Player died!
Fewer observations (0) made than vector observation size (7). The observations will be padded.
Player died!
Player died!
Unloading 3 Unused Serialized files (Serialized files now loaded: 0)
UnloadTime: 6.052800 ms
Unloading 1 unused Assets to reduce memory usage. Loaded Objects now: 2872.
Total: 1.031100 ms (FindLiveObjects: 0.097200 ms CreateObjectMapping: 0.036700 ms MarkObjects: 0.886800 ms  DeleteObjects: 0.010300 ms)

Unloading 3 Unused Serialized files (Serialized files now loaded: 0)
Fewer observations (0) made than vector observation size (7). The observations will be padded.
UnloadTime: 0.726900 ms
Unloading 1 unused Assets to reduce memory usage. Loaded Objects now: 2872.
Total: 0.818300 ms (FindLiveObjects: 0.083100 ms CreateObjectMapping: 0.037800 ms MarkObjects: 0.690700 ms  DeleteObjects: 0.006700 ms)

Unloading 3 Unused Serialized files (Serialized files now loaded: 0)
Fewer observations (0) made than vector observation size (7). The observations will be padded.
UnloadTime: 0.530700 ms
Unloading 1 unused Assets to reduce memory usage. Loaded Objects now: 2872.
Total: 0.799300 ms (FindLiveObjects: 0.084700 ms CreateObjectMapping: 0.037800 ms MarkObjects: 0.669600 ms  DeleteObjects: 0.007100 ms)

[LoadMap] Using main map source: D:\Unity\ML-agent\Map\Decode.txt
[LoadFinishMap] Using finish map source: D:\Unity\ML-agent\Map\finishmap.txt
[LoadFinishMap] Finish size = 15 x 15, new rightX = 215
[LoadMap] Done. Main size = 200 x 15, rightX = 215
Fewer observations (0) made than vector observation size (7). The observations will be padded.
Fewer observations (0) made than vector observation size (7). The observations will be padded.
生成了一個物件
Fewer observations (0) made than vector observation size (7). The observations will be padded.
FrontWall hit: ground 1(Clone) normalX=1
FrontWall hit: ground 1(Clone) normalX=1
FrontWall hit: ground 1(Clone) normalX=1
Fewer observations (0) made than vector observation size (7). The observations will be padded.
Fewer observations (0) made than vector observation size (7). The observations will be padded.
FrontWall hit: ground 1(Clone) normalX=1
FrontWall hit: ground 1(Clone) normalX=1
FrontWall hit: ground 1(Clone) normalX=1
Fewer observations (0) made than vector observation size (7). The observations will be padded.
Fewer observations (0) made than vector observation size (7). The observations will be padded.
Fewer observations (0) made than vector observation size (7). The observations will be padded.
Fewer observations (0) made than vector observation size (7). The observations will be padded.
Fewer observations (0) made than vector observation size (7). The observations will be padded.
生成了一個物件
Fewer observations (0) made than vector observation size (7). The observations will be padded.
Fewer observations (0) made than vector observation size (7). The observations will be padded.
Fewer observations (0) made than vector observation size (7). The observations will be padded.
FrontWall hit: ground 1(Clone) normalX=1
FrontWall hit: ground 1(Clone) normalX=1
生成了一個物件
FrontWall hit: ground 1(Clone) normalX=1
Fewer observations (0) made than vector observation size (7). The observations will be padded.
Fewer observations (0) made than vector observation size (7). The observations will be padded.
Fewer observations (0) made than vector observation size (7). The observations will be padded.
生成了一個物件
Fewer observations (0) made than vector observation size (7). The observations will be padded.
Fewer observations (0) made than vector observation size (7). The observations will be padded.
Fewer observations (0) made than vector observation size (7). The observations will be padded.
生成了一個物件
Fewer observations (0) made than vector observation size (7). The observations will be padded.
Fewer observations (0) made than vector observation size (7). The observations will be padded.
Fewer observations (0) made than vector observation size (7). The observations will be padded.
Fewer observations (0) made than vector observation size (7). The observations will be padded.
Fewer observations (0) made than vector observation size (7). The observations will be padded.
Fewer observations (0) made than vector observation size (7). The observations will be padded.
Fewer observations (0) made than vector observation size (7). The observations will be padded.
Fewer observations (0) made than vector observation size (7). The observations will be padded.
生成了一個物件
Fewer observations (0) made than vector observation size (7). The observations will be padded.
Fewer observations (0) made than vector observation size (7). The observations will be padded.
Fewer observations (0) made than vector observation size (7). The observations will be padded.
生成了一個物件
Fewer observations (0) made than vector observation size (7). The observations will be padded.
Fewer observations (0) made than vector observation size (7). The observations will be padded.
Fewer observations (0) made than vector observation size (7). The observations will be padded.
生成了一個物件
Fewer observations (0) made than vector observation size (7). The observations will be padded.
Fewer observations (0) made than vector observation size (7). The observations will be padded.
生成了一個物件
Fewer observations (0) made than vector observation size (7). The observations will be padded.
Fewer observations (0) made than vector observation size (7). The observations will be padded.
Fewer observations (0) made than vector observation size (7). The observations will be padded.
Fewer observations (0) made than vector observation size (7). The observations will be padded.
Fewer observations (0) made than vector observation size (7). The observations will be padded.
Fewer observations (0) made than vector observation size (7). The observations will be padded.
Fewer observations (0) made than vector observation size (7). The observations will be padded.
Fewer observations (0) made than vector observation size (7). The observations will be padded.
Fewer observations (0) made than vector observation size (7). The observations will be padded.
生成了一個物件
Fewer observations (0) made than vector observation size (7). The observations will be padded.
Player died!
Fewer observations (0) made than vector observation size (7). The observations will be padded.
Player died!
FrontWall hit: ground 1(Clone) normalX=-1
Unloading 3 Unused Serialized files (Serialized files now loaded: 0)
UnloadTime: 3.221300 ms
Unloading 1 unused Assets to reduce memory usage. Loaded Objects now: 2872.
Total: 1.107800 ms (FindLiveObjects: 0.086600 ms CreateObjectMapping: 0.034300 ms MarkObjects: 0.977900 ms  DeleteObjects: 0.009000 ms)

Unloading 3 Unused Serialized files (Serialized files now loaded: 0)
Fewer observations (0) made than vector observation size (7). The observations will be padded.
UnloadTime: 0.531500 ms
Unloading 1 unused Assets to reduce memory usage. Loaded Objects now: 2872.
Total: 0.968500 ms (FindLiveObjects: 0.083800 ms CreateObjectMapping: 0.038200 ms MarkObjects: 0.833400 ms  DeleteObjects: 0.013100 ms)

[LoadMap] Using main map source: D:\Unity\ML-agent\Map\Decode.txt
[LoadFinishMap] Using finish map source: D:\Unity\ML-agent\Map\finishmap.txt
[LoadFinishMap] Finish size = 15 x 15, new rightX = 215
[LoadMap] Done. Main size = 200 x 15, rightX = 215
Fewer observations (0) made than vector observation size (7). The observations will be padded.
FrontWall hit: ground 1(Clone) normalX=1
FrontWall hit: ground 1(Clone) normalX=1
FrontWall hit: ground 1(Clone) normalX=1
Fewer observations (0) made than vector observation size (7). The observations will be padded.
Fewer observations (0) made than vector observation size (7). The observations will be padded.
Fewer observations (0) made than vector observation size (7). The observations will be padded.
Fewer observations (0) made than vector observation size (7). The observations will be padded.
Fewer observations (0) made than vector observation size (7). The observations will be padded.
Fewer observations (0) made than vector observation size (7). The observations will be padded.
Fewer observations (0) made than vector observation size (7). The observations will be padded.
Fewer observations (0) made than vector observation size (7). The observations will be padded.
Fewer observations (0) made than vector observation size (7). The observations will be padded.
Fewer observations (0) made than vector observation size (7). The observations will be padded.
FrontWall hit: ground 1(Clone) normalX=1
FrontWall hit: ground 1(Clone) normalX=1
FrontWall hit: ground 1(Clone) normalX=1
Fewer observations (0) made than vector observation size (7). The observations will be padded.
FrontWall hit: ground 1(Clone) normalX=1
FrontWall hit: ground 1(Clone) normalX=1
FrontWall hit: ground 1(Clone) normalX=1
Fewer observations (0) made than vector observation size (7). The observations will be padded.
Fewer observations (0) made than vector observation size (7). The observations will be padded.
Fewer observations (0) made than vector observation size (7). The observations will be padded.
Fewer observations (0) made than vector observation size (7). The observations will be padded.
Fewer observations (0) made than vector observation size (7). The observations will be padded.
Fewer observations (0) made than vector observation size (7). The observations will be padded.
生成了一個物件
Fewer observations (0) made than vector observation size (7). The observations will be padded.
Fewer observations (0) made than vector observation size (7). The observations will be padded.
生成了一個物件
Fewer observations (0) made than vector observation size (7). The observations will be padded.
Fewer observations (0) made than vector observation size (7). The observations will be padded.
生成了一個物件
Fewer observations (0) made than vector observation size (7). The observations will be padded.
生成了一個物件
Fewer observations (0) made than vector observation size (7). The observations will be padded.
Fewer observations (0) made than vector observation size (7). The observations will be padded.
Fewer observations (0) made than vector observation size (7). The observations will be padded.
Fewer observations (0) made than vector observation size (7). The observations will be padded.
Fewer observations (0) made than vector observation size (7). The observations will be padded.
Fewer observations (0) made than vector observation size (7). The observations will be padded.
Fewer observations (0) made than vector observation size (7). The observations will be padded.
Fewer observations (0) made than vector observation size (7). The observations will be padded.
Fewer observations (0) made than vector observation size (7). The observations will be padded.
Fewer observations (0) made than vector observation size (7). The observations will be padded.
Fewer observations (0) made than vector observation size (7). The observations will be padded.
Fewer observations (0) made than vector observation size (7). The observations will be padded.
生成了一個物件
Fewer observations (0) made than vector observation size (7). The observations will be padded.
Fewer observations (0) made than vector observation size (7). The observations will be padded.
生成了一個物件
Fewer observations (0) made than vector observation size (7). The observations will be padded.
Fewer observations (0) made than vector observation size (7). The observations will be padded.
生成了一個物件
Fewer observations (0) made than vector observation size (7). The observations will be padded.
生成了一個物件
Fewer observations (0) made than vector observation size (7). The observations will be padded.
FrontWall hit: ground 1(Clone) normalX=1
Fewer observations (0) made than vector observation size (7). The observations will be padded.
FrontWall hit: ground 1(Clone) normalX=1
FrontWall hit: ground 1(Clone) normalX=1
FrontWall hit: ground 1(Clone) normalX=1
Fewer observations (0) made than vector observation size (7). The observations will be padded.
Fewer observations (0) made than vector observation size (7). The observations will be padded.
FrontWall hit: ground 1(Clone) normalX=1
FrontWall hit: ground 1(Clone) normalX=1
FrontWall hit: ground 1(Clone) normalX=1
Fewer observations (0) made than vector observation size (7). The observations will be padded.
Fewer observations (0) made than vector observation size (7). The observations will be padded.
Fewer observations (0) made than vector observation size (7). The observations will be padded.
Fewer observations (0) made than vector observation size (7). The observations will be padded.
Fewer observations (0) made than vector observation size (7). The observations will be padded.
Fewer observations (0) made than vector observation size (7). The observations will be padded.
Fewer observations (0) made than vector observation size (7). The observations will be padded.
生成了一個物件
Fewer observations (0) made than vector observation size (7). The observations will be padded.
Fewer observations (0) made than vector observation size (7). The observations will be padded.
生成了一個物件
Fewer observations (0) made than vector observation size (7). The observations will be padded.
Fewer observations (0) made than vector observation size (7). The observations will be padded.
生成了一個物件
Fewer observations (0) made than vector observation size (7). The observations will be padded.
Fewer observations (0) made than vector observation size (7). The observations will be padded.
生成了一個物件
Fewer observations (0) made than vector observation size (7). The observations will be padded.
Fewer observations (0) made than vector observation size (7). The observations will be padded.
Fewer observations (0) made than vector observation size (7). The observations will be padded.
Fewer observations (0) made than vector observation size (7). The observations will be padded.
Fewer observations (0) made than vector observation size (7). The observations will be padded.
Fewer observations (0) made than vector observation size (7). The observations will be padded.
Fewer observations (0) made than vector observation size (7). The observations will be padded.
Fewer observations (0) made than vector observation size (7). The observations will be padded.
Fewer observations (0) made than vector observation size (7). The observations will be padded.
Fewer observations (0) made than vector observation size (7). The observations will be padded.
Fewer observations (0) made than vector observation size (7). The observations will be padded.
生成了一個物件
Fewer observations (0) made than vector observation size (7). The observations will be padded.
Fewer observations (0) made than vector observation size (7). The observations will be padded.
生成了一個物件
Fewer observations (0) made than vector observation size (7). The observations will be padded.
Player died!
Fewer observations (0) made than vector observation size (7). The observations will be padded.
Player died!
Fewer observations (0) made than vector observation size (7). The observations will be padded.
Unloading 3 Unused Serialized files (Serialized files now loaded: 0)
Fewer observations (0) made than vector observation size (7). The observations will be padded.
UnloadTime: 5.255600 ms
Unloading 1 unused Assets to reduce memory usage. Loaded Objects now: 2872.
Total: 1.444800 ms (FindLiveObjects: 0.144200 ms CreateObjectMapping: 0.055000 ms MarkObjects: 1.121300 ms  DeleteObjects: 0.123900 ms)

Unloading 3 Unused Serialized files (Serialized files now loaded: 0)
Fewer observations (0) made than vector observation size (7). The observations will be padded.
UnloadTime: 0.858700 ms
Unloading 1 unused Assets to reduce memory usage. Loaded Objects now: 2872.
Total: 1.200600 ms (FindLiveObjects: 0.143800 ms CreateObjectMapping: 0.063400 ms MarkObjects: 0.976100 ms  DeleteObjects: 0.017200 ms)

[LoadMap] Using main map source: D:\Unity\ML-agent\Map\Decode.txt
[LoadFinishMap] Using finish map source: D:\Unity\ML-agent\Map\finishmap.txt
[LoadFinishMap] Finish size = 15 x 15, new rightX = 215
[LoadMap] Done. Main size = 200 x 15, rightX = 215
Fewer observations (0) made than vector observation size (7). The observations will be padded.
生成了一個物件
Fewer observations (0) made than vector observation size (7). The observations will be padded.
Fewer observations (0) made than vector observation size (7). The observations will be padded.
Fewer observations (0) made than vector observation size (7). The observations will be padded.
Fewer observations (0) made than vector observation size (7). The observations will be padded.
Fewer observations (0) made than vector observation size (7). The observations will be padded.
FrontWall hit: ground 1(Clone) normalX=1
生成了一個物件
FrontWall hit: ground 1(Clone) normalX=1
FrontWall hit: ground 1(Clone) normalX=1
Fewer observations (0) made than vector observation size (7). The observations will be padded.
Fewer observations (0) made than vector observation size (7). The observations will be padded.
Fewer observations (0) made than vector observation size (7). The observations will be padded.
Fewer observations (0) made than vector observation size (7). The observations will be padded.
FrontWall hit: ground 1(Clone) normalX=1
FrontWall hit: ground 1(Clone) normalX=1
FrontWall hit: ground 1(Clone) normalX=1
Fewer observations (0) made than vector observation size (7). The observations will be padded.
Fewer observations (0) made than vector observation size (7). The observations will be padded.
Fewer observations (0) made than vector observation size (7). The observations will be padded.
Fewer observations (0) made than vector observation size (7). The observations will be padded.
生成了一個物件
Fewer observations (0) made than vector observation size (7). The observations will be padded.
Fewer observations (0) made than vector observation size (7). The observations will be padded.
Fewer observations (0) made than vector observation size (7). The observations will be padded.
生成了一個物件
Fewer observations (0) made than vector observation size (7). The observations will be padded.
生成了一個物件
Fewer observations (0) made than vector observation size (7). The observations will be padded.
Fewer observations (0) made than vector observation size (7). The observations will be padded.
Fewer observations (0) made than vector observation size (7). The observations will be padded.
Fewer observations (0) made than vector observation size (7). The observations will be padded.
生成了一個物件
Fewer observations (0) made than vector observation size (7). The observations will be padded.
Fewer observations (0) made than vector observation size (7). The observations will be padded.
Fewer observations (0) made than vector observation size (7). The observations will be padded.
Fewer observations (0) made than vector observation size (7). The observations will be padded.
Fewer observations (0) made than vector observation size (7). The observations will be padded.
Fewer observations (0) made than vector observation size (7). The observations will be padded.
Fewer observations (0) made than vector observation size (7). The observations will be padded.
Fewer observations (0) made than vector observation size (7). The observations will be padded.
Fewer observations (0) made than vector observation size (7). The observations will be padded.
生成了一個物件
Fewer observations (0) made than vector observation size (7). The observations will be padded.
Fewer observations (0) made than vector observation size (7). The observations will be padded.
生成了一個物件
Fewer observations (0) made than vector observation size (7). The observations will be padded.
Player died!
Fewer observations (0) made than vector observation size (7). The observations will be padded.
Player died!
Fewer observations (0) made than vector observation size (7). The observations will be padded.
FrontWall hit: ground 1(Clone) normalX=1
生成了一個物件
Unloading 3 Unused Serialized files (Serialized files now loaded: 0)
Fewer observations (0) made than vector observation size (7). The observations will be padded.
UnloadTime: 3.484100 ms
Unloading 1 unused Assets to reduce memory usage. Loaded Objects now: 2872.
Total: 1.041300 ms (FindLiveObjects: 0.086400 ms CreateObjectMapping: 0.037500 ms MarkObjects: 0.906800 ms  DeleteObjects: 0.010400 ms)

Unloading 3 Unused Serialized files (Serialized files now loaded: 0)
Fewer observations (0) made than vector observation size (7). The observations will be padded.
UnloadTime: 0.672200 ms
Unloading 1 unused Assets to reduce memory usage. Loaded Objects now: 2872.
Total: 0.918200 ms (FindLiveObjects: 0.092400 ms CreateObjectMapping: 0.040400 ms MarkObjects: 0.776700 ms  DeleteObjects: 0.008600 ms)

[LoadMap] Using main map source: D:\Unity\ML-agent\Map\Decode.txt
[LoadFinishMap] Using finish map source: D:\Unity\ML-agent\Map\finishmap.txt
[LoadFinishMap] Finish size = 15 x 15, new rightX = 215
[LoadMap] Done. Main size = 200 x 15, rightX = 215
Fewer observations (0) made than vector observation size (7). The observations will be padded.
生成了一個物件
Fewer observations (0) made than vector observation size (7). The observations will be padded.
Fewer observations (0) made than vector observation size (7). The observations will be padded.
Fewer observations (0) made than vector observation size (7). The observations will be padded.
FrontWall hit: ground 1(Clone) normalX=1
FrontWall hit: ground 1(Clone) normalX=1
FrontWall hit: ground 1(Clone) normalX=1
Fewer observations (0) made than vector observation size (7). The observations will be padded.
FrontWall hit: ground 1(Clone) normalX=1
FrontWall hit: ground 1(Clone) normalX=1
FrontWall hit: ground 1(Clone) normalX=1
Fewer observations (0) made than vector observation size (7). The observations will be padded.
FrontWall hit: ground 1(Clone) normalX=1
FrontWall hit: ground 1(Clone) normalX=1
FrontWall hit: ground 1(Clone) normalX=1
Fewer observations (0) made than vector observation size (7). The observations will be padded.
Fewer observations (0) made than vector observation size (7). The observations will be padded.
Fewer observations (0) made than vector observation size (7). The observations will be padded.
Fewer observations (0) made than vector observation size (7). The observations will be padded.
Fewer observations (0) made than vector observation size (7). The observations will be padded.
生成了一個物件
Fewer observations (0) made than vector observation size (7). The observations will be padded.
Fewer observations (0) made than vector observation size (7). The observations will be padded.
生成了一個物件
Fewer observations (0) made than vector observation size (7). The observations will be padded.
Fewer observations (0) made than vector observation size (7). The observations will be padded.
生成了一個物件
Fewer observations (0) made than vector observation size (7). The observations will be padded.
Fewer observations (0) made than vector observation size (7). The observations will be padded.
Fewer observations (0) made than vector observation size (7). The observations will be padded.
生成了一個物件
Fewer observations (0) made than vector observation size (7). The observations will be padded.
Fewer observations (0) made than vector observation size (7). The observations will be padded.
Fewer observations (0) made than vector observation size (7). The observations will be padded.
Fewer observations (0) made than vector observation size (7). The observations will be padded.
Fewer observations (0) made than vector observation size (7). The observations will be padded.
Fewer observations (0) made than vector observation size (7). The observations will be padded.
Fewer observations (0) made than vector observation size (7). The observations will be padded.
Fewer observations (0) made than vector observation size (7). The observations will be padded.
Fewer observations (0) made than vector observation size (7). The observations will be padded.
生成了一個物件
Fewer observations (0) made than vector observation size (7). The observations will be padded.
Fewer observations (0) made than vector observation size (7). The observations will be padded.
Fewer observations (0) made than vector observation size (7). The observations will be padded.
生成了一個物件
Fewer observations (0) made than vector observation size (7). The observations will be padded.
FrontWall hit: ground 1(Clone) normalX=1
Fewer observations (0) made than vector observation size (7). The observations will be padded.
生成了一個物件
Fewer observations (0) made than vector observation size (7). The observations will be padded.
Fewer observations (0) made than vector observation size (7). The observations will be padded.
Fewer observations (0) made than vector observation size (7). The observations will be padded.
生成了一個物件
Fewer observations (0) made than vector observation size (7). The observations will be padded.
Fewer observations (0) made than vector observation size (7). The observations will be padded.
Fewer observations (0) made than vector observation size (7). The observations will be padded.
Player died!
Fewer observations (0) made than vector observation size (7). The observations will be padded.
Player died!
Unloading 3 Unused Serialized files (Serialized files now loaded: 0)
UnloadTime: 4.645400 ms
Unloading 1 unused Assets to reduce memory usage. Loaded Objects now: 2872.
Total: 1.397800 ms (FindLiveObjects: 0.088300 ms CreateObjectMapping: 0.037200 ms MarkObjects: 1.262100 ms  DeleteObjects: 0.010100 ms)

Unloading 3 Unused Serialized files (Serialized files now loaded: 0)
Fewer observations (0) made than vector observation size (7). The observations will be padded.
UnloadTime: 0.512100 ms
Unloading 1 unused Assets to reduce memory usage. Loaded Objects now: 2872.
Total: 0.827400 ms (FindLiveObjects: 0.083700 ms CreateObjectMapping: 0.038000 ms MarkObjects: 0.697400 ms  DeleteObjects: 0.007900 ms)

[LoadMap] Using main map source: D:\Unity\ML-agent\Map\Decode.txt
[LoadFinishMap] Using finish map source: D:\Unity\ML-agent\Map\finishmap.txt
[LoadFinishMap] Finish size = 15 x 15, new rightX = 215
[LoadMap] Done. Main size = 200 x 15, rightX = 215
Fewer observations (0) made than vector observation size (7). The observations will be padded.
FrontWall hit: ground 1(Clone) normalX=1
FrontWall hit: ground 1(Clone) normalX=1
FrontWall hit: ground 1(Clone) normalX=1
Fewer observations (0) made than vector observation size (7). The observations will be padded.
Fewer observations (0) made than vector observation size (7). The observations will be padded.
FrontWall hit: ground 1(Clone) normalX=1
FrontWall hit: ground 1(Clone) normalX=1
FrontWall hit: ground 1(Clone) normalX=1
Fewer observations (0) made than vector observation size (7). The observations will be padded.
Fewer observations (0) made than vector observation size (7). The observations will be padded.
FrontWall hit: ground 1(Clone) normalX=1
FrontWall hit: ground 1(Clone) normalX=1
FrontWall hit: ground 1(Clone) normalX=1
Fewer observations (0) made than vector observation size (7). The observations will be padded.
Fewer observations (0) made than vector observation size (7). The observations will be padded.
Fewer observations (0) made than vector observation size (7). The observations will be padded.
Fewer observations (0) made than vector observation size (7). The observations will be padded.
Fewer observations (0) made than vector observation size (7). The observations will be padded.
Fewer observations (0) made than vector observation size (7). The observations will be padded.
生成了一個物件
Fewer observations (0) made than vector observation size (7). The observations will be padded.
Fewer observations (0) made than vector observation size (7). The observations will be padded.
生成了一個物件
Fewer observations (0) made than vector observation size (7). The observations will be padded.
Fewer observations (0) made than vector observation size (7). The observations will be padded.
生成了一個物件
Fewer observations (0) made than vector observation size (7). The observations will be padded.
生成了一個物件
Fewer observations (0) made than vector observation size (7). The observations will be padded.
Fewer observations (0) made than vector observation size (7). The observations will be padded.
Fewer observations (0) made than vector observation size (7). The observations will be padded.
Fewer observations (0) made than vector observation size (7). The observations will be padded.
Fewer observations (0) made than vector observation size (7). The observations will be padded.
Fewer observations (0) made than vector observation size (7). The observations will be padded.
Fewer observations (0) made than vector observation size (7). The observations will be padded.
Fewer observations (0) made than vector observation size (7). The observations will be padded.
Fewer observations (0) made than vector observation size (7). The observations will be padded.
Fewer observations (0) made than vector observation size (7). The observations will be padded.
Fewer observations (0) made than vector observation size (7). The observations will be padded.
Fewer observations (0) made than vector observation size (7). The observations will be padded.
生成了一個物件
Fewer observations (0) made than vector observation size (7). The observations will be padded.
Fewer observations (0) made than vector observation size (7). The observations will be padded.
生成了一個物件
Fewer observations (0) made than vector observation size (7). The observations will be padded.
Fewer observations (0) made than vector observation size (7). The observations will be padded.
生成了一個物件
Fewer observations (0) made than vector observation size (7). The observations will be padded.
生成了一個物件
Fewer observations (0) made than vector observation size (7). The observations will be padded.
Fewer observations (0) made than vector observation size (7). The observations will be padded.
Fewer observations (0) made than vector observation size (7). The observations will be padded.
Fewer observations (0) made than vector observation size (7). The observations will be padded.
Fewer observations (0) made than vector observation size (7). The observations will be padded.
Fewer observations (0) made than vector observation size (7). The observations will be padded.
Fewer observations (0) made than vector observation size (7). The observations will be padded.
Fewer observations (0) made than vector observation size (7). The observations will be padded.
Fewer observations (0) made than vector observation size (7). The observations will be padded.
Fewer observations (0) made than vector observation size (7). The observations will be padded.
Fewer observations (0) made than vector observation size (7). The observations will be padded.
生成了一個物件
Fewer observations (0) made than vector observation size (7). The observations will be padded.
Fewer observations (0) made than vector observation size (7). The observations will be padded.
生成了一個物件
Fewer observations (0) made than vector observation size (7). The observations will be padded.
Fewer observations (0) made than vector observation size (7). The observations will be padded.
生成了一個物件
Fewer observations (0) made than vector observation size (7). The observations will be padded.
Fewer observations (0) made than vector observation size (7). The observations will be padded.
生成了一個物件
Fewer observations (0) made than vector observation size (7). The observations will be padded.
Player died!
Fewer observations (0) made than vector observation size (7). The observations will be padded.
Player died!
FrontWall hit: ground 1(Clone) normalX=-1
Unloading 3 Unused Serialized files (Serialized files now loaded: 0)
UnloadTime: 5.355100 ms
Unloading 1 unused Assets to reduce memory usage. Loaded Objects now: 2872.
Total: 1.158400 ms (FindLiveObjects: 0.115400 ms CreateObjectMapping: 0.044700 ms MarkObjects: 0.984800 ms  DeleteObjects: 0.013300 ms)

Unloading 3 Unused Serialized files (Serialized files now loaded: 0)
Fewer observations (0) made than vector observation size (7). The observations will be padded.
UnloadTime: 0.873500 ms
Unloading 1 unused Assets to reduce memory usage. Loaded Objects now: 2872.
Total: 1.410400 ms (FindLiveObjects: 0.147700 ms CreateObjectMapping: 0.056900 ms MarkObjects: 1.189800 ms  DeleteObjects: 0.015900 ms)

[LoadMap] Using main map source: D:\Unity\ML-agent\Map\Decode.txt
[LoadFinishMap] Using finish map source: D:\Unity\ML-agent\Map\finishmap.txt
[LoadFinishMap] Finish size = 15 x 15, new rightX = 215
[LoadMap] Done. Main size = 200 x 15, rightX = 215
Fewer observations (0) made than vector observation size (7). The observations will be padded.
Fewer observations (0) made than vector observation size (7). The observations will be padded.
Fewer observations (0) made than vector observation size (7). The observations will be padded.
Fewer observations (0) made than vector observation size (7). The observations will be padded.
Fewer observations (0) made than vector observation size (7). The observations will be padded.
Fewer observations (0) made than vector observation size (7). The observations will be padded.
Fewer observations (0) made than vector observation size (7). The observations will be padded.
Fewer observations (0) made than vector observation size (7). The observations will be padded.
Fewer observations (0) made than vector observation size (7). The observations will be padded.
Fewer observations (0) made than vector observation size (7). The observations will be padded.
Fewer observations (0) made than vector observation size (7). The observations will be padded.
Fewer observations (0) made than vector observation size (7). The observations will be padded.
Fewer observations (0) made than vector observation size (7). The observations will be padded.
Fewer observations (0) made than vector observation size (7). The observations will be padded.
Fewer observations (0) made than vector observation size (7). The observations will be padded.
Fewer observations (0) made than vector observation size (7). The observations will be padded.
Fewer observations (0) made than vector observation size (7). The observations will be padded.
Fewer observations (0) made than vector observation size (7). The observations will be padded.
Fewer observations (0) made than vector observation size (7). The observations will be padded.
Fewer observations (0) made than vector observation size (7). The observations will be padded.
Fewer observations (0) made than vector observation size (7). The observations will be padded.
生成了一個物件
Fewer observations (0) made than vector observation size (7). The observations will be padded.
生成了一個物件
Fewer observations (0) made than vector observation size (7). The observations will be padded.
Fewer observations (0) made than vector observation size (7). The observations will be padded.
生成了一個物件
生成了一個物件
Fewer observations (0) made than vector observation size (7). The observations will be padded.
Fewer observations (0) made than vector observation size (7). The observations will be padded.
Fewer observations (0) made than vector observation size (7). The observations will be padded.
Fewer observations (0) made than vector observation size (7). The observations will be padded.
Fewer observations (0) made than vector observation size (7). The observations will be padded.
Fewer observations (0) made than vector observation size (7). The observations will be padded.
Fewer observations (0) made than vector observation size (7). The observations will be padded.
Fewer observations (0) made than vector observation size (7). The observations will be padded.
Fewer observations (0) made than vector observation size (7). The observations will be padded.
Fewer observations (0) made than vector observation size (7). The observations will be padded.
Fewer observations (0) made than vector observation size (7). The observations will be padded.
Fewer observations (0) made than vector observation size (7). The observations will be padded.
Fewer observations (0) made than vector observation size (7). The observations will be padded.
Fewer observations (0) made than vector observation size (7). The observations will be padded.
生成了一個物件
Fewer observations (0) made than vector observation size (7). The observations will be padded.
生成了一個物件
Fewer observations (0) made than vector observation size (7). The observations will be padded.
生成了一個物件
Fewer observations (0) made than vector observation size (7). The observations will be padded.
生成了一個物件
Fewer observations (0) made than vector observation size (7). The observations will be padded.
Fewer observations (0) made than vector observation size (7). The observations will be padded.
Fewer observations (0) made than vector observation size (7). The observations will be padded.
Fewer observations (0) made than vector observation size (7). The observations will be padded.
Fewer observations (0) made than vector observation size (7). The observations will be padded.
Fewer observations (0) made than vector observation size (7). The observations will be padded.
Fewer observations (0) made than vector observation size (7). The observations will be padded.
Fewer observations (0) made than vector observation size (7). The observations will be padded.
Fewer observations (0) made than vector observation size (7). The observations will be padded.
Fewer observations (0) made than vector observation size (7). The observations will be padded.
Fewer observations (0) made than vector observation size (7). The observations will be padded.
Fewer observations (0) made than vector observation size (7). The observations will be padded.
Fewer observations (0) made than vector observation size (7). The observations will be padded.
生成了一個物件
Fewer observations (0) made than vector observation size (7). The observations will be padded.
Fewer observations (0) made than vector observation size (7). The observations will be padded.
Player died!
Fewer observations (0) made than vector observation size (7). The observations will be padded.
生成了一個物件
Unloading 3 Unused Serialized files (Serialized files now loaded: 0)
UnloadTime: 3.151900 ms
Unloading 1 unused Assets to reduce memory usage. Loaded Objects now: 2872.
Total: 0.892700 ms (FindLiveObjects: 0.084900 ms CreateObjectMapping: 0.067300 ms MarkObjects: 0.731600 ms  DeleteObjects: 0.008400 ms)

[LoadMap] Using main map source: D:\Unity\ML-agent\Map\Decode.txt
[LoadFinishMap] Using finish map source: D:\Unity\ML-agent\Map\finishmap.txt
[LoadFinishMap] Finish size = 15 x 15, new rightX = 215
[LoadMap] Done. Main size = 200 x 15, rightX = 215
生成了一個物件
Fewer observations (0) made than vector observation size (7). The observations will be padded.
Fewer observations (0) made than vector observation size (7). The observations will be padded.
Fewer observations (0) made than vector observation size (7). The observations will be padded.
Fewer observations (0) made than vector observation size (7). The observations will be padded.
Fewer observations (0) made than vector observation size (7). The observations will be padded.
Fewer observations (0) made than vector observation size (7). The observations will be padded.
Fewer observations (0) made than vector observation size (7). The observations will be padded.
Fewer observations (0) made than vector observation size (7). The observations will be padded.
Fewer observations (0) made than vector observation size (7). The observations will be padded.
Fewer observations (0) made than vector observation size (7). The observations will be padded.
Fewer observations (0) made than vector observation size (7). The observations will be padded.
Fewer observations (0) made than vector observation size (7). The observations will be padded.
Fewer observations (0) made than vector observation size (7). The observations will be padded.
Fewer observations (0) made than vector observation size (7). The observations will be padded.
Fewer observations (0) made than vector observation size (7). The observations will be padded.
Fewer observations (0) made than vector observation size (7). The observations will be padded.
Fewer observations (0) made than vector observation size (7). The observations will be padded.
生成了一個物件
Fewer observations (0) made than vector observation size (7). The observations will be padded.
Fewer observations (0) made than vector observation size (7). The observations will be padded.
Fewer observations (0) made than vector observation size (7). The observations will be padded.
Fewer observations (0) made than vector observation size (7). The observations will be padded.
Fewer observations (0) made than vector observation size (7). The observations will be padded.
Fewer observations (0) made than vector observation size (7). The observations will be padded.
Fewer observations (0) made than vector observation size (7). The observations will be padded.
生成了一個物件
Fewer observations (0) made than vector observation size (7). The observations will be padded.
生成了一個物件
Fewer observations (0) made than vector observation size (7). The observations will be padded.
生成了一個物件
Fewer observations (0) made than vector observation size (7). The observations will be padded.
Fewer observations (0) made than vector observation size (7). The observations will be padded.
Fewer observations (0) made than vector observation size (7). The observations will be padded.
Fewer observations (0) made than vector observation size (7). The observations will be padded.
Fewer observations (0) made than vector observation size (7). The observations will be padded.
Fewer observations (0) made than vector observation size (7). The observations will be padded.
Fewer observations (0) made than vector observation size (7). The observations will be padded.
Fewer observations (0) made than vector observation size (7). The observations will be padded.
生成了一個物件
Fewer observations (0) made than vector observation size (7). The observations will be padded.
Fewer observations (0) made than vector observation size (7). The observations will be padded.
Fewer observations (0) made than vector observation size (7). The observations will be padded.
Fewer observations (0) made than vector observation size (7). The observations will be padded.
Fewer observations (0) made than vector observation size (7). The observations will be padded.
Fewer observations (0) made than vector observation size (7). The observations will be padded.
Fewer observations (0) made than vector observation size (7). The observations will be padded.
生成了一個物件
Fewer observations (0) made than vector observation size (7). The observations will be padded.
生成了一個物件
Fewer observations (0) made than vector observation size (7). The observations will be padded.
生成了一個物件
Fewer observations (0) made than vector observation size (7). The observations will be padded.
Fewer observations (0) made than vector observation size (7). The observations will be padded.
Fewer observations (0) made than vector observation size (7). The observations will be padded.
Fewer observations (0) made than vector observation size (7). The observations will be padded.
Fewer observations (0) made than vector observation size (7). The observations will be padded.
Fewer observations (0) made than vector observation size (7). The observations will be padded.
Fewer observations (0) made than vector observation size (7). The observations will be padded.
Player died!
Fewer observations (0) made than vector observation size (7). The observations will be padded.
生成了一個物件
Fewer observations (0) made than vector observation size (7). The observations will be padded.
FrontWall hit: ground 1(Clone) normalX=-1
Unloading 3 Unused Serialized files (Serialized files now loaded: 0)
Fewer observations (0) made than vector observation size (7). The observations will be padded.
UnloadTime: 3.592600 ms
Unloading 1 unused Assets to reduce memory usage. Loaded Objects now: 2872.
Total: 1.095200 ms (FindLiveObjects: 0.087200 ms CreateObjectMapping: 0.038300 ms MarkObjects: 0.959200 ms  DeleteObjects: 0.010300 ms)

[LoadMap] Using main map source: D:\Unity\ML-agent\Map\Decode.txt
[LoadFinishMap] Using finish map source: D:\Unity\ML-agent\Map\finishmap.txt
[LoadFinishMap] Finish size = 15 x 15, new rightX = 215
[LoadMap] Done. Main size = 200 x 15, rightX = 215
Fewer observations (0) made than vector observation size (7). The observations will be padded.
FrontWall hit: ground 1(Clone) normalX=1
FrontWall hit: ground 1(Clone) normalX=1
FrontWall hit: ground 1(Clone) normalX=1
Fewer observations (0) made than vector observation size (7). The observations will be padded.
生成了一個物件
Fewer observations (0) made than vector observation size (7). The observations will be padded.
Fewer observations (0) made than vector observation size (7). The observations will be padded.
Fewer observations (0) made than vector observation size (7). The observations will be padded.
Fewer observations (0) made than vector observation size (7). The observations will be padded.
Fewer observations (0) made than vector observation size (7). The observations will be padded.
Setting up 6 worker threads for Enlighten.
Memory Statistics:
[ALLOC_TEMP_TLS] TLS Allocator
  StackAllocators : 
    [ALLOC_TEMP_MAIN]
      Peak usage frame count: [4.0 KB-8.0 KB]: 820 frames, [8.0 KB-16.0 KB]: 477 frames, [16.0 KB-32.0 KB]: 21987 frames, [256.0 KB-0.5 MB]: 136 frames, [2.0 MB-4.0 MB]: 1 frames
      Initial Block Size 4.0 MB
      Current Block Size 4.0 MB
      Peak Allocated Bytes 2.1 MB
      Overflow Count 0
    [ALLOC_TEMP_Background Job.worker 4]
      Initial Block Size 32.0 KB
      Current Block Size 32.0 KB
      Peak Allocated Bytes 54 B
      Overflow Count 0
    [ALLOC_TEMP_Loading.PreloadManager]
      Initial Block Size 256.0 KB
      Current Block Size 256.0 KB
      Peak Allocated Bytes 225.9 KB
      Overflow Count 936
    [ALLOC_TEMP_Background Job.worker 3]
      Initial Block Size 32.0 KB
      Current Block Size 32.0 KB
      Peak Allocated Bytes 54 B
      Overflow Count 0
    [ALLOC_TEMP_Background Job.worker 11]
      Initial Block Size 32.0 KB
      Current Block Size 32.0 KB
      Peak Allocated Bytes 54 B
      Overflow Count 0
    [ALLOC_TEMP_Background Job.worker 7]
      Initial Block Size 32.0 KB
      Current Block Size 32.0 KB
      Peak Allocated Bytes 54 B
      Overflow Count 0
    [ALLOC_TEMP_Background Job.worker 6]
      Initial Block Size 32.0 KB
      Current Block Size 32.0 KB
      Peak Allocated Bytes 54 B
      Overflow Count 0
    [ALLOC_TEMP_Background Job.worker 12]
      Initial Block Size 32.0 KB
      Current Block Size 32.0 KB
      Peak Allocated Bytes 54 B
      Overflow Count 0
    [ALLOC_TEMP_Background Job.worker 2]
      Initial Block Size 32.0 KB
      Current Block Size 32.0 KB
      Peak Allocated Bytes 54 B
      Overflow Count 0
    [ALLOC_TEMP_Background Job.worker 9]
      Initial Block Size 32.0 KB
      Current Block Size 32.0 KB
      Peak Allocated Bytes 54 B
      Overflow Count 0
    [ALLOC_TEMP_Job.worker 0]
      Initial Block Size 256.0 KB
      Current Block Size 256.0 KB
      Peak Allocated Bytes 16 B
      Overflow Count 0
    [ALLOC_TEMP_Job.worker 4]
      Initial Block Size 256.0 KB
      Current Block Size 256.0 KB
      Peak Allocated Bytes 16 B
      Overflow Count 0
    [ALLOC_TEMP_Job.worker 5]
      Initial Block Size 256.0 KB
      Current Block Size 256.0 KB
      Peak Allocated Bytes 16 B
      Overflow Count 0
    [ALLOC_TEMP_Background Job.worker 8]
      Initial Block Size 32.0 KB
      Current Block Size 32.0 KB
      Peak Allocated Bytes 54 B
      Overflow Count 0
    [ALLOC_TEMP_Background Job.worker 10]
      Initial Block Size 32.0 KB
      Current Block Size 32.0 KB
      Peak Allocated Bytes 54 B
      Overflow Count 0
    [ALLOC_TEMP_Background Job.worker 1]
      Initial Block Size 32.0 KB
      Current Block Size 32.0 KB
      Peak Allocated Bytes 54 B
      Overflow Count 0
    [ALLOC_TEMP_EnlightenWorker] x 6
      Initial Block Size 64.0 KB
      Current Block Size 64.0 KB
      Peak Allocated Bytes 54 B
      Overflow Count 0
    [ALLOC_TEMP_Job.worker 1]
      Initial Block Size 256.0 KB
      Current Block Size 256.0 KB
      Peak Allocated Bytes 199 B
      Overflow Count 0
    [ALLOC_TEMP_Job.worker 3]
      Initial Block Size 256.0 KB
      Current Block Size 256.0 KB
      Peak Allocated Bytes 16 B
      Overflow Count 0
    [ALLOC_TEMP_Background Job.worker 5]
      Initial Block Size 32.0 KB
      Current Block Size 32.0 KB
      Peak Allocated Bytes 54 B
      Overflow Count 0
    [ALLOC_TEMP_Background Job.worker 13]
      Initial Block Size 32.0 KB
      Current Block Size 32.0 KB
      Peak Allocated Bytes 54 B
      Overflow Count 0
    [ALLOC_TEMP_UnityGfxDeviceWorker]
      Initial Block Size 256.0 KB
      Current Block Size 256.0 KB
      Peak Allocated Bytes 1.7 KB
      Overflow Count 0
    [ALLOC_TEMP_AssetGarbageCollectorHelper] x 11
      Initial Block Size 64.0 KB
      Current Block Size 64.0 KB
      Peak Allocated Bytes 138 B
      Overflow Count 0
    [ALLOC_TEMP_Background Job.worker 15]
      Initial Block Size 32.0 KB
      Current Block Size 32.0 KB
      Peak Allocated Bytes 54 B
      Overflow Count 0
    [ALLOC_TEMP_Job.worker 2]
      Initial Block Size 256.0 KB
      Current Block Size 256.0 KB
      Peak Allocated Bytes 192 B
      Overflow Count 0
    [ALLOC_TEMP_Job.worker 10]
      Initial Block Size 256.0 KB
      Current Block Size 256.0 KB
      Peak Allocated Bytes 54 B
      Overflow Count 0
    [ALLOC_TEMP_Job.worker 7]
      Initial Block Size 256.0 KB
      Current Block Size 256.0 KB
      Peak Allocated Bytes 16 B
      Overflow Count 0
    [ALLOC_TEMP_Job.worker 9]
      Initial Block Size 256.0 KB
      Current Block Size 256.0 KB
      Peak Allocated Bytes 16 B
      Overflow Count 0
    [ALLOC_TEMP_Background Job.worker 0]
      Initial Block Size 32.0 KB
      Current Block Size 32.0 KB
      Peak Allocated Bytes 54 B
      Overflow Count 0
    [ALLOC_TEMP_Job.worker 6]
      Initial Block Size 256.0 KB
      Current Block Size 256.0 KB
      Peak Allocated Bytes 16 B
      Overflow Count 0
    [ALLOC_TEMP_Job.worker 8]
      Initial Block Size 256.0 KB
      Current Block Size 256.0 KB
      Peak Allocated Bytes 16 B
      Overflow Count 0
    [ALLOC_TEMP_Background Job.worker 14]
      Initial Block Size 32.0 KB
      Current Block Size 32.0 KB
      Peak Allocated Bytes 54 B
      Overflow Count 0
    [ALLOC_TEMP_Loading.AsyncRead]
      Initial Block Size 64.0 KB
      Current Block Size 64.0 KB
      Peak Allocated Bytes 189 B
      Overflow Count 0
    [ALLOC_TEMP_BatchDeleteObjects]
      Initial Block Size 64.0 KB
      Current Block Size 64.0 KB
      Peak Allocated Bytes 54 B
      Overflow Count 0
[ALLOC_DEFAULT] Dual Thread Allocator
  Peak main deferred allocation count 3036
    [ALLOC_BUCKET]
      Large Block size 4.0 MB
      Used Block count 1
      Peak Allocated bytes 1.8 MB
    [ALLOC_DEFAULT_MAIN]
      Peak usage frame count: [16.0 MB-32.0 MB]: 23421 frames
      Requested Block Size 16.0 MB
      Peak Block count 2
      Peak Allocated memory 26.4 MB
      Peak Large allocation bytes 8.0 MB
    [ALLOC_DEFAULT_THREAD]
      Peak usage frame count: [16.0 MB-32.0 MB]: 23421 frames
      Requested Block Size 16.0 MB
      Peak Block count 1
      Peak Allocated memory 22.1 MB
      Peak Large allocation bytes 16.0 MB
[ALLOC_TEMP_JOB_1_FRAME]
  Initial Block Size 2.0 MB
  Used Block Count 0
  Overflow Count (too large) 0
  Overflow Count (full) 0
[ALLOC_TEMP_JOB_2_FRAMES]
  Initial Block Size 2.0 MB
  Used Block Count 0
  Overflow Count (too large) 0
  Overflow Count (full) 0
[ALLOC_TEMP_JOB_4_FRAMES (JobTemp)]
  Initial Block Size 2.0 MB
  Used Block Count 1
  Overflow Count (too large) 0
  Overflow Count (full) 0
[ALLOC_TEMP_JOB_ASYNC (Background)]
  Initial Block Size 1.0 MB
  Used Block Count 1
  Overflow Count (too large) 0
  Overflow Count (full) 0
[ALLOC_GFX] Dual Thread Allocator
  Peak main deferred allocation count 2
    [ALLOC_BUCKET]
      Large Block size 4.0 MB
      Used Block count 1
      Peak Allocated bytes 1.8 MB
    [ALLOC_GFX_MAIN]
      Peak usage frame count: [32.0 KB-64.0 KB]: 23420 frames, [128.0 KB-256.0 KB]: 1 frames
      Requested Block Size 16.0 MB
      Peak Block count 1
      Peak Allocated memory 172.8 KB
      Peak Large allocation bytes 0 B
    [ALLOC_GFX_THREAD]
      Peak usage frame count: [1.0 MB-2.0 MB]: 23421 frames
      Requested Block Size 16.0 MB
      Peak Block count 1
      Peak Allocated memory 1.1 MB
      Peak Large allocation bytes 0 B
[ALLOC_CACHEOBJECTS] Dual Thread Allocator
  Peak main deferred allocation count 26
    [ALLOC_BUCKET]
      Large Block size 4.0 MB
      Used Block count 1
      Peak Allocated bytes 1.8 MB
    [ALLOC_CACHEOBJECTS_MAIN]
      Peak usage frame count: [1.0 MB-2.0 MB]: 23421 frames
      Requested Block Size 4.0 MB
      Peak Block count 1
      Peak Allocated memory 1.4 MB
      Peak Large allocation bytes 0 B
    [ALLOC_CACHEOBJECTS_THREAD]
      Peak usage frame count: [16.0 MB-32.0 MB]: 23421 frames
      Requested Block Size 4.0 MB
      Peak Block count 1
      Peak Allocated memory 22.5 MB
      Peak Large allocation bytes 20.7 MB
[ALLOC_TYPETREE] Dual Thread Allocator
  Peak main deferred allocation count 0
    [ALLOC_BUCKET]
      Large Block size 4.0 MB
      Used Block count 1
      Peak Allocated bytes 1.8 MB
    [ALLOC_TYPETREE_MAIN]
      Peak usage frame count: [4.0 KB-8.0 KB]: 23421 frames
      Requested Block Size 2.0 MB
      Peak Block count 1
      Peak Allocated memory 4.1 KB
      Peak Large allocation bytes 0 B
    [ALLOC_TYPETREE_THREAD]
      Peak usage frame count: [4.0 KB-8.0 KB]: 23421 frames
      Requested Block Size 2.0 MB
      Peak Block count 1
      Peak Allocated memory 7.8 KB
      Peak Large allocation bytes 0 B
