Mono path[0] = 'D:/Unity/ML-agent/AI Agent_Data/Managed'
Mono config path = 'D:/Unity/ML-agent/MonoBleedingEdge/etc'
[Physics::Module] Initialized MultithreadedJobDispatcher with 11 workers.
Initialize engine version: 2022.3.20f1 (61c2feb0970d)
[Subsystems] Discovering subsystems at path D:/Unity/ML-agent/AI Agent_Data/UnitySubsystems
GfxDevice: creating device client; threaded=1; jobified=0
Direct3D:
    Version:  Direct3D 11.0 [level 11.1]
    Renderer: NVIDIA GeForce RTX 4060 Laptop GPU (ID=0x28a0)
    Vendor:   NVIDIA
    VRAM:     7957 MB
    Driver:   32.0.15.7680
Begin MonoManager ReloadAssembly
- Loaded All Assemblies, in 20.056 seconds
- Finished resetting the current domain, in  0.001 seconds
<RI> Initializing input.
<RI> Input initialized.
<RI> Initialized touch support.
UnloadTime: 8.496600 ms
Registered Communicator in Agent.
[LoadMap] Using main map source: D:\Unity\ML-agent\Map\Decode.txt
[LoadFinishMap] Using finish map source: D:\Unity\ML-agent\Map\finishmap.txt
[LoadFinishMap] Finish size = 15 x 15, new rightX = 215
[LoadMap] Done. Main size = 200 x 15, rightX = 215
Fewer observations (0) made than vector observation size (7). The observations will be padded.
FrontWall hit: ground 1(Clone) normalX=1
FrontWall hit: ground 1(Clone) normalX=1
FrontWall hit: ground 1(Clone) normalX=1
Fewer observations (0) made than vector observation size (7). The observations will be padded.
FrontWall hit: ground 1(Clone) normalX=1
FrontWall hit: ground 1(Clone) normalX=1
FrontWall hit: ground 1(Clone) normalX=1
Fewer observations (0) made than vector observation size (7). The observations will be padded.
Fewer observations (0) made than vector observation size (7). The observations will be padded.
FrontWall hit: ground 1(Clone) normalX=1
FrontWall hit: ground 1(Clone) normalX=1
FrontWall hit: ground 1(Clone) normalX=1
Fewer observations (0) made than vector observation size (7). The observations will be padded.
Fewer observations (0) made than vector observation size (7). The observations will be padded.
Fewer observations (0) made than vector observation size (7). The observations will be padded.
Fewer observations (0) made than vector observation size (7). The observations will be padded.
Fewer observations (0) made than vector observation size (7). The observations will be padded.
Fewer observations (0) made than vector observation size (7). The observations will be padded.
Fewer observations (0) made than vector observation size (7). The observations will be padded.
Fewer observations (0) made than vector observation size (7). The observations will be padded.
生成了一個物件
Fewer observations (0) made than vector observation size (7). The observations will be padded.
Fewer observations (0) made than vector observation size (7). The observations will be padded.
Fewer observations (0) made than vector observation size (7). The observations will be padded.
Fewer observations (0) made than vector observation size (7). The observations will be padded.
Fewer observations (0) made than vector observation size (7). The observations will be padded.
Fewer observations (0) made than vector observation size (7). The observations will be padded.
Fewer observations (0) made than vector observation size (7). The observations will be padded.
Fewer observations (0) made than vector observation size (7). The observations will be padded.
Fewer observations (0) made than vector observation size (7). The observations will be padded.
Fewer observations (0) made than vector observation size (7). The observations will be padded.
Fewer observations (0) made than vector observation size (7). The observations will be padded.
FrontWall hit: ground 1(Clone) normalX=1
FrontWall hit: ground 1(Clone) normalX=1
FrontWall hit: ground 1(Clone) normalX=1
Fewer observations (0) made than vector observation size (7). The observations will be padded.
Fewer observations (0) made than vector observation size (7). The observations will be padded.
Fewer observations (0) made than vector observation size (7). The observations will be padded.
Fewer observations (0) made than vector observation size (7). The observations will be padded.
FrontWall hit: ground 1(Clone) normalX=1
FrontWall hit: ground 1(Clone) normalX=1
FrontWall hit: ground 1(Clone) normalX=1
Fewer observations (0) made than vector observation size (7). The observations will be padded.
Fewer observations (0) made than vector observation size (7). The observations will be padded.
生成了一個物件
Fewer observations (0) made than vector observation size (7). The observations will be padded.
Fewer observations (0) made than vector observation size (7). The observations will be padded.
Fewer observations (0) made than vector observation size (7). The observations will be padded.
Fewer observations (0) made than vector observation size (7). The observations will be padded.
Fewer observations (0) made than vector observation size (7). The observations will be padded.
Fewer observations (0) made than vector observation size (7). The observations will be padded.
Fewer observations (0) made than vector observation size (7). The observations will be padded.
Fewer observations (0) made than vector observation size (7). The observations will be padded.
Fewer observations (0) made than vector observation size (7). The observations will be padded.
Fewer observations (0) made than vector observation size (7). The observations will be padded.
Fewer observations (0) made than vector observation size (7). The observations will be padded.
Fewer observations (0) made than vector observation size (7). The observations will be padded.
Fewer observations (0) made than vector observation size (7). The observations will be padded.
Fewer observations (0) made than vector observation size (7). The observations will be padded.
Fewer observations (0) made than vector observation size (7). The observations will be padded.
Fewer observations (0) made than vector observation size (7). The observations will be padded.
Fewer observations (0) made than vector observation size (7). The observations will be padded.
生成了一個物件
Fewer observations (0) made than vector observation size (7). The observations will be padded.
Fewer observations (0) made than vector observation size (7). The observations will be padded.
Fewer observations (0) made than vector observation size (7). The observations will be padded.
Fewer observations (0) made than vector observation size (7). The observations will be padded.
Fewer observations (0) made than vector observation size (7). The observations will be padded.
Fewer observations (0) made than vector observation size (7). The observations will be padded.
Fewer observations (0) made than vector observation size (7). The observations will be padded.
Fewer observations (0) made than vector observation size (7). The observations will be padded.
Fewer observations (0) made than vector observation size (7). The observations will be padded.
Fewer observations (0) made than vector observation size (7). The observations will be padded.
Fewer observations (0) made than vector observation size (7). The observations will be padded.
Fewer observations (0) made than vector observation size (7). The observations will be padded.
Fewer observations (0) made than vector observation size (7). The observations will be padded.
Fewer observations (0) made than vector observation size (7). The observations will be padded.
Fewer observations (0) made than vector observation size (7). The observations will be padded.
Fewer observations (0) made than vector observation size (7). The observations will be padded.
生成了一個物件
Fewer observations (0) made than vector observation size (7). The observations will be padded.
Fewer observations (0) made than vector observation size (7). The observations will be padded.
Fewer observations (0) made than vector observation size (7). The observations will be padded.
Fewer observations (0) made than vector observation size (7). The observations will be padded.
Fewer observations (0) made than vector observation size (7). The observations will be padded.
Fewer observations (0) made than vector observation size (7). The observations will be padded.
Fewer observations (0) made than vector observation size (7). The observations will be padded.
FrontWall hit: ground 1(Clone) normalX=1
FrontWall hit: ground 1(Clone) normalX=1
Fewer observations (0) made than vector observation size (7). The observations will be padded.
Fewer observations (0) made than vector observation size (7). The observations will be padded.
FrontWall hit: ground 1(Clone) normalX=1
FrontWall hit: ground 1(Clone) normalX=1
FrontWall hit: ground 1(Clone) normalX=1
Fewer observations (0) made than vector observation size (7). The observations will be padded.
Fewer observations (0) made than vector observation size (7). The observations will be padded.
FrontWall hit: ground 1(Clone) normalX=1
FrontWall hit: ground 1(Clone) normalX=1
FrontWall hit: ground 1(Clone) normalX=1
Fewer observations (0) made than vector observation size (7). The observations will be padded.
Fewer observations (0) made than vector observation size (7). The observations will be padded.
Fewer observations (0) made than vector observation size (7). The observations will be padded.
Fewer observations (0) made than vector observation size (7). The observations will be padded.
Fewer observations (0) made than vector observation size (7). The observations will be padded.
FrontWall hit: ground 1(Clone) normalX=1
FrontWall hit: ground 1(Clone) normalX=1
FrontWall hit: ground 1(Clone) normalX=1
Fewer observations (0) made than vector observation size (7). The observations will be padded.
生成了一個物件
Fewer observations (0) made than vector observation size (7). The observations will be padded.
Fewer observations (0) made than vector observation size (7). The observations will be padded.
Fewer observations (0) made than vector observation size (7). The observations will be padded.
Fewer observations (0) made than vector observation size (7). The observations will be padded.
FrontWall hit: ground 1(Clone) normalX=1
FrontWall hit: ground 1(Clone) normalX=1
FrontWall hit: ground 1(Clone) normalX=1
Fewer observations (0) made than vector observation size (7). The observations will be padded.
FrontWall hit: ground 1(Clone) normalX=1
FrontWall hit: ground 1(Clone) normalX=1
FrontWall hit: ground 1(Clone) normalX=1
Fewer observations (0) made than vector observation size (7). The observations will be padded.
FrontWall hit: ground 1(Clone) normalX=1
FrontWall hit: ground 1(Clone) normalX=1
FrontWall hit: ground 1(Clone) normalX=1
Fewer observations (0) made than vector observation size (7). The observations will be padded.
Fewer observations (0) made than vector observation size (7). The observations will be padded.
FrontWall hit: ground 1(Clone) normalX=1
FrontWall hit: ground 1(Clone) normalX=1
FrontWall hit: ground 1(Clone) normalX=1
Fewer observations (0) made than vector observation size (7). The observations will be padded.
Fewer observations (0) made than vector observation size (7). The observations will be padded.
Fewer observations (0) made than vector observation size (7). The observations will be padded.
Fewer observations (0) made than vector observation size (7). The observations will be padded.
Fewer observations (0) made than vector observation size (7). The observations will be padded.
Fewer observations (0) made than vector observation size (7). The observations will be padded.
Fewer observations (0) made than vector observation size (7). The observations will be padded.
Fewer observations (0) made than vector observation size (7). The observations will be padded.
Fewer observations (0) made than vector observation size (7). The observations will be padded.
生成了一個物件
Fewer observations (0) made than vector observation size (7). The observations will be padded.
Fewer observations (0) made than vector observation size (7). The observations will be padded.
Player died!
Fewer observations (0) made than vector observation size (7). The observations will be padded.
Fewer observations (0) made than vector observation size (7). The observations will be padded.
Unloading 4 Unused Serialized files (Serialized files now loaded: 0)
Fewer observations (0) made than vector observation size (7). The observations will be padded.
UnloadTime: 9.028900 ms
Unloading 2 unused Assets to reduce memory usage. Loaded Objects now: 2872.
Total: 1.459000 ms (FindLiveObjects: 0.090100 ms CreateObjectMapping: 0.031100 ms MarkObjects: 1.330100 ms  DeleteObjects: 0.007500 ms)

[LoadMap] Using main map source: D:\Unity\ML-agent\Map\Decode.txt
[LoadFinishMap] Using finish map source: D:\Unity\ML-agent\Map\finishmap.txt
[LoadFinishMap] Finish size = 15 x 15, new rightX = 215
[LoadMap] Done. Main size = 200 x 15, rightX = 215
Fewer observations (0) made than vector observation size (7). The observations will be padded.
Fewer observations (0) made than vector observation size (7). The observations will be padded.
Fewer observations (0) made than vector observation size (7). The observations will be padded.
Fewer observations (0) made than vector observation size (7). The observations will be padded.
Fewer observations (0) made than vector observation size (7). The observations will be padded.
Fewer observations (0) made than vector observation size (7). The observations will be padded.
Fewer observations (0) made than vector observation size (7). The observations will be padded.
FrontWall hit: ground 1(Clone) normalX=1
FrontWall hit: ground 1(Clone) normalX=1
FrontWall hit: ground 1(Clone) normalX=1
Fewer observations (0) made than vector observation size (7). The observations will be padded.
生成了一個物件
Fewer observations (0) made than vector observation size (7). The observations will be padded.
Fewer observations (0) made than vector observation size (7). The observations will be padded.
FrontWall hit: ground 1(Clone) normalX=1
FrontWall hit: ground 1(Clone) normalX=1
FrontWall hit: ground 1(Clone) normalX=1
Fewer observations (0) made than vector observation size (7). The observations will be padded.
Fewer observations (0) made than vector observation size (7). The observations will be padded.
Fewer observations (0) made than vector observation size (7). The observations will be padded.
FrontWall hit: ground 1(Clone) normalX=1
FrontWall hit: ground 1(Clone) normalX=1
FrontWall hit: ground 1(Clone) normalX=1
Fewer observations (0) made than vector observation size (7). The observations will be padded.
Fewer observations (0) made than vector observation size (7). The observations will be padded.
Fewer observations (0) made than vector observation size (7). The observations will be padded.
Fewer observations (0) made than vector observation size (7). The observations will be padded.
Fewer observations (0) made than vector observation size (7). The observations will be padded.
Fewer observations (0) made than vector observation size (7). The observations will be padded.
Fewer observations (0) made than vector observation size (7). The observations will be padded.
Fewer observations (0) made than vector observation size (7). The observations will be padded.
Fewer observations (0) made than vector observation size (7). The observations will be padded.
Fewer observations (0) made than vector observation size (7). The observations will be padded.
Fewer observations (0) made than vector observation size (7). The observations will be padded.
Fewer observations (0) made than vector observation size (7). The observations will be padded.
生成了一個物件
Fewer observations (0) made than vector observation size (7). The observations will be padded.
Fewer observations (0) made than vector observation size (7). The observations will be padded.
Fewer observations (0) made than vector observation size (7). The observations will be padded.
Fewer observations (0) made than vector observation size (7). The observations will be padded.
Fewer observations (0) made than vector observation size (7). The observations will be padded.
Fewer observations (0) made than vector observation size (7). The observations will be padded.
Fewer observations (0) made than vector observation size (7). The observations will be padded.
Fewer observations (0) made than vector observation size (7). The observations will be padded.
Fewer observations (0) made than vector observation size (7). The observations will be padded.
Fewer observations (0) made than vector observation size (7). The observations will be padded.
Fewer observations (0) made than vector observation size (7). The observations will be padded.
Fewer observations (0) made than vector observation size (7). The observations will be padded.
Fewer observations (0) made than vector observation size (7). The observations will be padded.
Fewer observations (0) made than vector observation size (7). The observations will be padded.
Fewer observations (0) made than vector observation size (7). The observations will be padded.
Fewer observations (0) made than vector observation size (7). The observations will be padded.
Fewer observations (0) made than vector observation size (7). The observations will be padded.
生成了一個物件
Fewer observations (0) made than vector observation size (7). The observations will be padded.
Player died!
Fewer observations (0) made than vector observation size (7). The observations will be padded.
Player died!
Unloading 3 Unused Serialized files (Serialized files now loaded: 0)
UnloadTime: 3.812300 ms
Unloading 1 unused Assets to reduce memory usage. Loaded Objects now: 2872.
Total: 0.843300 ms (FindLiveObjects: 0.085300 ms CreateObjectMapping: 0.037200 ms MarkObjects: 0.714400 ms  DeleteObjects: 0.006300 ms)

Unloading 3 Unused Serialized files (Serialized files now loaded: 0)
Fewer observations (0) made than vector observation size (7). The observations will be padded.
UnloadTime: 0.498300 ms
Unloading 1 unused Assets to reduce memory usage. Loaded Objects now: 2872.
Total: 0.728300 ms (FindLiveObjects: 0.081700 ms CreateObjectMapping: 0.036500 ms MarkObjects: 0.603500 ms  DeleteObjects: 0.006600 ms)

[LoadMap] Using main map source: D:\Unity\ML-agent\Map\Decode.txt
[LoadFinishMap] Using finish map source: D:\Unity\ML-agent\Map\finishmap.txt
[LoadFinishMap] Finish size = 15 x 15, new rightX = 215
[LoadMap] Done. Main size = 200 x 15, rightX = 215
Fewer observations (0) made than vector observation size (7). The observations will be padded.
Fewer observations (0) made than vector observation size (7). The observations will be padded.
Fewer observations (0) made than vector observation size (7). The observations will be padded.
Fewer observations (0) made than vector observation size (7). The observations will be padded.
Fewer observations (0) made than vector observation size (7). The observations will be padded.
Fewer observations (0) made than vector observation size (7). The observations will be padded.
Fewer observations (0) made than vector observation size (7). The observations will be padded.
Fewer observations (0) made than vector observation size (7). The observations will be padded.
Fewer observations (0) made than vector observation size (7). The observations will be padded.
Fewer observations (0) made than vector observation size (7). The observations will be padded.
Fewer observations (0) made than vector observation size (7). The observations will be padded.
Fewer observations (0) made than vector observation size (7). The observations will be padded.
Fewer observations (0) made than vector observation size (7). The observations will be padded.
Fewer observations (0) made than vector observation size (7). The observations will be padded.
Fewer observations (0) made than vector observation size (7). The observations will be padded.
Fewer observations (0) made than vector observation size (7). The observations will be padded.
Fewer observations (0) made than vector observation size (7). The observations will be padded.
Fewer observations (0) made than vector observation size (7). The observations will be padded.
Fewer observations (0) made than vector observation size (7). The observations will be padded.
Fewer observations (0) made than vector observation size (7). The observations will be padded.
Fewer observations (0) made than vector observation size (7). The observations will be padded.
Fewer observations (0) made than vector observation size (7). The observations will be padded.
Fewer observations (0) made than vector observation size (7). The observations will be padded.
Fewer observations (0) made than vector observation size (7). The observations will be padded.
生成了一個物件
Fewer observations (0) made than vector observation size (7). The observations will be padded.
Fewer observations (0) made than vector observation size (7). The observations will be padded.
Fewer observations (0) made than vector observation size (7). The observations will be padded.
Fewer observations (0) made than vector observation size (7). The observations will be padded.
Fewer observations (0) made than vector observation size (7). The observations will be padded.
Fewer observations (0) made than vector observation size (7). The observations will be padded.
Fewer observations (0) made than vector observation size (7). The observations will be padded.
Fewer observations (0) made than vector observation size (7). The observations will be padded.
Fewer observations (0) made than vector observation size (7). The observations will be padded.
Fewer observations (0) made than vector observation size (7). The observations will be padded.
Fewer observations (0) made than vector observation size (7). The observations will be padded.
Fewer observations (0) made than vector observation size (7). The observations will be padded.
Fewer observations (0) made than vector observation size (7). The observations will be padded.
Fewer observations (0) made than vector observation size (7). The observations will be padded.
Fewer observations (0) made than vector observation size (7). The observations will be padded.
Fewer observations (0) made than vector observation size (7). The observations will be padded.
生成了一個物件
Fewer observations (0) made than vector observation size (7). The observations will be padded.
Fewer observations (0) made than vector observation size (7). The observations will be padded.
Fewer observations (0) made than vector observation size (7). The observations will be padded.
Fewer observations (0) made than vector observation size (7). The observations will be padded.
Fewer observations (0) made than vector observation size (7). The observations will be padded.
Fewer observations (0) made than vector observation size (7). The observations will be padded.
Fewer observations (0) made than vector observation size (7). The observations will be padded.
Fewer observations (0) made than vector observation size (7). The observations will be padded.
Fewer observations (0) made than vector observation size (7). The observations will be padded.
Fewer observations (0) made than vector observation size (7). The observations will be padded.
Fewer observations (0) made than vector observation size (7). The observations will be padded.
Fewer observations (0) made than vector observation size (7). The observations will be padded.
Fewer observations (0) made than vector observation size (7). The observations will be padded.
Fewer observations (0) made than vector observation size (7). The observations will be padded.
Fewer observations (0) made than vector observation size (7). The observations will be padded.
Fewer observations (0) made than vector observation size (7). The observations will be padded.
Fewer observations (0) made than vector observation size (7). The observations will be padded.
生成了一個物件
Fewer observations (0) made than vector observation size (7). The observations will be padded.
Fewer observations (0) made than vector observation size (7). The observations will be padded.
Fewer observations (0) made than vector observation size (7). The observations will be padded.
Fewer observations (0) made than vector observation size (7). The observations will be padded.
Fewer observations (0) made than vector observation size (7). The observations will be padded.
Fewer observations (0) made than vector observation size (7). The observations will be padded.
Fewer observations (0) made than vector observation size (7). The observations will be padded.
Fewer observations (0) made than vector observation size (7). The observations will be padded.
Fewer observations (0) made than vector observation size (7). The observations will be padded.
Fewer observations (0) made than vector observation size (7). The observations will be padded.
Fewer observations (0) made than vector observation size (7). The observations will be padded.
Fewer observations (0) made than vector observation size (7). The observations will be padded.
Fewer observations (0) made than vector observation size (7). The observations will be padded.
Fewer observations (0) made than vector observation size (7). The observations will be padded.
Fewer observations (0) made than vector observation size (7). The observations will be padded.
Player died!
Fewer observations (0) made than vector observation size (7). The observations will be padded.
Player died!
Fewer observations (0) made than vector observation size (7). The observations will be padded.
Unloading 3 Unused Serialized files (Serialized files now loaded: 0)
Fewer observations (0) made than vector observation size (7). The observations will be padded.
UnloadTime: 3.762900 ms
Unloading 1 unused Assets to reduce memory usage. Loaded Objects now: 2872.
Total: 0.764300 ms (FindLiveObjects: 0.083400 ms CreateObjectMapping: 0.036000 ms MarkObjects: 0.638400 ms  DeleteObjects: 0.006500 ms)

Unloading 3 Unused Serialized files (Serialized files now loaded: 0)
Fewer observations (0) made than vector observation size (7). The observations will be padded.
UnloadTime: 0.509600 ms
Unloading 1 unused Assets to reduce memory usage. Loaded Objects now: 2872.
Total: 0.903600 ms (FindLiveObjects: 0.078700 ms CreateObjectMapping: 0.034400 ms MarkObjects: 0.784000 ms  DeleteObjects: 0.006300 ms)

[LoadMap] Using main map source: D:\Unity\ML-agent\Map\Decode.txt
[LoadFinishMap] Using finish map source: D:\Unity\ML-agent\Map\finishmap.txt
[LoadFinishMap] Finish size = 15 x 15, new rightX = 215
[LoadMap] Done. Main size = 200 x 15, rightX = 215
Fewer observations (0) made than vector observation size (7). The observations will be padded.
Fewer observations (0) made than vector observation size (7). The observations will be padded.
Fewer observations (0) made than vector observation size (7). The observations will be padded.
Fewer observations (0) made than vector observation size (7). The observations will be padded.
Fewer observations (0) made than vector observation size (7). The observations will be padded.
Fewer observations (0) made than vector observation size (7). The observations will be padded.
Fewer observations (0) made than vector observation size (7). The observations will be padded.
Fewer observations (0) made than vector observation size (7). The observations will be padded.
Fewer observations (0) made than vector observation size (7). The observations will be padded.
Fewer observations (0) made than vector observation size (7). The observations will be padded.
Fewer observations (0) made than vector observation size (7). The observations will be padded.
Fewer observations (0) made than vector observation size (7). The observations will be padded.
Fewer observations (0) made than vector observation size (7). The observations will be padded.
Fewer observations (0) made than vector observation size (7). The observations will be padded.
Fewer observations (0) made than vector observation size (7). The observations will be padded.
Fewer observations (0) made than vector observation size (7). The observations will be padded.
Fewer observations (0) made than vector observation size (7). The observations will be padded.
Fewer observations (0) made than vector observation size (7). The observations will be padded.
Fewer observations (0) made than vector observation size (7). The observations will be padded.
Fewer observations (0) made than vector observation size (7). The observations will be padded.
Fewer observations (0) made than vector observation size (7). The observations will be padded.
Fewer observations (0) made than vector observation size (7). The observations will be padded.
Fewer observations (0) made than vector observation size (7). The observations will be padded.
Fewer observations (0) made than vector observation size (7). The observations will be padded.
Fewer observations (0) made than vector observation size (7). The observations will be padded.
生成了一個物件
Fewer observations (0) made than vector observation size (7). The observations will be padded.
Fewer observations (0) made than vector observation size (7). The observations will be padded.
Fewer observations (0) made than vector observation size (7). The observations will be padded.
Fewer observations (0) made than vector observation size (7). The observations will be padded.
Fewer observations (0) made than vector observation size (7). The observations will be padded.
Fewer observations (0) made than vector observation size (7). The observations will be padded.
Fewer observations (0) made than vector observation size (7). The observations will be padded.
Fewer observations (0) made than vector observation size (7). The observations will be padded.
Fewer observations (0) made than vector observation size (7). The observations will be padded.
Fewer observations (0) made than vector observation size (7). The observations will be padded.
Fewer observations (0) made than vector observation size (7). The observations will be padded.
Fewer observations (0) made than vector observation size (7). The observations will be padded.
Fewer observations (0) made than vector observation size (7). The observations will be padded.
Fewer observations (0) made than vector observation size (7). The observations will be padded.
Fewer observations (0) made than vector observation size (7). The observations will be padded.
Fewer observations (0) made than vector observation size (7). The observations will be padded.
Fewer observations (0) made than vector observation size (7). The observations will be padded.
生成了一個物件
Fewer observations (0) made than vector observation size (7). The observations will be padded.
Fewer observations (0) made than vector observation size (7). The observations will be padded.
Fewer observations (0) made than vector observation size (7). The observations will be padded.
Fewer observations (0) made than vector observation size (7). The observations will be padded.
Fewer observations (0) made than vector observation size (7). The observations will be padded.
Fewer observations (0) made than vector observation size (7). The observations will be padded.
Fewer observations (0) made than vector observation size (7). The observations will be padded.
Fewer observations (0) made than vector observation size (7). The observations will be padded.
Fewer observations (0) made than vector observation size (7). The observations will be padded.
Fewer observations (0) made than vector observation size (7). The observations will be padded.
Fewer observations (0) made than vector observation size (7). The observations will be padded.
Fewer observations (0) made than vector observation size (7). The observations will be padded.
Fewer observations (0) made than vector observation size (7). The observations will be padded.
Fewer observations (0) made than vector observation size (7). The observations will be padded.
Fewer observations (0) made than vector observation size (7). The observations will be padded.
Fewer observations (0) made than vector observation size (7). The observations will be padded.
生成了一個物件
Fewer observations (0) made than vector observation size (7). The observations will be padded.
Player died!
Fewer observations (0) made than vector observation size (7). The observations will be padded.
Player died!
Unloading 3 Unused Serialized files (Serialized files now loaded: 0)
UnloadTime: 3.705800 ms
Unloading 1 unused Assets to reduce memory usage. Loaded Objects now: 2872.
Total: 0.960200 ms (FindLiveObjects: 0.082500 ms CreateObjectMapping: 0.031400 ms MarkObjects: 0.839000 ms  DeleteObjects: 0.007200 ms)

Unloading 3 Unused Serialized files (Serialized files now loaded: 0)
Fewer observations (0) made than vector observation size (7). The observations will be padded.
UnloadTime: 0.563700 ms
Unloading 1 unused Assets to reduce memory usage. Loaded Objects now: 2872.
Total: 1.283200 ms (FindLiveObjects: 0.130000 ms CreateObjectMapping: 0.041300 ms MarkObjects: 1.099100 ms  DeleteObjects: 0.012400 ms)

[LoadMap] Using main map source: D:\Unity\ML-agent\Map\Decode.txt
[LoadFinishMap] Using finish map source: D:\Unity\ML-agent\Map\finishmap.txt
[LoadFinishMap] Finish size = 15 x 15, new rightX = 215
[LoadMap] Done. Main size = 200 x 15, rightX = 215
Fewer observations (0) made than vector observation size (7). The observations will be padded.
FrontWall hit: ground 1(Clone) normalX=1
FrontWall hit: ground 1(Clone) normalX=1
FrontWall hit: ground 1(Clone) normalX=1
Fewer observations (0) made than vector observation size (7). The observations will be padded.
Fewer observations (0) made than vector observation size (7). The observations will be padded.
Fewer observations (0) made than vector observation size (7). The observations will be padded.
Fewer observations (0) made than vector observation size (7). The observations will be padded.
Fewer observations (0) made than vector observation size (7). The observations will be padded.
Fewer observations (0) made than vector observation size (7). The observations will be padded.
Fewer observations (0) made than vector observation size (7). The observations will be padded.
Fewer observations (0) made than vector observation size (7). The observations will be padded.
Fewer observations (0) made than vector observation size (7). The observations will be padded.
Fewer observations (0) made than vector observation size (7). The observations will be padded.
Fewer observations (0) made than vector observation size (7). The observations will be padded.
Fewer observations (0) made than vector observation size (7). The observations will be padded.
Fewer observations (0) made than vector observation size (7). The observations will be padded.
Fewer observations (0) made than vector observation size (7). The observations will be padded.
Fewer observations (0) made than vector observation size (7). The observations will be padded.
Fewer observations (0) made than vector observation size (7). The observations will be padded.
生成了一個物件
Fewer observations (0) made than vector observation size (7). The observations will be padded.
Fewer observations (0) made than vector observation size (7). The observations will be padded.
Fewer observations (0) made than vector observation size (7). The observations will be padded.
Fewer observations (0) made than vector observation size (7). The observations will be padded.
Fewer observations (0) made than vector observation size (7). The observations will be padded.
Fewer observations (0) made than vector observation size (7). The observations will be padded.
Fewer observations (0) made than vector observation size (7). The observations will be padded.
Fewer observations (0) made than vector observation size (7). The observations will be padded.
Fewer observations (0) made than vector observation size (7). The observations will be padded.
Fewer observations (0) made than vector observation size (7). The observations will be padded.
Fewer observations (0) made than vector observation size (7). The observations will be padded.
Fewer observations (0) made than vector observation size (7). The observations will be padded.
Fewer observations (0) made than vector observation size (7). The observations will be padded.
Fewer observations (0) made than vector observation size (7). The observations will be padded.
Fewer observations (0) made than vector observation size (7). The observations will be padded.
Fewer observations (0) made than vector observation size (7). The observations will be padded.
生成了一個物件
Fewer observations (0) made than vector observation size (7). The observations will be padded.
Fewer observations (0) made than vector observation size (7). The observations will be padded.
Fewer observations (0) made than vector observation size (7). The observations will be padded.
Fewer observations (0) made than vector observation size (7). The observations will be padded.
Fewer observations (0) made than vector observation size (7). The observations will be padded.
Fewer observations (0) made than vector observation size (7). The observations will be padded.
Fewer observations (0) made than vector observation size (7). The observations will be padded.
Fewer observations (0) made than vector observation size (7). The observations will be padded.
Fewer observations (0) made than vector observation size (7). The observations will be padded.
Fewer observations (0) made than vector observation size (7). The observations will be padded.
Fewer observations (0) made than vector observation size (7). The observations will be padded.
Fewer observations (0) made than vector observation size (7). The observations will be padded.
Fewer observations (0) made than vector observation size (7). The observations will be padded.
Fewer observations (0) made than vector observation size (7). The observations will be padded.
Fewer observations (0) made than vector observation size (7). The observations will be padded.
Fewer observations (0) made than vector observation size (7). The observations will be padded.
Fewer observations (0) made than vector observation size (7). The observations will be padded.
生成了一個物件
Fewer observations (0) made than vector observation size (7). The observations will be padded.
Fewer observations (0) made than vector observation size (7). The observations will be padded.
Player died!
Fewer observations (0) made than vector observation size (7). The observations will be padded.
Player died!
Unloading 3 Unused Serialized files (Serialized files now loaded: 0)
UnloadTime: 3.876100 ms
Unloading 1 unused Assets to reduce memory usage. Loaded Objects now: 2872.
Total: 0.881500 ms (FindLiveObjects: 0.092200 ms CreateObjectMapping: 0.033900 ms MarkObjects: 0.747400 ms  DeleteObjects: 0.008000 ms)

Unloading 3 Unused Serialized files (Serialized files now loaded: 0)
Fewer observations (0) made than vector observation size (7). The observations will be padded.
UnloadTime: 0.481800 ms
Unloading 1 unused Assets to reduce memory usage. Loaded Objects now: 2872.
Total: 0.987200 ms (FindLiveObjects: 0.079600 ms CreateObjectMapping: 0.032600 ms MarkObjects: 0.868200 ms  DeleteObjects: 0.006800 ms)

[LoadMap] Using main map source: D:\Unity\ML-agent\Map\Decode.txt
[LoadFinishMap] Using finish map source: D:\Unity\ML-agent\Map\finishmap.txt
[LoadFinishMap] Finish size = 15 x 15, new rightX = 215
[LoadMap] Done. Main size = 200 x 15, rightX = 215
Fewer observations (0) made than vector observation size (7). The observations will be padded.
Fewer observations (0) made than vector observation size (7). The observations will be padded.
Fewer observations (0) made than vector observation size (7). The observations will be padded.
Fewer observations (0) made than vector observation size (7). The observations will be padded.
Fewer observations (0) made than vector observation size (7). The observations will be padded.
Fewer observations (0) made than vector observation size (7). The observations will be padded.
Fewer observations (0) made than vector observation size (7). The observations will be padded.
Fewer observations (0) made than vector observation size (7). The observations will be padded.
生成了一個物件
Fewer observations (0) made than vector observation size (7). The observations will be padded.
Fewer observations (0) made than vector observation size (7). The observations will be padded.
Fewer observations (0) made than vector observation size (7). The observations will be padded.
Fewer observations (0) made than vector observation size (7). The observations will be padded.
Fewer observations (0) made than vector observation size (7). The observations will be padded.
Fewer observations (0) made than vector observation size (7). The observations will be padded.
Fewer observations (0) made than vector observation size (7). The observations will be padded.
Fewer observations (0) made than vector observation size (7). The observations will be padded.
Fewer observations (0) made than vector observation size (7). The observations will be padded.
Fewer observations (0) made than vector observation size (7). The observations will be padded.
Fewer observations (0) made than vector observation size (7). The observations will be padded.
Fewer observations (0) made than vector observation size (7). The observations will be padded.
Fewer observations (0) made than vector observation size (7). The observations will be padded.
Fewer observations (0) made than vector observation size (7). The observations will be padded.
Fewer observations (0) made than vector observation size (7). The observations will be padded.
Fewer observations (0) made than vector observation size (7). The observations will be padded.
Fewer observations (0) made than vector observation size (7). The observations will be padded.
生成了一個物件
Fewer observations (0) made than vector observation size (7). The observations will be padded.
Fewer observations (0) made than vector observation size (7). The observations will be padded.
Fewer observations (0) made than vector observation size (7). The observations will be padded.
Fewer observations (0) made than vector observation size (7). The observations will be padded.
Fewer observations (0) made than vector observation size (7). The observations will be padded.
Fewer observations (0) made than vector observation size (7). The observations will be padded.
Fewer observations (0) made than vector observation size (7). The observations will be padded.
Fewer observations (0) made than vector observation size (7). The observations will be padded.
Fewer observations (0) made than vector observation size (7). The observations will be padded.
Fewer observations (0) made than vector observation size (7). The observations will be padded.
Fewer observations (0) made than vector observation size (7). The observations will be padded.
Fewer observations (0) made than vector observation size (7). The observations will be padded.
Fewer observations (0) made than vector observation size (7). The observations will be padded.
Fewer observations (0) made than vector observation size (7). The observations will be padded.
Fewer observations (0) made than vector observation size (7). The observations will be padded.
Fewer observations (0) made than vector observation size (7). The observations will be padded.
Player died!
Fewer observations (0) made than vector observation size (7). The observations will be padded.
FrontWall hit: ground 1(Clone) normalX=-1
Unloading 3 Unused Serialized files (Serialized files now loaded: 0)
UnloadTime: 3.920300 ms
Unloading 1 unused Assets to reduce memory usage. Loaded Objects now: 2872.
Total: 0.924900 ms (FindLiveObjects: 0.083100 ms CreateObjectMapping: 0.031600 ms MarkObjects: 0.800300 ms  DeleteObjects: 0.009600 ms)

[LoadMap] Using main map source: D:\Unity\ML-agent\Map\Decode.txt
[LoadFinishMap] Using finish map source: D:\Unity\ML-agent\Map\finishmap.txt
[LoadFinishMap] Finish size = 15 x 15, new rightX = 215
[LoadMap] Done. Main size = 200 x 15, rightX = 215
Fewer observations (0) made than vector observation size (7). The observations will be padded.
FrontWall hit: ground 1(Clone) normalX=1
FrontWall hit: ground 1(Clone) normalX=1
FrontWall hit: ground 1(Clone) normalX=1
Fewer observations (0) made than vector observation size (7). The observations will be padded.
FrontWall hit: ground 1(Clone) normalX=1
FrontWall hit: ground 1(Clone) normalX=1
FrontWall hit: ground 1(Clone) normalX=1
Fewer observations (0) made than vector observation size (7). The observations will be padded.
FrontWall hit: ground 1(Clone) normalX=1
FrontWall hit: ground 1(Clone) normalX=1
FrontWall hit: ground 1(Clone) normalX=1
Fewer observations (0) made than vector observation size (7). The observations will be padded.
Fewer observations (0) made than vector observation size (7). The observations will be padded.
FrontWall hit: ground 1(Clone) normalX=1
FrontWall hit: ground 1(Clone) normalX=1
FrontWall hit: ground 1(Clone) normalX=1
Fewer observations (0) made than vector observation size (7). The observations will be padded.
Fewer observations (0) made than vector observation size (7). The observations will be padded.
FrontWall hit: ground 1(Clone) normalX=1
FrontWall hit: ground 1(Clone) normalX=1
FrontWall hit: ground 1(Clone) normalX=1
Fewer observations (0) made than vector observation size (7). The observations will be padded.
Fewer observations (0) made than vector observation size (7). The observations will be padded.
Fewer observations (0) made than vector observation size (7). The observations will be padded.
Fewer observations (0) made than vector observation size (7). The observations will be padded.
Fewer observations (0) made than vector observation size (7). The observations will be padded.
Fewer observations (0) made than vector observation size (7). The observations will be padded.
FrontWall hit: ground 1(Clone) normalX=1
FrontWall hit: ground 1(Clone) normalX=1
FrontWall hit: ground 1(Clone) normalX=1
Fewer observations (0) made than vector observation size (7). The observations will be padded.
Fewer observations (0) made than vector observation size (7). The observations will be padded.
Fewer observations (0) made than vector observation size (7). The observations will be padded.
Fewer observations (0) made than vector observation size (7). The observations will be padded.
Fewer observations (0) made than vector observation size (7). The observations will be padded.
Fewer observations (0) made than vector observation size (7). The observations will be padded.
生成了一個物件
Fewer observations (0) made than vector observation size (7). The observations will be padded.
Fewer observations (0) made than vector observation size (7). The observations will be padded.
Fewer observations (0) made than vector observation size (7). The observations will be padded.
FrontWall hit: ground 1(Clone) normalX=1
FrontWall hit: ground 1(Clone) normalX=1
FrontWall hit: ground 1(Clone) normalX=1
Fewer observations (0) made than vector observation size (7). The observations will be padded.
Fewer observations (0) made than vector observation size (7). The observations will be padded.
FrontWall hit: ground 1(Clone) normalX=1
FrontWall hit: ground 1(Clone) normalX=1
FrontWall hit: ground 1(Clone) normalX=1
Fewer observations (0) made than vector observation size (7). The observations will be padded.
FrontWall hit: ground 1(Clone) normalX=1
FrontWall hit: ground 1(Clone) normalX=1
FrontWall hit: ground 1(Clone) normalX=1
Fewer observations (0) made than vector observation size (7). The observations will be padded.
FrontWall hit: ground 1(Clone) normalX=1
FrontWall hit: ground 1(Clone) normalX=1
FrontWall hit: ground 1(Clone) normalX=1
Fewer observations (0) made than vector observation size (7). The observations will be padded.
FrontWall hit: ground 1(Clone) normalX=1
FrontWall hit: ground 1(Clone) normalX=1
FrontWall hit: ground 1(Clone) normalX=1
Fewer observations (0) made than vector observation size (7). The observations will be padded.
FrontWall hit: ground 1(Clone) normalX=1
FrontWall hit: ground 1(Clone) normalX=1
FrontWall hit: ground 1(Clone) normalX=1
Fewer observations (0) made than vector observation size (7). The observations will be padded.
Fewer observations (0) made than vector observation size (7). The observations will be padded.
Fewer observations (0) made than vector observation size (7). The observations will be padded.
FrontWall hit: ground 1(Clone) normalX=1
FrontWall hit: ground 1(Clone) normalX=1
FrontWall hit: ground 1(Clone) normalX=1
Fewer observations (0) made than vector observation size (7). The observations will be padded.
FrontWall hit: ground 1(Clone) normalX=1
FrontWall hit: ground 1(Clone) normalX=1
FrontWall hit: ground 1(Clone) normalX=1
Fewer observations (0) made than vector observation size (7). The observations will be padded.
FrontWall hit: ground 1(Clone) normalX=1
FrontWall hit: ground 1(Clone) normalX=1
FrontWall hit: ground 1(Clone) normalX=1
Fewer observations (0) made than vector observation size (7). The observations will be padded.
Fewer observations (0) made than vector observation size (7). The observations will be padded.
生成了一個物件
Fewer observations (0) made than vector observation size (7). The observations will be padded.
Fewer observations (0) made than vector observation size (7). The observations will be padded.
Fewer observations (0) made than vector observation size (7). The observations will be padded.
Fewer observations (0) made than vector observation size (7). The observations will be padded.
Fewer observations (0) made than vector observation size (7). The observations will be padded.
Fewer observations (0) made than vector observation size (7). The observations will be padded.
Fewer observations (0) made than vector observation size (7). The observations will be padded.
Fewer observations (0) made than vector observation size (7). The observations will be padded.
Fewer observations (0) made than vector observation size (7). The observations will be padded.
Fewer observations (0) made than vector observation size (7). The observations will be padded.
Fewer observations (0) made than vector observation size (7). The observations will be padded.
Fewer observations (0) made than vector observation size (7). The observations will be padded.
Fewer observations (0) made than vector observation size (7). The observations will be padded.
Fewer observations (0) made than vector observation size (7). The observations will be padded.
Fewer observations (0) made than vector observation size (7). The observations will be padded.
Fewer observations (0) made than vector observation size (7). The observations will be padded.
Fewer observations (0) made than vector observation size (7). The observations will be padded.
生成了一個物件
Fewer observations (0) made than vector observation size (7). The observations will be padded.
FrontWall hit: ground 1(Clone) normalX=1
FrontWall hit: ground 1(Clone) normalX=1
FrontWall hit: ground 1(Clone) normalX=1
Fewer observations (0) made than vector observation size (7). The observations will be padded.
FrontWall hit: ground 1(Clone) normalX=1
FrontWall hit: ground 1(Clone) normalX=1
FrontWall hit: ground 1(Clone) normalX=1
Fewer observations (0) made than vector observation size (7). The observations will be padded.
Fewer observations (0) made than vector observation size (7). The observations will be padded.
Fewer observations (0) made than vector observation size (7). The observations will be padded.
FrontWall hit: ground 1(Clone) normalX=1
FrontWall hit: ground 1(Clone) normalX=1
FrontWall hit: ground 1(Clone) normalX=1
Fewer observations (0) made than vector observation size (7). The observations will be padded.
Fewer observations (0) made than vector observation size (7). The observations will be padded.
Fewer observations (0) made than vector observation size (7). The observations will be padded.
Fewer observations (0) made than vector observation size (7). The observations will be padded.
Fewer observations (0) made than vector observation size (7). The observations will be padded.
Fewer observations (0) made than vector observation size (7). The observations will be padded.
FrontWall hit: ground 1(Clone) normalX=1
FrontWall hit: ground 1(Clone) normalX=1
FrontWall hit: ground 1(Clone) normalX=1
Fewer observations (0) made than vector observation size (7). The observations will be padded.
Fewer observations (0) made than vector observation size (7). The observations will be padded.
Fewer observations (0) made than vector observation size (7). The observations will be padded.
Fewer observations (0) made than vector observation size (7). The observations will be padded.
Fewer observations (0) made than vector observation size (7). The observations will be padded.
Fewer observations (0) made than vector observation size (7). The observations will be padded.
生成了一個物件
Fewer observations (0) made than vector observation size (7). The observations will be padded.
Fewer observations (0) made than vector observation size (7). The observations will be padded.
Fewer observations (0) made than vector observation size (7). The observations will be padded.
Player died!
Fewer observations (0) made than vector observation size (7). The observations will be padded.
Player died!
Unloading 3 Unused Serialized files (Serialized files now loaded: 0)
UnloadTime: 3.910500 ms
Unloading 1 unused Assets to reduce memory usage. Loaded Objects now: 2872.
Total: 1.212800 ms (FindLiveObjects: 0.083800 ms CreateObjectMapping: 0.031400 ms MarkObjects: 1.090700 ms  DeleteObjects: 0.006800 ms)

Unloading 3 Unused Serialized files (Serialized files now loaded: 0)
Fewer observations (0) made than vector observation size (7). The observations will be padded.
UnloadTime: 0.565400 ms
Unloading 1 unused Assets to reduce memory usage. Loaded Objects now: 2872.
Total: 1.079500 ms (FindLiveObjects: 0.098800 ms CreateObjectMapping: 0.035900 ms MarkObjects: 0.936300 ms  DeleteObjects: 0.008200 ms)

[LoadMap] Using main map source: D:\Unity\ML-agent\Map\Decode.txt
[LoadFinishMap] Using finish map source: D:\Unity\ML-agent\Map\finishmap.txt
[LoadFinishMap] Finish size = 15 x 15, new rightX = 215
[LoadMap] Done. Main size = 200 x 15, rightX = 215
Fewer observations (0) made than vector observation size (7). The observations will be padded.
Fewer observations (0) made than vector observation size (7). The observations will be padded.
FrontWall hit: ground 1(Clone) normalX=1
Fewer observations (0) made than vector observation size (7). The observations will be padded.
Fewer observations (0) made than vector observation size (7). The observations will be padded.
Fewer observations (0) made than vector observation size (7). The observations will be padded.
Fewer observations (0) made than vector observation size (7). The observations will be padded.
Fewer observations (0) made than vector observation size (7). The observations will be padded.
Fewer observations (0) made than vector observation size (7). The observations will be padded.
Fewer observations (0) made than vector observation size (7). The observations will be padded.
生成了一個物件
Fewer observations (0) made than vector observation size (7). The observations will be padded.
Fewer observations (0) made than vector observation size (7). The observations will be padded.
Fewer observations (0) made than vector observation size (7). The observations will be padded.
Fewer observations (0) made than vector observation size (7). The observations will be padded.
Fewer observations (0) made than vector observation size (7). The observations will be padded.
Fewer observations (0) made than vector observation size (7). The observations will be padded.
Fewer observations (0) made than vector observation size (7). The observations will be padded.
Fewer observations (0) made than vector observation size (7). The observations will be padded.
Fewer observations (0) made than vector observation size (7). The observations will be padded.
Fewer observations (0) made than vector observation size (7). The observations will be padded.
Fewer observations (0) made than vector observation size (7). The observations will be padded.
Fewer observations (0) made than vector observation size (7). The observations will be padded.
Fewer observations (0) made than vector observation size (7). The observations will be padded.
Fewer observations (0) made than vector observation size (7). The observations will be padded.
Fewer observations (0) made than vector observation size (7). The observations will be padded.
Fewer observations (0) made than vector observation size (7). The observations will be padded.
Fewer observations (0) made than vector observation size (7). The observations will be padded.
生成了一個物件
Fewer observations (0) made than vector observation size (7). The observations will be padded.
Fewer observations (0) made than vector observation size (7). The observations will be padded.
Fewer observations (0) made than vector observation size (7). The observations will be padded.
Fewer observations (0) made than vector observation size (7). The observations will be padded.
Fewer observations (0) made than vector observation size (7). The observations will be padded.
Fewer observations (0) made than vector observation size (7). The observations will be padded.
Fewer observations (0) made than vector observation size (7). The observations will be padded.
Fewer observations (0) made than vector observation size (7). The observations will be padded.
Fewer observations (0) made than vector observation size (7). The observations will be padded.
Fewer observations (0) made than vector observation size (7). The observations will be padded.
Fewer observations (0) made than vector observation size (7). The observations will be padded.
Fewer observations (0) made than vector observation size (7). The observations will be padded.
FrontWall hit: ground 1(Clone) normalX=1
FrontWall hit: ground 1(Clone) normalX=1
Fewer observations (0) made than vector observation size (7). The observations will be padded.
FrontWall hit: ground 1(Clone) normalX=1
FrontWall hit: ground 1(Clone) normalX=1
FrontWall hit: ground 1(Clone) normalX=1
Fewer observations (0) made than vector observation size (7). The observations will be padded.
Fewer observations (0) made than vector observation size (7). The observations will be padded.
Fewer observations (0) made than vector observation size (7). The observations will be padded.
Fewer observations (0) made than vector observation size (7). The observations will be padded.
生成了一個物件
Fewer observations (0) made than vector observation size (7). The observations will be padded.
Fewer observations (0) made than vector observation size (7). The observations will be padded.
Fewer observations (0) made than vector observation size (7). The observations will be padded.
Fewer observations (0) made than vector observation size (7). The observations will be padded.
Fewer observations (0) made than vector observation size (7). The observations will be padded.
Player died!
Fewer observations (0) made than vector observation size (7). The observations will be padded.
Player died!
FrontWall hit: ground 1(Clone) normalX=-1
Unloading 3 Unused Serialized files (Serialized files now loaded: 0)
UnloadTime: 5.310900 ms
Unloading 1 unused Assets to reduce memory usage. Loaded Objects now: 2872.
Total: 0.992400 ms (FindLiveObjects: 0.099300 ms CreateObjectMapping: 0.035400 ms MarkObjects: 0.847300 ms  DeleteObjects: 0.010200 ms)

Unloading 3 Unused Serialized files (Serialized files now loaded: 0)
Fewer observations (0) made than vector observation size (7). The observations will be padded.
UnloadTime: 0.574800 ms
Unloading 1 unused Assets to reduce memory usage. Loaded Objects now: 2872.
Total: 0.835500 ms (FindLiveObjects: 0.087400 ms CreateObjectMapping: 0.032200 ms MarkObjects: 0.708100 ms  DeleteObjects: 0.007600 ms)

[LoadMap] Using main map source: D:\Unity\ML-agent\Map\Decode.txt
[LoadFinishMap] Using finish map source: D:\Unity\ML-agent\Map\finishmap.txt
[LoadFinishMap] Finish size = 15 x 15, new rightX = 215
[LoadMap] Done. Main size = 200 x 15, rightX = 215
Fewer observations (0) made than vector observation size (7). The observations will be padded.
FrontWall hit: ground 1(Clone) normalX=1
FrontWall hit: ground 1(Clone) normalX=1
FrontWall hit: ground 1(Clone) normalX=1
Fewer observations (0) made than vector observation size (7). The observations will be padded.
FrontWall hit: ground 1(Clone) normalX=1
FrontWall hit: ground 1(Clone) normalX=1
FrontWall hit: ground 1(Clone) normalX=1
Fewer observations (0) made than vector observation size (7). The observations will be padded.
FrontWall hit: ground 1(Clone) normalX=1
FrontWall hit: ground 1(Clone) normalX=1
FrontWall hit: ground 1(Clone) normalX=1
Fewer observations (0) made than vector observation size (7). The observations will be padded.
FrontWall hit: ground 1(Clone) normalX=1
FrontWall hit: ground 1(Clone) normalX=1
FrontWall hit: ground 1(Clone) normalX=1
Fewer observations (0) made than vector observation size (7). The observations will be padded.
Fewer observations (0) made than vector observation size (7). The observations will be padded.
Fewer observations (0) made than vector observation size (7). The observations will be padded.
Fewer observations (0) made than vector observation size (7). The observations will be padded.
Fewer observations (0) made than vector observation size (7). The observations will be padded.
Fewer observations (0) made than vector observation size (7). The observations will be padded.
Fewer observations (0) made than vector observation size (7). The observations will be padded.
Fewer observations (0) made than vector observation size (7). The observations will be padded.
生成了一個物件
Fewer observations (0) made than vector observation size (7). The observations will be padded.
Fewer observations (0) made than vector observation size (7). The observations will be padded.
Fewer observations (0) made than vector observation size (7). The observations will be padded.
Fewer observations (0) made than vector observation size (7). The observations will be padded.
Fewer observations (0) made than vector observation size (7). The observations will be padded.
Fewer observations (0) made than vector observation size (7). The observations will be padded.
Fewer observations (0) made than vector observation size (7). The observations will be padded.
Fewer observations (0) made than vector observation size (7). The observations will be padded.
Fewer observations (0) made than vector observation size (7). The observations will be padded.
Fewer observations (0) made than vector observation size (7). The observations will be padded.
FrontWall hit: ground 1(Clone) normalX=1
FrontWall hit: ground 1(Clone) normalX=1
FrontWall hit: ground 1(Clone) normalX=1
Fewer observations (0) made than vector observation size (7). The observations will be padded.
FrontWall hit: ground 1(Clone) normalX=1
FrontWall hit: ground 1(Clone) normalX=1
FrontWall hit: ground 1(Clone) normalX=1
Fewer observations (0) made than vector observation size (7). The observations will be padded.
FrontWall hit: ground 1(Clone) normalX=1
FrontWall hit: ground 1(Clone) normalX=1
FrontWall hit: ground 1(Clone) normalX=1
Fewer observations (0) made than vector observation size (7). The observations will be padded.
Fewer observations (0) made than vector observation size (7). The observations will be padded.
Fewer observations (0) made than vector observation size (7). The observations will be padded.
Fewer observations (0) made than vector observation size (7). The observations will be padded.
Fewer observations (0) made than vector observation size (7). The observations will be padded.
生成了一個物件
Fewer observations (0) made than vector observation size (7). The observations will be padded.
Fewer observations (0) made than vector observation size (7). The observations will be padded.
Fewer observations (0) made than vector observation size (7). The observations will be padded.
Fewer observations (0) made than vector observation size (7). The observations will be padded.
Fewer observations (0) made than vector observation size (7). The observations will be padded.
Fewer observations (0) made than vector observation size (7). The observations will be padded.
Fewer observations (0) made than vector observation size (7). The observations will be padded.
Fewer observations (0) made than vector observation size (7). The observations will be padded.
Fewer observations (0) made than vector observation size (7). The observations will be padded.
Fewer observations (0) made than vector observation size (7). The observations will be padded.
Fewer observations (0) made than vector observation size (7). The observations will be padded.
Fewer observations (0) made than vector observation size (7). The observations will be padded.
Fewer observations (0) made than vector observation size (7). The observations will be padded.
Fewer observations (0) made than vector observation size (7). The observations will be padded.
Fewer observations (0) made than vector observation size (7). The observations will be padded.
Fewer observations (0) made than vector observation size (7). The observations will be padded.
生成了一個物件
Fewer observations (0) made than vector observation size (7). The observations will be padded.
Fewer observations (0) made than vector observation size (7). The observations will be padded.
Fewer observations (0) made than vector observation size (7). The observations will be padded.
Fewer observations (0) made than vector observation size (7). The observations will be padded.
Fewer observations (0) made than vector observation size (7). The observations will be padded.
Fewer observations (0) made than vector observation size (7). The observations will be padded.
Fewer observations (0) made than vector observation size (7). The observations will be padded.
Fewer observations (0) made than vector observation size (7). The observations will be padded.
Fewer observations (0) made than vector observation size (7). The observations will be padded.
Fewer observations (0) made than vector observation size (7). The observations will be padded.
Fewer observations (0) made than vector observation size (7). The observations will be padded.
Fewer observations (0) made than vector observation size (7). The observations will be padded.
Fewer observations (0) made than vector observation size (7). The observations will be padded.
Fewer observations (0) made than vector observation size (7). The observations will be padded.
Fewer observations (0) made than vector observation size (7). The observations will be padded.
Fewer observations (0) made than vector observation size (7). The observations will be padded.
Fewer observations (0) made than vector observation size (7). The observations will be padded.
生成了一個物件
FrontWall hit: ground 1(Clone) normalX=1
Fewer observations (0) made than vector observation size (7). The observations will be padded.
Fewer observations (0) made than vector observation size (7). The observations will be padded.
Fewer observations (0) made than vector observation size (7). The observations will be padded.
Fewer observations (0) made than vector observation size (7). The observations will be padded.
FrontWall hit: ground 1(Clone) normalX=1
Fewer observations (0) made than vector observation size (7). The observations will be padded.
Fewer observations (0) made than vector observation size (7). The observations will be padded.
FrontWall hit: ground 1(Clone) normalX=1
Fewer observations (0) made than vector observation size (7). The observations will be padded.
Fewer observations (0) made than vector observation size (7). The observations will be padded.
FrontWall hit: ground 1(Clone) normalX=1
Fewer observations (0) made than vector observation size (7). The observations will be padded.
Fewer observations (0) made than vector observation size (7). The observations will be padded.
FrontWall hit: ground 1(Clone) normalX=1
FrontWall hit: ground 1(Clone) normalX=1
FrontWall hit: ground 1(Clone) normalX=1
Fewer observations (0) made than vector observation size (7). The observations will be padded.
FrontWall hit: ground 1(Clone) normalX=1
FrontWall hit: ground 1(Clone) normalX=1
FrontWall hit: ground 1(Clone) normalX=1
Fewer observations (0) made than vector observation size (7). The observations will be padded.
Fewer observations (0) made than vector observation size (7). The observations will be padded.
FrontWall hit: ground 1(Clone) normalX=1
FrontWall hit: ground 1(Clone) normalX=1
FrontWall hit: ground 1(Clone) normalX=1
Fewer observations (0) made than vector observation size (7). The observations will be padded.
Fewer observations (0) made than vector observation size (7). The observations will be padded.
Fewer observations (0) made than vector observation size (7). The observations will be padded.
Fewer observations (0) made than vector observation size (7). The observations will be padded.
FrontWall hit: ground 1(Clone) normalX=1
生成了一個物件
FrontWall hit: ground 1(Clone) normalX=1
FrontWall hit: ground 1(Clone) normalX=1
Fewer observations (0) made than vector observation size (7). The observations will be padded.
FrontWall hit: ground 1(Clone) normalX=1
FrontWall hit: ground 1(Clone) normalX=1
FrontWall hit: ground 1(Clone) normalX=1
Fewer observations (0) made than vector observation size (7). The observations will be padded.
Fewer observations (0) made than vector observation size (7). The observations will be padded.
Fewer observations (0) made than vector observation size (7). The observations will be padded.
Fewer observations (0) made than vector observation size (7). The observations will be padded.
Fewer observations (0) made than vector observation size (7). The observations will be padded.
Fewer observations (0) made than vector observation size (7). The observations will be padded.
Player died!
Fewer observations (0) made than vector observation size (7). The observations will be padded.
Fewer observations (0) made than vector observation size (7). The observations will be padded.
Unloading 3 Unused Serialized files (Serialized files now loaded: 0)
Fewer observations (0) made than vector observation size (7). The observations will be padded.
UnloadTime: 6.737600 ms
Unloading 1 unused Assets to reduce memory usage. Loaded Objects now: 2872.
Total: 1.565200 ms (FindLiveObjects: 0.086300 ms CreateObjectMapping: 0.031800 ms MarkObjects: 1.438800 ms  DeleteObjects: 0.008100 ms)

[LoadMap] Using main map source: D:\Unity\ML-agent\Map\Decode.txt
[LoadFinishMap] Using finish map source: D:\Unity\ML-agent\Map\finishmap.txt
[LoadFinishMap] Finish size = 15 x 15, new rightX = 215
[LoadMap] Done. Main size = 200 x 15, rightX = 215
Fewer observations (0) made than vector observation size (7). The observations will be padded.
FrontWall hit: ground 1(Clone) normalX=1
FrontWall hit: ground 1(Clone) normalX=1
FrontWall hit: ground 1(Clone) normalX=1
Fewer observations (0) made than vector observation size (7). The observations will be padded.
FrontWall hit: ground 1(Clone) normalX=1
FrontWall hit: ground 1(Clone) normalX=1
FrontWall hit: ground 1(Clone) normalX=1
Fewer observations (0) made than vector observation size (7). The observations will be padded.
FrontWall hit: ground 1(Clone) normalX=1
FrontWall hit: ground 1(Clone) normalX=1
FrontWall hit: ground 1(Clone) normalX=1
Fewer observations (0) made than vector observation size (7). The observations will be padded.
Fewer observations (0) made than vector observation size (7). The observations will be padded.
Fewer observations (0) made than vector observation size (7). The observations will be padded.
Fewer observations (0) made than vector observation size (7). The observations will be padded.
Fewer observations (0) made than vector observation size (7). The observations will be padded.
Fewer observations (0) made than vector observation size (7). The observations will be padded.
FrontWall hit: ground 1(Clone) normalX=1
FrontWall hit: ground 1(Clone) normalX=1
FrontWall hit: ground 1(Clone) normalX=1
Fewer observations (0) made than vector observation size (7). The observations will be padded.
FrontWall hit: ground 1(Clone) normalX=1
FrontWall hit: ground 1(Clone) normalX=1
FrontWall hit: ground 1(Clone) normalX=1
Fewer observations (0) made than vector observation size (7). The observations will be padded.
Fewer observations (0) made than vector observation size (7). The observations will be padded.
FrontWall hit: ground 1(Clone) normalX=1
FrontWall hit: ground 1(Clone) normalX=1
FrontWall hit: ground 1(Clone) normalX=1
Fewer observations (0) made than vector observation size (7). The observations will be padded.
FrontWall hit: ground 1(Clone) normalX=1
FrontWall hit: ground 1(Clone) normalX=1
FrontWall hit: ground 1(Clone) normalX=1
Fewer observations (0) made than vector observation size (7). The observations will be padded.
Fewer observations (0) made than vector observation size (7). The observations will be padded.
Fewer observations (0) made than vector observation size (7). The observations will be padded.
Fewer observations (0) made than vector observation size (7). The observations will be padded.
Fewer observations (0) made than vector observation size (7). The observations will be padded.
生成了一個物件
Fewer observations (0) made than vector observation size (7). The observations will be padded.
Fewer observations (0) made than vector observation size (7). The observations will be padded.
Fewer observations (0) made than vector observation size (7). The observations will be padded.
Fewer observations (0) made than vector observation size (7). The observations will be padded.
Fewer observations (0) made than vector observation size (7). The observations will be padded.
Fewer observations (0) made than vector observation size (7). The observations will be padded.
Fewer observations (0) made than vector observation size (7). The observations will be padded.
Fewer observations (0) made than vector observation size (7). The observations will be padded.
Fewer observations (0) made than vector observation size (7). The observations will be padded.
Fewer observations (0) made than vector observation size (7). The observations will be padded.
Fewer observations (0) made than vector observation size (7). The observations will be padded.
Fewer observations (0) made than vector observation size (7). The observations will be padded.
Fewer observations (0) made than vector observation size (7). The observations will be padded.
Fewer observations (0) made than vector observation size (7). The observations will be padded.
Fewer observations (0) made than vector observation size (7). The observations will be padded.
Fewer observations (0) made than vector observation size (7). The observations will be padded.
Fewer observations (0) made than vector observation size (7). The observations will be padded.
生成了一個物件
Fewer observations (0) made than vector observation size (7). The observations will be padded.
Fewer observations (0) made than vector observation size (7). The observations will be padded.
Fewer observations (0) made than vector observation size (7). The observations will be padded.
Fewer observations (0) made than vector observation size (7). The observations will be padded.
FrontWall hit: ground 1(Clone) normalX=1
FrontWall hit: ground 1(Clone) normalX=1
Fewer observations (0) made than vector observation size (7). The observations will be padded.
Fewer observations (0) made than vector observation size (7). The observations will be padded.
Fewer observations (0) made than vector observation size (7). The observations will be padded.
Fewer observations (0) made than vector observation size (7). The observations will be padded.
Fewer observations (0) made than vector observation size (7). The observations will be padded.
Fewer observations (0) made than vector observation size (7). The observations will be padded.
Fewer observations (0) made than vector observation size (7). The observations will be padded.
Fewer observations (0) made than vector observation size (7). The observations will be padded.
Fewer observations (0) made than vector observation size (7). The observations will be padded.
Fewer observations (0) made than vector observation size (7). The observations will be padded.
Fewer observations (0) made than vector observation size (7). The observations will be padded.
FrontWall hit: ground 1(Clone) normalX=1
FrontWall hit: ground 1(Clone) normalX=1
FrontWall hit: ground 1(Clone) normalX=1
Fewer observations (0) made than vector observation size (7). The observations will be padded.
Fewer observations (0) made than vector observation size (7). The observations will be padded.
FrontWall hit: ground 1(Clone) normalX=1
生成了一個物件
FrontWall hit: ground 1(Clone) normalX=1
FrontWall hit: ground 1(Clone) normalX=1
Fewer observations (0) made than vector observation size (7). The observations will be padded.
FrontWall hit: ground 1(Clone) normalX=1
FrontWall hit: ground 1(Clone) normalX=1
FrontWall hit: ground 1(Clone) normalX=1
Fewer observations (0) made than vector observation size (7). The observations will be padded.
Fewer observations (0) made than vector observation size (7). The observations will be padded.
Fewer observations (0) made than vector observation size (7). The observations will be padded.
Fewer observations (0) made than vector observation size (7). The observations will be padded.
Fewer observations (0) made than vector observation size (7). The observations will be padded.
Player died!
Fewer observations (0) made than vector observation size (7). The observations will be padded.
Player died!
Unloading 3 Unused Serialized files (Serialized files now loaded: 0)
UnloadTime: 3.753300 ms
Unloading 1 unused Assets to reduce memory usage. Loaded Objects now: 2872.
Total: 0.825600 ms (FindLiveObjects: 0.081500 ms CreateObjectMapping: 0.032400 ms MarkObjects: 0.704600 ms  DeleteObjects: 0.006900 ms)

Unloading 3 Unused Serialized files (Serialized files now loaded: 0)
Fewer observations (0) made than vector observation size (7). The observations will be padded.
UnloadTime: 0.516700 ms
Unloading 1 unused Assets to reduce memory usage. Loaded Objects now: 2872.
Total: 1.008900 ms (FindLiveObjects: 0.142100 ms CreateObjectMapping: 0.050000 ms MarkObjects: 0.805000 ms  DeleteObjects: 0.011600 ms)

[LoadMap] Using main map source: D:\Unity\ML-agent\Map\Decode.txt
[LoadFinishMap] Using finish map source: D:\Unity\ML-agent\Map\finishmap.txt
[LoadFinishMap] Finish size = 15 x 15, new rightX = 215
[LoadMap] Done. Main size = 200 x 15, rightX = 215
Fewer observations (0) made than vector observation size (7). The observations will be padded.
Fewer observations (0) made than vector observation size (7). The observations will be padded.
Fewer observations (0) made than vector observation size (7). The observations will be padded.
Fewer observations (0) made than vector observation size (7). The observations will be padded.
Fewer observations (0) made than vector observation size (7). The observations will be padded.
Fewer observations (0) made than vector observation size (7). The observations will be padded.
Fewer observations (0) made than vector observation size (7). The observations will be padded.
Fewer observations (0) made than vector observation size (7). The observations will be padded.
Fewer observations (0) made than vector observation size (7). The observations will be padded.
生成了一個物件
Fewer observations (0) made than vector observation size (7). The observations will be padded.
Fewer observations (0) made than vector observation size (7). The observations will be padded.
Fewer observations (0) made than vector observation size (7). The observations will be padded.
Fewer observations (0) made than vector observation size (7). The observations will be padded.
Fewer observations (0) made than vector observation size (7). The observations will be padded.
Fewer observations (0) made than vector observation size (7). The observations will be padded.
Fewer observations (0) made than vector observation size (7). The observations will be padded.
Fewer observations (0) made than vector observation size (7). The observations will be padded.
Fewer observations (0) made than vector observation size (7). The observations will be padded.
Fewer observations (0) made than vector observation size (7). The observations will be padded.
Fewer observations (0) made than vector observation size (7). The observations will be padded.
Fewer observations (0) made than vector observation size (7). The observations will be padded.
Fewer observations (0) made than vector observation size (7). The observations will be padded.
Fewer observations (0) made than vector observation size (7). The observations will be padded.
Fewer observations (0) made than vector observation size (7). The observations will be padded.
Fewer observations (0) made than vector observation size (7). The observations will be padded.
生成了一個物件
Fewer observations (0) made than vector observation size (7). The observations will be padded.
Fewer observations (0) made than vector observation size (7). The observations will be padded.
Fewer observations (0) made than vector observation size (7). The observations will be padded.
Fewer observations (0) made than vector observation size (7). The observations will be padded.
Fewer observations (0) made than vector observation size (7). The observations will be padded.
Fewer observations (0) made than vector observation size (7). The observations will be padded.
Fewer observations (0) made than vector observation size (7). The observations will be padded.
Fewer observations (0) made than vector observation size (7). The observations will be padded.
Fewer observations (0) made than vector observation size (7). The observations will be padded.
Fewer observations (0) made than vector observation size (7). The observations will be padded.
Fewer observations (0) made than vector observation size (7). The observations will be padded.
Fewer observations (0) made than vector observation size (7). The observations will be padded.
Fewer observations (0) made than vector observation size (7). The observations will be padded.
Fewer observations (0) made than vector observation size (7). The observations will be padded.
Fewer observations (0) made than vector observation size (7). The observations will be padded.
Fewer observations (0) made than vector observation size (7). The observations will be padded.
Fewer observations (0) made than vector observation size (7). The observations will be padded.
Player died!
Fewer observations (0) made than vector observation size (7). The observations will be padded.
Player died!
生成了一個物件
Unloading 3 Unused Serialized files (Serialized files now loaded: 0)
UnloadTime: 4.001600 ms
Unloading 1 unused Assets to reduce memory usage. Loaded Objects now: 2872.
Total: 0.869200 ms (FindLiveObjects: 0.086300 ms CreateObjectMapping: 0.031900 ms MarkObjects: 0.743500 ms  DeleteObjects: 0.007300 ms)

Unloading 3 Unused Serialized files (Serialized files now loaded: 0)
Fewer observations (0) made than vector observation size (7). The observations will be padded.
UnloadTime: 0.499000 ms
Unloading 1 unused Assets to reduce memory usage. Loaded Objects now: 2872.
Total: 0.797900 ms (FindLiveObjects: 0.077700 ms CreateObjectMapping: 0.032100 ms MarkObjects: 0.681100 ms  DeleteObjects: 0.006800 ms)

[LoadMap] Using main map source: D:\Unity\ML-agent\Map\Decode.txt
[LoadFinishMap] Using finish map source: D:\Unity\ML-agent\Map\finishmap.txt
[LoadFinishMap] Finish size = 15 x 15, new rightX = 215
[LoadMap] Done. Main size = 200 x 15, rightX = 215
Fewer observations (0) made than vector observation size (7). The observations will be padded.
FrontWall hit: ground 1(Clone) normalX=1
FrontWall hit: ground 1(Clone) normalX=1
FrontWall hit: ground 1(Clone) normalX=1
Fewer observations (0) made than vector observation size (7). The observations will be padded.
FrontWall hit: ground 1(Clone) normalX=1
FrontWall hit: ground 1(Clone) normalX=1
FrontWall hit: ground 1(Clone) normalX=1
Fewer observations (0) made than vector observation size (7). The observations will be padded.
Fewer observations (0) made than vector observation size (7). The observations will be padded.
Fewer observations (0) made than vector observation size (7). The observations will be padded.
Fewer observations (0) made than vector observation size (7). The observations will be padded.
Fewer observations (0) made than vector observation size (7). The observations will be padded.
FrontWall hit: ground 1(Clone) normalX=1
FrontWall hit: ground 1(Clone) normalX=1
FrontWall hit: ground 1(Clone) normalX=1
Fewer observations (0) made than vector observation size (7). The observations will be padded.
Fewer observations (0) made than vector observation size (7). The observations will be padded.
Fewer observations (0) made than vector observation size (7). The observations will be padded.
Fewer observations (0) made than vector observation size (7). The observations will be padded.
Fewer observations (0) made than vector observation size (7). The observations will be padded.
Fewer observations (0) made than vector observation size (7). The observations will be padded.
生成了一個物件
Fewer observations (0) made than vector observation size (7). The observations will be padded.
Fewer observations (0) made than vector observation size (7). The observations will be padded.
Fewer observations (0) made than vector observation size (7). The observations will be padded.
Fewer observations (0) made than vector observation size (7). The observations will be padded.
Fewer observations (0) made than vector observation size (7). The observations will be padded.
Fewer observations (0) made than vector observation size (7). The observations will be padded.
Fewer observations (0) made than vector observation size (7). The observations will be padded.
Fewer observations (0) made than vector observation size (7). The observations will be padded.
Fewer observations (0) made than vector observation size (7). The observations will be padded.
Fewer observations (0) made than vector observation size (7). The observations will be padded.
Fewer observations (0) made than vector observation size (7). The observations will be padded.
Fewer observations (0) made than vector observation size (7). The observations will be padded.
Fewer observations (0) made than vector observation size (7). The observations will be padded.
Fewer observations (0) made than vector observation size (7). The observations will be padded.
Fewer observations (0) made than vector observation size (7). The observations will be padded.
Fewer observations (0) made than vector observation size (7). The observations will be padded.
Fewer observations (0) made than vector observation size (7). The observations will be padded.
生成了一個物件
Fewer observations (0) made than vector observation size (7). The observations will be padded.
Fewer observations (0) made than vector observation size (7). The observations will be padded.
Fewer observations (0) made than vector observation size (7). The observations will be padded.
Fewer observations (0) made than vector observation size (7). The observations will be padded.
Fewer observations (0) made than vector observation size (7). The observations will be padded.
Fewer observations (0) made than vector observation size (7). The observations will be padded.
Fewer observations (0) made than vector observation size (7). The observations will be padded.
Fewer observations (0) made than vector observation size (7). The observations will be padded.
Fewer observations (0) made than vector observation size (7). The observations will be padded.
Fewer observations (0) made than vector observation size (7). The observations will be padded.
Fewer observations (0) made than vector observation size (7). The observations will be padded.
Fewer observations (0) made than vector observation size (7). The observations will be padded.
Fewer observations (0) made than vector observation size (7). The observations will be padded.
Fewer observations (0) made than vector observation size (7). The observations will be padded.
Fewer observations (0) made than vector observation size (7). The observations will be padded.
Fewer observations (0) made than vector observation size (7). The observations will be padded.
Fewer observations (0) made than vector observation size (7). The observations will be padded.
生成了一個物件
Fewer observations (0) made than vector observation size (7). The observations will be padded.
Fewer observations (0) made than vector observation size (7). The observations will be padded.
Fewer observations (0) made than vector observation size (7). The observations will be padded.
Player died!
Fewer observations (0) made than vector observation size (7). The observations will be padded.
Player died!
Fewer observations (0) made than vector observation size (7). The observations will be padded.
FrontWall hit: ground 1(Clone) normalX=1
Unloading 3 Unused Serialized files (Serialized files now loaded: 0)
Fewer observations (0) made than vector observation size (7). The observations will be padded.
UnloadTime: 6.913400 ms
Unloading 1 unused Assets to reduce memory usage. Loaded Objects now: 2872.
Total: 0.817900 ms (FindLiveObjects: 0.083700 ms CreateObjectMapping: 0.033900 ms MarkObjects: 0.693400 ms  DeleteObjects: 0.006800 ms)

Unloading 3 Unused Serialized files (Serialized files now loaded: 0)
Fewer observations (0) made than vector observation size (7). The observations will be padded.
UnloadTime: 0.457100 ms
Unloading 1 unused Assets to reduce memory usage. Loaded Objects now: 2872.
Total: 0.851000 ms (FindLiveObjects: 0.075200 ms CreateObjectMapping: 0.030300 ms MarkObjects: 0.738500 ms  DeleteObjects: 0.006700 ms)

[LoadMap] Using main map source: D:\Unity\ML-agent\Map\Decode.txt
[LoadFinishMap] Using finish map source: D:\Unity\ML-agent\Map\finishmap.txt
[LoadFinishMap] Finish size = 15 x 15, new rightX = 215
[LoadMap] Done. Main size = 200 x 15, rightX = 215
Fewer observations (0) made than vector observation size (7). The observations will be padded.
Fewer observations (0) made than vector observation size (7). The observations will be padded.
Fewer observations (0) made than vector observation size (7). The observations will be padded.
Fewer observations (0) made than vector observation size (7). The observations will be padded.
Fewer observations (0) made than vector observation size (7). The observations will be padded.
Fewer observations (0) made than vector observation size (7). The observations will be padded.
Fewer observations (0) made than vector observation size (7). The observations will be padded.
Fewer observations (0) made than vector observation size (7). The observations will be padded.
生成了一個物件
Fewer observations (0) made than vector observation size (7). The observations will be padded.
Fewer observations (0) made than vector observation size (7). The observations will be padded.
Fewer observations (0) made than vector observation size (7). The observations will be padded.
Fewer observations (0) made than vector observation size (7). The observations will be padded.
Fewer observations (0) made than vector observation size (7). The observations will be padded.
Fewer observations (0) made than vector observation size (7). The observations will be padded.
Fewer observations (0) made than vector observation size (7). The observations will be padded.
Fewer observations (0) made than vector observation size (7). The observations will be padded.
Fewer observations (0) made than vector observation size (7). The observations will be padded.
Fewer observations (0) made than vector observation size (7). The observations will be padded.
Fewer observations (0) made than vector observation size (7). The observations will be padded.
Fewer observations (0) made than vector observation size (7). The observations will be padded.
Fewer observations (0) made than vector observation size (7). The observations will be padded.
Fewer observations (0) made than vector observation size (7). The observations will be padded.
Fewer observations (0) made than vector observation size (7). The observations will be padded.
Fewer observations (0) made than vector observation size (7). The observations will be padded.
Fewer observations (0) made than vector observation size (7). The observations will be padded.
生成了一個物件
Fewer observations (0) made than vector observation size (7). The observations will be padded.
Fewer observations (0) made than vector observation size (7). The observations will be padded.
Fewer observations (0) made than vector observation size (7). The observations will be padded.
Fewer observations (0) made than vector observation size (7). The observations will be padded.
Fewer observations (0) made than vector observation size (7). The observations will be padded.
Fewer observations (0) made than vector observation size (7). The observations will be padded.
Fewer observations (0) made than vector observation size (7). The observations will be padded.
Fewer observations (0) made than vector observation size (7). The observations will be padded.
Fewer observations (0) made than vector observation size (7). The observations will be padded.
Fewer observations (0) made than vector observation size (7). The observations will be padded.
Fewer observations (0) made than vector observation size (7). The observations will be padded.
Fewer observations (0) made than vector observation size (7). The observations will be padded.
Fewer observations (0) made than vector observation size (7). The observations will be padded.
Fewer observations (0) made than vector observation size (7). The observations will be padded.
Fewer observations (0) made than vector observation size (7). The observations will be padded.
Fewer observations (0) made than vector observation size (7). The observations will be padded.
生成了一個物件
Fewer observations (0) made than vector observation size (7). The observations will be padded.
Fewer observations (0) made than vector observation size (7). The observations will be padded.
Fewer observations (0) made than vector observation size (7). The observations will be padded.
Player died!
Fewer observations (0) made than vector observation size (7). The observations will be padded.
Player died!
Fewer observations (0) made than vector observation size (7). The observations will be padded.
Unloading 3 Unused Serialized files (Serialized files now loaded: 0)
Fewer observations (0) made than vector observation size (7). The observations will be padded.
UnloadTime: 4.940700 ms
Unloading 1 unused Assets to reduce memory usage. Loaded Objects now: 2872.
Total: 1.028900 ms (FindLiveObjects: 0.100300 ms CreateObjectMapping: 0.038400 ms MarkObjects: 0.869800 ms  DeleteObjects: 0.020300 ms)

Unloading 3 Unused Serialized files (Serialized files now loaded: 0)
Fewer observations (0) made than vector observation size (7). The observations will be padded.
UnloadTime: 0.497700 ms
Unloading 1 unused Assets to reduce memory usage. Loaded Objects now: 2872.
Total: 0.851500 ms (FindLiveObjects: 0.077600 ms CreateObjectMapping: 0.032600 ms MarkObjects: 0.734500 ms  DeleteObjects: 0.006600 ms)

[LoadMap] Using main map source: D:\Unity\ML-agent\Map\Decode.txt
[LoadFinishMap] Using finish map source: D:\Unity\ML-agent\Map\finishmap.txt
[LoadFinishMap] Finish size = 15 x 15, new rightX = 215
[LoadMap] Done. Main size = 200 x 15, rightX = 215
Fewer observations (0) made than vector observation size (7). The observations will be padded.
Fewer observations (0) made than vector observation size (7). The observations will be padded.
Fewer observations (0) made than vector observation size (7). The observations will be padded.
FrontWall hit: ground 1(Clone) normalX=1
FrontWall hit: ground 1(Clone) normalX=1
FrontWall hit: ground 1(Clone) normalX=1
Fewer observations (0) made than vector observation size (7). The observations will be padded.
Fewer observations (0) made than vector observation size (7). The observations will be padded.
FrontWall hit: ground 1(Clone) normalX=1
FrontWall hit: ground 1(Clone) normalX=1
FrontWall hit: ground 1(Clone) normalX=1
Fewer observations (0) made than vector observation size (7). The observations will be padded.
FrontWall hit: ground 1(Clone) normalX=1
FrontWall hit: ground 1(Clone) normalX=1
FrontWall hit: ground 1(Clone) normalX=1
Fewer observations (0) made than vector observation size (7). The observations will be padded.
Fewer observations (0) made than vector observation size (7). The observations will be padded.
Fewer observations (0) made than vector observation size (7). The observations will be padded.
Fewer observations (0) made than vector observation size (7). The observations will be padded.
Fewer observations (0) made than vector observation size (7). The observations will be padded.
FrontWall hit: ground 1(Clone) normalX=1
FrontWall hit: ground 1(Clone) normalX=1
FrontWall hit: ground 1(Clone) normalX=1
Fewer observations (0) made than vector observation size (7). The observations will be padded.
Fewer observations (0) made than vector observation size (7). The observations will be padded.
Fewer observations (0) made than vector observation size (7). The observations will be padded.
Fewer observations (0) made than vector observation size (7). The observations will be padded.
Fewer observations (0) made than vector observation size (7). The observations will be padded.
Fewer observations (0) made than vector observation size (7). The observations will be padded.
生成了一個物件
Fewer observations (0) made than vector observation size (7). The observations will be padded.
Fewer observations (0) made than vector observation size (7). The observations will be padded.
Fewer observations (0) made than vector observation size (7). The observations will be padded.
Fewer observations (0) made than vector observation size (7). The observations will be padded.
Fewer observations (0) made than vector observation size (7). The observations will be padded.
FrontWall hit: ground 1(Clone) normalX=1
FrontWall hit: ground 1(Clone) normalX=1
FrontWall hit: ground 1(Clone) normalX=1
Fewer observations (0) made than vector observation size (7). The observations will be padded.
Fewer observations (0) made than vector observation size (7). The observations will be padded.
Fewer observations (0) made than vector observation size (7). The observations will be padded.
Fewer observations (0) made than vector observation size (7). The observations will be padded.
Fewer observations (0) made than vector observation size (7). The observations will be padded.
Fewer observations (0) made than vector observation size (7). The observations will be padded.
Fewer observations (0) made than vector observation size (7). The observations will be padded.
Fewer observations (0) made than vector observation size (7). The observations will be padded.
Fewer observations (0) made than vector observation size (7). The observations will be padded.
Fewer observations (0) made than vector observation size (7). The observations will be padded.
Fewer observations (0) made than vector observation size (7). The observations will be padded.
生成了一個物件
Fewer observations (0) made than vector observation size (7). The observations will be padded.
Fewer observations (0) made than vector observation size (7). The observations will be padded.
Fewer observations (0) made than vector observation size (7). The observations will be padded.
Fewer observations (0) made than vector observation size (7). The observations will be padded.
Fewer observations (0) made than vector observation size (7). The observations will be padded.
Fewer observations (0) made than vector observation size (7). The observations will be padded.
Fewer observations (0) made than vector observation size (7). The observations will be padded.
Fewer observations (0) made than vector observation size (7). The observations will be padded.
Fewer observations (0) made than vector observation size (7). The observations will be padded.
Fewer observations (0) made than vector observation size (7). The observations will be padded.
Fewer observations (0) made than vector observation size (7). The observations will be padded.
Fewer observations (0) made than vector observation size (7). The observations will be padded.
Fewer observations (0) made than vector observation size (7). The observations will be padded.
Fewer observations (0) made than vector observation size (7). The observations will be padded.
Fewer observations (0) made than vector observation size (7). The observations will be padded.
Fewer observations (0) made than vector observation size (7). The observations will be padded.
Fewer observations (0) made than vector observation size (7). The observations will be padded.
生成了一個物件
Fewer observations (0) made than vector observation size (7). The observations will be padded.
Fewer observations (0) made than vector observation size (7). The observations will be padded.
Fewer observations (0) made than vector observation size (7). The observations will be padded.
Player died!
Fewer observations (0) made than vector observation size (7). The observations will be padded.
FrontWall hit: ground 1(Clone) normalX=-1
Unloading 3 Unused Serialized files (Serialized files now loaded: 0)
UnloadTime: 4.595900 ms
Unloading 1 unused Assets to reduce memory usage. Loaded Objects now: 2872.
Total: 0.948800 ms (FindLiveObjects: 0.086300 ms CreateObjectMapping: 0.032000 ms MarkObjects: 0.821200 ms  DeleteObjects: 0.009200 ms)

[LoadMap] Using main map source: D:\Unity\ML-agent\Map\Decode.txt
[LoadFinishMap] Using finish map source: D:\Unity\ML-agent\Map\finishmap.txt
[LoadFinishMap] Finish size = 15 x 15, new rightX = 215
[LoadMap] Done. Main size = 200 x 15, rightX = 215
Fewer observations (0) made than vector observation size (7). The observations will be padded.
FrontWall hit: ground 1(Clone) normalX=1
FrontWall hit: ground 1(Clone) normalX=1
FrontWall hit: ground 1(Clone) normalX=1
Fewer observations (0) made than vector observation size (7). The observations will be padded.
Fewer observations (0) made than vector observation size (7). The observations will be padded.
FrontWall hit: ground 1(Clone) normalX=1
FrontWall hit: ground 1(Clone) normalX=1
FrontWall hit: ground 1(Clone) normalX=1
Fewer observations (0) made than vector observation size (7). The observations will be padded.
FrontWall hit: ground 1(Clone) normalX=1
FrontWall hit: ground 1(Clone) normalX=1
FrontWall hit: ground 1(Clone) normalX=1
Fewer observations (0) made than vector observation size (7). The observations will be padded.
Fewer observations (0) made than vector observation size (7). The observations will be padded.
Fewer observations (0) made than vector observation size (7). The observations will be padded.
Fewer observations (0) made than vector observation size (7). The observations will be padded.
Fewer observations (0) made than vector observation size (7). The observations will be padded.
Fewer observations (0) made than vector observation size (7). The observations will be padded.
Fewer observations (0) made than vector observation size (7). The observations will be padded.
Fewer observations (0) made than vector observation size (7). The observations will be padded.
Fewer observations (0) made than vector observation size (7). The observations will be padded.
Fewer observations (0) made than vector observation size (7). The observations will be padded.
生成了一個物件
Fewer observations (0) made than vector observation size (7). The observations will be padded.
Fewer observations (0) made than vector observation size (7). The observations will be padded.
Fewer observations (0) made than vector observation size (7). The observations will be padded.
Fewer observations (0) made than vector observation size (7). The observations will be padded.
Fewer observations (0) made than vector observation size (7). The observations will be padded.
Fewer observations (0) made than vector observation size (7). The observations will be padded.
Fewer observations (0) made than vector observation size (7). The observations will be padded.
Fewer observations (0) made than vector observation size (7). The observations will be padded.
Fewer observations (0) made than vector observation size (7). The observations will be padded.
Fewer observations (0) made than vector observation size (7). The observations will be padded.
Fewer observations (0) made than vector observation size (7). The observations will be padded.
Fewer observations (0) made than vector observation size (7). The observations will be padded.
Fewer observations (0) made than vector observation size (7). The observations will be padded.
Fewer observations (0) made than vector observation size (7). The observations will be padded.
Fewer observations (0) made than vector observation size (7). The observations will be padded.
Fewer observations (0) made than vector observation size (7). The observations will be padded.
Fewer observations (0) made than vector observation size (7). The observations will be padded.
生成了一個物件
Fewer observations (0) made than vector observation size (7). The observations will be padded.
Fewer observations (0) made than vector observation size (7). The observations will be padded.
Fewer observations (0) made than vector observation size (7). The observations will be padded.
Fewer observations (0) made than vector observation size (7). The observations will be padded.
Fewer observations (0) made than vector observation size (7). The observations will be padded.
Fewer observations (0) made than vector observation size (7). The observations will be padded.
Fewer observations (0) made than vector observation size (7). The observations will be padded.
Fewer observations (0) made than vector observation size (7). The observations will be padded.
Fewer observations (0) made than vector observation size (7). The observations will be padded.
Fewer observations (0) made than vector observation size (7). The observations will be padded.
Fewer observations (0) made than vector observation size (7). The observations will be padded.
Fewer observations (0) made than vector observation size (7). The observations will be padded.
Player died!
Fewer observations (0) made than vector observation size (7). The observations will be padded.
Unloading 3 Unused Serialized files (Serialized files now loaded: 0)
UnloadTime: 3.806400 ms
Unloading 1 unused Assets to reduce memory usage. Loaded Objects now: 2872.
Total: 0.987000 ms (FindLiveObjects: 0.100100 ms CreateObjectMapping: 0.029900 ms MarkObjects: 0.850100 ms  DeleteObjects: 0.006900 ms)

[LoadMap] Using main map source: D:\Unity\ML-agent\Map\Decode.txt
[LoadFinishMap] Using finish map source: D:\Unity\ML-agent\Map\finishmap.txt
[LoadFinishMap] Finish size = 15 x 15, new rightX = 215
[LoadMap] Done. Main size = 200 x 15, rightX = 215
Fewer observations (0) made than vector observation size (7). The observations will be padded.
Fewer observations (0) made than vector observation size (7). The observations will be padded.
Fewer observations (0) made than vector observation size (7). The observations will be padded.
Fewer observations (0) made than vector observation size (7). The observations will be padded.
Fewer observations (0) made than vector observation size (7). The observations will be padded.
FrontWall hit: ground 1(Clone) normalX=1
FrontWall hit: ground 1(Clone) normalX=1
FrontWall hit: ground 1(Clone) normalX=1
Fewer observations (0) made than vector observation size (7). The observations will be padded.
Fewer observations (0) made than vector observation size (7). The observations will be padded.
Fewer observations (0) made than vector observation size (7). The observations will be padded.
Fewer observations (0) made than vector observation size (7). The observations will be padded.
Fewer observations (0) made than vector observation size (7). The observations will be padded.
Fewer observations (0) made than vector observation size (7). The observations will be padded.
Fewer observations (0) made than vector observation size (7). The observations will be padded.
Fewer observations (0) made than vector observation size (7). The observations will be padded.
FrontWall hit: ground 1(Clone) normalX=1
FrontWall hit: ground 1(Clone) normalX=1
FrontWall hit: ground 1(Clone) normalX=1
Fewer observations (0) made than vector observation size (7). The observations will be padded.
FrontWall hit: ground 1(Clone) normalX=1
FrontWall hit: ground 1(Clone) normalX=1
FrontWall hit: ground 1(Clone) normalX=1
Fewer observations (0) made than vector observation size (7). The observations will be padded.
Fewer observations (0) made than vector observation size (7). The observations will be padded.
Fewer observations (0) made than vector observation size (7). The observations will be padded.
Fewer observations (0) made than vector observation size (7). The observations will be padded.
Fewer observations (0) made than vector observation size (7). The observations will be padded.
Fewer observations (0) made than vector observation size (7). The observations will be padded.
Fewer observations (0) made than vector observation size (7). The observations will be padded.
Fewer observations (0) made than vector observation size (7). The observations will be padded.
Fewer observations (0) made than vector observation size (7). The observations will be padded.
生成了一個物件
Fewer observations (0) made than vector observation size (7). The observations will be padded.
Fewer observations (0) made than vector observation size (7). The observations will be padded.
Fewer observations (0) made than vector observation size (7). The observations will be padded.
Fewer observations (0) made than vector observation size (7). The observations will be padded.
Fewer observations (0) made than vector observation size (7). The observations will be padded.
Fewer observations (0) made than vector observation size (7). The observations will be padded.
Fewer observations (0) made than vector observation size (7). The observations will be padded.
Fewer observations (0) made than vector observation size (7). The observations will be padded.
FrontWall hit: ground 1(Clone) normalX=1
FrontWall hit: ground 1(Clone) normalX=1
FrontWall hit: ground 1(Clone) normalX=1
Fewer observations (0) made than vector observation size (7). The observations will be padded.
Fewer observations (0) made than vector observation size (7). The observations will be padded.
Fewer observations (0) made than vector observation size (7). The observations will be padded.
Fewer observations (0) made than vector observation size (7). The observations will be padded.
Fewer observations (0) made than vector observation size (7). The observations will be padded.
Fewer observations (0) made than vector observation size (7). The observations will be padded.
Fewer observations (0) made than vector observation size (7). The observations will be padded.
Fewer observations (0) made than vector observation size (7). The observations will be padded.
Fewer observations (0) made than vector observation size (7). The observations will be padded.
FrontWall hit: ground 1(Clone) normalX=1
生成了一個物件
FrontWall hit: ground 1(Clone) normalX=1
FrontWall hit: ground 1(Clone) normalX=1
Fewer observations (0) made than vector observation size (7). The observations will be padded.
Fewer observations (0) made than vector observation size (7). The observations will be padded.
FrontWall hit: ground 1(Clone) normalX=1
FrontWall hit: ground 1(Clone) normalX=1
FrontWall hit: ground 1(Clone) normalX=1
Fewer observations (0) made than vector observation size (7). The observations will be padded.
Fewer observations (0) made than vector observation size (7). The observations will be padded.
Fewer observations (0) made than vector observation size (7). The observations will be padded.
Fewer observations (0) made than vector observation size (7). The observations will be padded.
Fewer observations (0) made than vector observation size (7). The observations will be padded.
Fewer observations (0) made than vector observation size (7). The observations will be padded.
Fewer observations (0) made than vector observation size (7). The observations will be padded.
Fewer observations (0) made than vector observation size (7). The observations will be padded.
Fewer observations (0) made than vector observation size (7). The observations will be padded.
Fewer observations (0) made than vector observation size (7). The observations will be padded.
Fewer observations (0) made than vector observation size (7). The observations will be padded.
Fewer observations (0) made than vector observation size (7). The observations will be padded.
Fewer observations (0) made than vector observation size (7). The observations will be padded.
Player died!
Fewer observations (0) made than vector observation size (7). The observations will be padded.
Player died!
Unloading 3 Unused Serialized files (Serialized files now loaded: 0)
UnloadTime: 3.787200 ms
Unloading 1 unused Assets to reduce memory usage. Loaded Objects now: 2872.
Total: 0.981700 ms (FindLiveObjects: 0.097000 ms CreateObjectMapping: 0.049900 ms MarkObjects: 0.826700 ms  DeleteObjects: 0.008000 ms)

Unloading 3 Unused Serialized files (Serialized files now loaded: 0)
Fewer observations (0) made than vector observation size (7). The observations will be padded.
UnloadTime: 0.500300 ms
Unloading 1 unused Assets to reduce memory usage. Loaded Objects now: 2872.
Total: 0.863900 ms (FindLiveObjects: 0.077900 ms CreateObjectMapping: 0.068900 ms MarkObjects: 0.710600 ms  DeleteObjects: 0.006500 ms)

[LoadMap] Using main map source: D:\Unity\ML-agent\Map\Decode.txt
[LoadFinishMap] Using finish map source: D:\Unity\ML-agent\Map\finishmap.txt
[LoadFinishMap] Finish size = 15 x 15, new rightX = 215
[LoadMap] Done. Main size = 200 x 15, rightX = 215
Fewer observations (0) made than vector observation size (7). The observations will be padded.
Fewer observations (0) made than vector observation size (7). The observations will be padded.
Fewer observations (0) made than vector observation size (7). The observations will be padded.
FrontWall hit: ground 1(Clone) normalX=1
FrontWall hit: ground 1(Clone) normalX=1
FrontWall hit: ground 1(Clone) normalX=1
Fewer observations (0) made than vector observation size (7). The observations will be padded.
Fewer observations (0) made than vector observation size (7). The observations will be padded.
Fewer observations (0) made than vector observation size (7). The observations will be padded.
FrontWall hit: ground 1(Clone) normalX=1
FrontWall hit: ground 1(Clone) normalX=1
FrontWall hit: ground 1(Clone) normalX=1
Fewer observations (0) made than vector observation size (7). The observations will be padded.
FrontWall hit: ground 1(Clone) normalX=1
FrontWall hit: ground 1(Clone) normalX=1
FrontWall hit: ground 1(Clone) normalX=1
Fewer observations (0) made than vector observation size (7). The observations will be padded.
Fewer observations (0) made than vector observation size (7). The observations will be padded.
Fewer observations (0) made than vector observation size (7). The observations will be padded.
Fewer observations (0) made than vector observation size (7). The observations will be padded.
Fewer observations (0) made than vector observation size (7). The observations will be padded.
Fewer observations (0) made than vector observation size (7). The observations will be padded.
Fewer observations (0) made than vector observation size (7). The observations will be padded.
Fewer observations (0) made than vector observation size (7). The observations will be padded.
生成了一個物件
Fewer observations (0) made than vector observation size (7). The observations will be padded.
Fewer observations (0) made than vector observation size (7). The observations will be padded.
Fewer observations (0) made than vector observation size (7). The observations will be padded.
Fewer observations (0) made than vector observation size (7). The observations will be padded.
Fewer observations (0) made than vector observation size (7). The observations will be padded.
Fewer observations (0) made than vector observation size (7). The observations will be padded.
Fewer observations (0) made than vector observation size (7). The observations will be padded.
Fewer observations (0) made than vector observation size (7). The observations will be padded.
Fewer observations (0) made than vector observation size (7). The observations will be padded.
Fewer observations (0) made than vector observation size (7). The observations will be padded.
Fewer observations (0) made than vector observation size (7). The observations will be padded.
Fewer observations (0) made than vector observation size (7). The observations will be padded.
Fewer observations (0) made than vector observation size (7). The observations will be padded.
Fewer observations (0) made than vector observation size (7). The observations will be padded.
Fewer observations (0) made than vector observation size (7). The observations will be padded.
Fewer observations (0) made than vector observation size (7). The observations will be padded.
FrontWall hit: ground 1(Clone) normalX=1
生成了一個物件
Fewer observations (0) made than vector observation size (7). The observations will be padded.
Fewer observations (0) made than vector observation size (7). The observations will be padded.
Fewer observations (0) made than vector observation size (7). The observations will be padded.
Fewer observations (0) made than vector observation size (7). The observations will be padded.
Fewer observations (0) made than vector observation size (7). The observations will be padded.
Fewer observations (0) made than vector observation size (7). The observations will be padded.
Fewer observations (0) made than vector observation size (7). The observations will be padded.
Fewer observations (0) made than vector observation size (7). The observations will be padded.
Fewer observations (0) made than vector observation size (7). The observations will be padded.
Fewer observations (0) made than vector observation size (7). The observations will be padded.
Fewer observations (0) made than vector observation size (7). The observations will be padded.
Fewer observations (0) made than vector observation size (7). The observations will be padded.
Fewer observations (0) made than vector observation size (7). The observations will be padded.
Fewer observations (0) made than vector observation size (7). The observations will be padded.
Fewer observations (0) made than vector observation size (7). The observations will be padded.
Fewer observations (0) made than vector observation size (7). The observations will be padded.
Fewer observations (0) made than vector observation size (7). The observations will be padded.
生成了一個物件
Fewer observations (0) made than vector observation size (7). The observations will be padded.
Fewer observations (0) made than vector observation size (7). The observations will be padded.
Fewer observations (0) made than vector observation size (7). The observations will be padded.
Player died!
Fewer observations (0) made than vector observation size (7). The observations will be padded.
Player died!
Unloading 3 Unused Serialized files (Serialized files now loaded: 0)
UnloadTime: 3.722800 ms
Unloading 1 unused Assets to reduce memory usage. Loaded Objects now: 2872.
Total: 1.099100 ms (FindLiveObjects: 0.083700 ms CreateObjectMapping: 0.034500 ms MarkObjects: 0.974100 ms  DeleteObjects: 0.006700 ms)

Unloading 3 Unused Serialized files (Serialized files now loaded: 0)
Fewer observations (0) made than vector observation size (7). The observations will be padded.
UnloadTime: 0.564900 ms
Unloading 1 unused Assets to reduce memory usage. Loaded Objects now: 2872.
Total: 1.171800 ms (FindLiveObjects: 0.089100 ms CreateObjectMapping: 0.035000 ms MarkObjects: 1.037000 ms  DeleteObjects: 0.010600 ms)

[LoadMap] Using main map source: D:\Unity\ML-agent\Map\Decode.txt
[LoadFinishMap] Using finish map source: D:\Unity\ML-agent\Map\finishmap.txt
[LoadFinishMap] Finish size = 15 x 15, new rightX = 215
[LoadMap] Done. Main size = 200 x 15, rightX = 215
Fewer observations (0) made than vector observation size (7). The observations will be padded.
FrontWall hit: ground 1(Clone) normalX=1
FrontWall hit: ground 1(Clone) normalX=1
FrontWall hit: ground 1(Clone) normalX=1
Fewer observations (0) made than vector observation size (7). The observations will be padded.
FrontWall hit: ground 1(Clone) normalX=1
FrontWall hit: ground 1(Clone) normalX=1
FrontWall hit: ground 1(Clone) normalX=1
Fewer observations (0) made than vector observation size (7). The observations will be padded.
FrontWall hit: ground 1(Clone) normalX=1
FrontWall hit: ground 1(Clone) normalX=1
FrontWall hit: ground 1(Clone) normalX=1
Fewer observations (0) made than vector observation size (7). The observations will be padded.
Fewer observations (0) made than vector observation size (7). The observations will be padded.
Fewer observations (0) made than vector observation size (7). The observations will be padded.
Fewer observations (0) made than vector observation size (7). The observations will be padded.
Fewer observations (0) made than vector observation size (7). The observations will be padded.
Fewer observations (0) made than vector observation size (7). The observations will be padded.
Fewer observations (0) made than vector observation size (7). The observations will be padded.
Fewer observations (0) made than vector observation size (7). The observations will be padded.
生成了一個物件
Fewer observations (0) made than vector observation size (7). The observations will be padded.
Fewer observations (0) made than vector observation size (7). The observations will be padded.
Fewer observations (0) made than vector observation size (7). The observations will be padded.
Fewer observations (0) made than vector observation size (7). The observations will be padded.
Fewer observations (0) made than vector observation size (7). The observations will be padded.
Fewer observations (0) made than vector observation size (7). The observations will be padded.
Fewer observations (0) made than vector observation size (7). The observations will be padded.
FrontWall hit: ground 1(Clone) normalX=1
FrontWall hit: ground 1(Clone) normalX=1
FrontWall hit: ground 1(Clone) normalX=1
Fewer observations (0) made than vector observation size (7). The observations will be padded.
Fewer observations (0) made than vector observation size (7). The observations will be padded.
FrontWall hit: ground 1(Clone) normalX=1
FrontWall hit: ground 1(Clone) normalX=1
FrontWall hit: ground 1(Clone) normalX=1
Fewer observations (0) made than vector observation size (7). The observations will be padded.
FrontWall hit: ground 1(Clone) normalX=1
FrontWall hit: ground 1(Clone) normalX=1
FrontWall hit: ground 1(Clone) normalX=1
Fewer observations (0) made than vector observation size (7). The observations will be padded.
FrontWall hit: ground 1(Clone) normalX=1
FrontWall hit: ground 1(Clone) normalX=1
FrontWall hit: ground 1(Clone) normalX=1
Fewer observations (0) made than vector observation size (7). The observations will be padded.
FrontWall hit: ground 1(Clone) normalX=1
FrontWall hit: ground 1(Clone) normalX=1
FrontWall hit: ground 1(Clone) normalX=1
Fewer observations (0) made than vector observation size (7). The observations will be padded.
FrontWall hit: ground 1(Clone) normalX=1
FrontWall hit: ground 1(Clone) normalX=1
FrontWall hit: ground 1(Clone) normalX=1
Fewer observations (0) made than vector observation size (7). The observations will be padded.
Fewer observations (0) made than vector observation size (7). The observations will be padded.
Fewer observations (0) made than vector observation size (7). The observations will be padded.
Fewer observations (0) made than vector observation size (7). The observations will be padded.
生成了一個物件
Fewer observations (0) made than vector observation size (7). The observations will be padded.
Fewer observations (0) made than vector observation size (7). The observations will be padded.
Fewer observations (0) made than vector observation size (7). The observations will be padded.
Fewer observations (0) made than vector observation size (7). The observations will be padded.
Fewer observations (0) made than vector observation size (7). The observations will be padded.
Fewer observations (0) made than vector observation size (7). The observations will be padded.
FrontWall hit: ground 1(Clone) normalX=1
FrontWall hit: ground 1(Clone) normalX=1
FrontWall hit: ground 1(Clone) normalX=1
Fewer observations (0) made than vector observation size (7). The observations will be padded.
FrontWall hit: ground 1(Clone) normalX=1
FrontWall hit: ground 1(Clone) normalX=1
FrontWall hit: ground 1(Clone) normalX=1
Fewer observations (0) made than vector observation size (7). The observations will be padded.
Fewer observations (0) made than vector observation size (7). The observations will be padded.
Fewer observations (0) made than vector observation size (7). The observations will be padded.
Fewer observations (0) made than vector observation size (7). The observations will be padded.
Fewer observations (0) made than vector observation size (7). The observations will be padded.
Fewer observations (0) made than vector observation size (7). The observations will be padded.
Fewer observations (0) made than vector observation size (7). The observations will be padded.
Fewer observations (0) made than vector observation size (7). The observations will be padded.
Fewer observations (0) made than vector observation size (7). The observations will be padded.
Fewer observations (0) made than vector observation size (7). The observations will be padded.
生成了一個物件
Player died!
Fewer observations (0) made than vector observation size (7). The observations will be padded.
Player died!
Unloading 3 Unused Serialized files (Serialized files now loaded: 0)
UnloadTime: 3.708500 ms
Unloading 1 unused Assets to reduce memory usage. Loaded Objects now: 2872.
Total: 0.910200 ms (FindLiveObjects: 0.085700 ms CreateObjectMapping: 0.036000 ms MarkObjects: 0.780300 ms  DeleteObjects: 0.007900 ms)

Unloading 3 Unused Serialized files (Serialized files now loaded: 0)
Fewer observations (0) made than vector observation size (7). The observations will be padded.
UnloadTime: 0.542100 ms
Unloading 1 unused Assets to reduce memory usage. Loaded Objects now: 2872.
Total: 0.825200 ms (FindLiveObjects: 0.079800 ms CreateObjectMapping: 0.034000 ms MarkObjects: 0.705000 ms  DeleteObjects: 0.006100 ms)

[LoadMap] Using main map source: D:\Unity\ML-agent\Map\Decode.txt
[LoadFinishMap] Using finish map source: D:\Unity\ML-agent\Map\finishmap.txt
[LoadFinishMap] Finish size = 15 x 15, new rightX = 215
[LoadMap] Done. Main size = 200 x 15, rightX = 215
Fewer observations (0) made than vector observation size (7). The observations will be padded.
FrontWall hit: ground 1(Clone) normalX=1
FrontWall hit: ground 1(Clone) normalX=1
FrontWall hit: ground 1(Clone) normalX=1
Fewer observations (0) made than vector observation size (7). The observations will be padded.
FrontWall hit: ground 1(Clone) normalX=1
FrontWall hit: ground 1(Clone) normalX=1
FrontWall hit: ground 1(Clone) normalX=1
Fewer observations (0) made than vector observation size (7). The observations will be padded.
FrontWall hit: ground 1(Clone) normalX=1
FrontWall hit: ground 1(Clone) normalX=1
FrontWall hit: ground 1(Clone) normalX=1
Fewer observations (0) made than vector observation size (7). The observations will be padded.
Fewer observations (0) made than vector observation size (7). The observations will be padded.
Fewer observations (0) made than vector observation size (7). The observations will be padded.
Fewer observations (0) made than vector observation size (7). The observations will be padded.
Fewer observations (0) made than vector observation size (7). The observations will be padded.
Fewer observations (0) made than vector observation size (7). The observations will be padded.
FrontWall hit: ground 1(Clone) normalX=1
FrontWall hit: ground 1(Clone) normalX=1
FrontWall hit: ground 1(Clone) normalX=1
Fewer observations (0) made than vector observation size (7). The observations will be padded.
Fewer observations (0) made than vector observation size (7). The observations will be padded.
Fewer observations (0) made than vector observation size (7). The observations will be padded.
Fewer observations (0) made than vector observation size (7). The observations will be padded.
Fewer observations (0) made than vector observation size (7). The observations will be padded.
Fewer observations (0) made than vector observation size (7). The observations will be padded.
FrontWall hit: ground 1(Clone) normalX=1
生成了一個物件
FrontWall hit: ground 1(Clone) normalX=1
FrontWall hit: ground 1(Clone) normalX=1
Fewer observations (0) made than vector observation size (7). The observations will be padded.
Fewer observations (0) made than vector observation size (7). The observations will be padded.
Fewer observations (0) made than vector observation size (7). The observations will be padded.
Fewer observations (0) made than vector observation size (7). The observations will be padded.
Fewer observations (0) made than vector observation size (7). The observations will be padded.
Fewer observations (0) made than vector observation size (7). The observations will be padded.
Fewer observations (0) made than vector observation size (7). The observations will be padded.
Fewer observations (0) made than vector observation size (7). The observations will be padded.
Fewer observations (0) made than vector observation size (7). The observations will be padded.
Fewer observations (0) made than vector observation size (7). The observations will be padded.
Fewer observations (0) made than vector observation size (7). The observations will be padded.
Fewer observations (0) made than vector observation size (7). The observations will be padded.
FrontWall hit: ground 1(Clone) normalX=1
FrontWall hit: ground 1(Clone) normalX=1
FrontWall hit: ground 1(Clone) normalX=1
Fewer observations (0) made than vector observation size (7). The observations will be padded.
Fewer observations (0) made than vector observation size (7). The observations will be padded.
Fewer observations (0) made than vector observation size (7). The observations will be padded.
FrontWall hit: ground 1(Clone) normalX=1
FrontWall hit: ground 1(Clone) normalX=1
FrontWall hit: ground 1(Clone) normalX=1
Fewer observations (0) made than vector observation size (7). The observations will be padded.
FrontWall hit: ground 1(Clone) normalX=1
FrontWall hit: ground 1(Clone) normalX=1
FrontWall hit: ground 1(Clone) normalX=1
生成了一個物件
Fewer observations (0) made than vector observation size (7). The observations will be padded.
Fewer observations (0) made than vector observation size (7). The observations will be padded.
FrontWall hit: ground 1(Clone) normalX=1
FrontWall hit: ground 1(Clone) normalX=1
FrontWall hit: ground 1(Clone) normalX=1
Fewer observations (0) made than vector observation size (7). The observations will be padded.
FrontWall hit: ground 1(Clone) normalX=1
FrontWall hit: ground 1(Clone) normalX=1
FrontWall hit: ground 1(Clone) normalX=1
Fewer observations (0) made than vector observation size (7). The observations will be padded.
Fewer observations (0) made than vector observation size (7). The observations will be padded.
Fewer observations (0) made than vector observation size (7). The observations will be padded.
Fewer observations (0) made than vector observation size (7). The observations will be padded.
Fewer observations (0) made than vector observation size (7). The observations will be padded.
Fewer observations (0) made than vector observation size (7). The observations will be padded.
Fewer observations (0) made than vector observation size (7). The observations will be padded.
Fewer observations (0) made than vector observation size (7). The observations will be padded.
Fewer observations (0) made than vector observation size (7). The observations will be padded.
Fewer observations (0) made than vector observation size (7). The observations will be padded.
Fewer observations (0) made than vector observation size (7). The observations will be padded.
Fewer observations (0) made than vector observation size (7). The observations will be padded.
Fewer observations (0) made than vector observation size (7). The observations will be padded.
Fewer observations (0) made than vector observation size (7). The observations will be padded.
生成了一個物件
Fewer observations (0) made than vector observation size (7). The observations will be padded.
Fewer observations (0) made than vector observation size (7). The observations will be padded.
Fewer observations (0) made than vector observation size (7). The observations will be padded.
Fewer observations (0) made than vector observation size (7). The observations will be padded.
Fewer observations (0) made than vector observation size (7). The observations will be padded.
Fewer observations (0) made than vector observation size (7). The observations will be padded.
Fewer observations (0) made than vector observation size (7). The observations will be padded.
Fewer observations (0) made than vector observation size (7). The observations will be padded.
FrontWall hit: ground 1(Clone) normalX=1
Fewer observations (0) made than vector observation size (7). The observations will be padded.
Fewer observations (0) made than vector observation size (7). The observations will be padded.
Fewer observations (0) made than vector observation size (7). The observations will be padded.
Fewer observations (0) made than vector observation size (7). The observations will be padded.
Fewer observations (0) made than vector observation size (7). The observations will be padded.
Fewer observations (0) made than vector observation size (7). The observations will be padded.
Fewer observations (0) made than vector observation size (7). The observations will be padded.
Fewer observations (0) made than vector observation size (7). The observations will be padded.
Fewer observations (0) made than vector observation size (7). The observations will be padded.
生成了一個物件
Fewer observations (0) made than vector observation size (7). The observations will be padded.
Fewer observations (0) made than vector observation size (7). The observations will be padded.
Fewer observations (0) made than vector observation size (7). The observations will be padded.
Player died!
Fewer observations (0) made than vector observation size (7). The observations will be padded.
Player died!
FrontWall hit: ground 1(Clone) normalX=-1
Unloading 3 Unused Serialized files (Serialized files now loaded: 0)
UnloadTime: 4.097600 ms
Unloading 1 unused Assets to reduce memory usage. Loaded Objects now: 2872.
Total: 0.988300 ms (FindLiveObjects: 0.082500 ms CreateObjectMapping: 0.030700 ms MarkObjects: 0.867700 ms  DeleteObjects: 0.007400 ms)

Unloading 3 Unused Serialized files (Serialized files now loaded: 0)
Fewer observations (0) made than vector observation size (7). The observations will be padded.
UnloadTime: 0.539500 ms
Unloading 1 unused Assets to reduce memory usage. Loaded Objects now: 2872.
Total: 0.934300 ms (FindLiveObjects: 0.085000 ms CreateObjectMapping: 0.035300 ms MarkObjects: 0.805600 ms  DeleteObjects: 0.008400 ms)

[LoadMap] Using main map source: D:\Unity\ML-agent\Map\Decode.txt
[LoadFinishMap] Using finish map source: D:\Unity\ML-agent\Map\finishmap.txt
[LoadFinishMap] Finish size = 15 x 15, new rightX = 215
[LoadMap] Done. Main size = 200 x 15, rightX = 215
Fewer observations (0) made than vector observation size (7). The observations will be padded.
FrontWall hit: ground 1(Clone) normalX=1
FrontWall hit: ground 1(Clone) normalX=1
FrontWall hit: ground 1(Clone) normalX=1
Fewer observations (0) made than vector observation size (7). The observations will be padded.
Fewer observations (0) made than vector observation size (7). The observations will be padded.
Fewer observations (0) made than vector observation size (7). The observations will be padded.
Fewer observations (0) made than vector observation size (7). The observations will be padded.
Fewer observations (0) made than vector observation size (7). The observations will be padded.
Fewer observations (0) made than vector observation size (7). The observations will be padded.
Fewer observations (0) made than vector observation size (7). The observations will be padded.
Fewer observations (0) made than vector observation size (7). The observations will be padded.
生成了一個物件
Fewer observations (0) made than vector observation size (7). The observations will be padded.
Fewer observations (0) made than vector observation size (7). The observations will be padded.
Fewer observations (0) made than vector observation size (7). The observations will be padded.
Fewer observations (0) made than vector observation size (7). The observations will be padded.
Fewer observations (0) made than vector observation size (7). The observations will be padded.
FrontWall hit: ground 1(Clone) normalX=1
FrontWall hit: ground 1(Clone) normalX=1
FrontWall hit: ground 1(Clone) normalX=1
Fewer observations (0) made than vector observation size (7). The observations will be padded.
Fewer observations (0) made than vector observation size (7). The observations will be padded.
Fewer observations (0) made than vector observation size (7). The observations will be padded.
Fewer observations (0) made than vector observation size (7). The observations will be padded.
Fewer observations (0) made than vector observation size (7). The observations will be padded.
Fewer observations (0) made than vector observation size (7). The observations will be padded.
FrontWall hit: ground 1(Clone) normalX=1
Fewer observations (0) made than vector observation size (7). The observations will be padded.
Fewer observations (0) made than vector observation size (7). The observations will be padded.
Fewer observations (0) made than vector observation size (7). The observations will be padded.
Fewer observations (0) made than vector observation size (7). The observations will be padded.
Fewer observations (0) made than vector observation size (7). The observations will be padded.
Fewer observations (0) made than vector observation size (7). The observations will be padded.
生成了一個物件
Fewer observations (0) made than vector observation size (7). The observations will be padded.
Fewer observations (0) made than vector observation size (7). The observations will be padded.
Fewer observations (0) made than vector observation size (7). The observations will be padded.
Fewer observations (0) made than vector observation size (7). The observations will be padded.
Fewer observations (0) made than vector observation size (7). The observations will be padded.
Fewer observations (0) made than vector observation size (7). The observations will be padded.
Fewer observations (0) made than vector observation size (7). The observations will be padded.
Fewer observations (0) made than vector observation size (7). The observations will be padded.
Fewer observations (0) made than vector observation size (7). The observations will be padded.
Fewer observations (0) made than vector observation size (7). The observations will be padded.
Fewer observations (0) made than vector observation size (7). The observations will be padded.
Fewer observations (0) made than vector observation size (7). The observations will be padded.
Fewer observations (0) made than vector observation size (7). The observations will be padded.
Fewer observations (0) made than vector observation size (7). The observations will be padded.
Fewer observations (0) made than vector observation size (7). The observations will be padded.
Fewer observations (0) made than vector observation size (7). The observations will be padded.
FrontWall hit: ground 1(Clone) normalX=1
FrontWall hit: ground 1(Clone) normalX=1
FrontWall hit: ground 1(Clone) normalX=1
生成了一個物件
Fewer observations (0) made than vector observation size (7). The observations will be padded.
FrontWall hit: ground 1(Clone) normalX=1
FrontWall hit: ground 1(Clone) normalX=1
FrontWall hit: ground 1(Clone) normalX=1
Fewer observations (0) made than vector observation size (7). The observations will be padded.
Fewer observations (0) made than vector observation size (7). The observations will be padded.
FrontWall hit: ground 1(Clone) normalX=1
FrontWall hit: ground 1(Clone) normalX=1
FrontWall hit: ground 1(Clone) normalX=1
Fewer observations (0) made than vector observation size (7). The observations will be padded.
Fewer observations (0) made than vector observation size (7). The observations will be padded.
Fewer observations (0) made than vector observation size (7). The observations will be padded.
Player died!
Fewer observations (0) made than vector observation size (7). The observations will be padded.
FrontWall hit: ground 1(Clone) normalX=-1
Unloading 3 Unused Serialized files (Serialized files now loaded: 0)
UnloadTime: 3.782200 ms
Unloading 1 unused Assets to reduce memory usage. Loaded Objects now: 2872.
Total: 0.906600 ms (FindLiveObjects: 0.081000 ms CreateObjectMapping: 0.032700 ms MarkObjects: 0.786300 ms  DeleteObjects: 0.006500 ms)

[LoadMap] Using main map source: D:\Unity\ML-agent\Map\Decode.txt
[LoadFinishMap] Using finish map source: D:\Unity\ML-agent\Map\finishmap.txt
[LoadFinishMap] Finish size = 15 x 15, new rightX = 215
[LoadMap] Done. Main size = 200 x 15, rightX = 215
Fewer observations (0) made than vector observation size (7). The observations will be padded.
FrontWall hit: ground 1(Clone) normalX=1
FrontWall hit: ground 1(Clone) normalX=1
FrontWall hit: ground 1(Clone) normalX=1
Fewer observations (0) made than vector observation size (7). The observations will be padded.
Fewer observations (0) made than vector observation size (7). The observations will be padded.
Fewer observations (0) made than vector observation size (7). The observations will be padded.
Fewer observations (0) made than vector observation size (7). The observations will be padded.
Fewer observations (0) made than vector observation size (7). The observations will be padded.
Fewer observations (0) made than vector observation size (7). The observations will be padded.
Fewer observations (0) made than vector observation size (7). The observations will be padded.
Fewer observations (0) made than vector observation size (7). The observations will be padded.
生成了一個物件
Fewer observations (0) made than vector observation size (7). The observations will be padded.
Fewer observations (0) made than vector observation size (7). The observations will be padded.
Fewer observations (0) made than vector observation size (7). The observations will be padded.
Fewer observations (0) made than vector observation size (7). The observations will be padded.
Fewer observations (0) made than vector observation size (7). The observations will be padded.
Fewer observations (0) made than vector observation size (7). The observations will be padded.
Fewer observations (0) made than vector observation size (7). The observations will be padded.
Fewer observations (0) made than vector observation size (7). The observations will be padded.
Fewer observations (0) made than vector observation size (7). The observations will be padded.
Fewer observations (0) made than vector observation size (7). The observations will be padded.
Fewer observations (0) made than vector observation size (7). The observations will be padded.
Fewer observations (0) made than vector observation size (7). The observations will be padded.
Fewer observations (0) made than vector observation size (7). The observations will be padded.
Fewer observations (0) made than vector observation size (7). The observations will be padded.
Fewer observations (0) made than vector observation size (7). The observations will be padded.
Fewer observations (0) made than vector observation size (7). The observations will be padded.
Fewer observations (0) made than vector observation size (7). The observations will be padded.
生成了一個物件
Fewer observations (0) made than vector observation size (7). The observations will be padded.
Fewer observations (0) made than vector observation size (7). The observations will be padded.
Fewer observations (0) made than vector observation size (7). The observations will be padded.
Fewer observations (0) made than vector observation size (7). The observations will be padded.
Fewer observations (0) made than vector observation size (7). The observations will be padded.
Fewer observations (0) made than vector observation size (7). The observations will be padded.
Fewer observations (0) made than vector observation size (7). The observations will be padded.
Fewer observations (0) made than vector observation size (7). The observations will be padded.
Fewer observations (0) made than vector observation size (7). The observations will be padded.
Fewer observations (0) made than vector observation size (7). The observations will be padded.
Fewer observations (0) made than vector observation size (7). The observations will be padded.
Fewer observations (0) made than vector observation size (7). The observations will be padded.
Fewer observations (0) made than vector observation size (7). The observations will be padded.
Fewer observations (0) made than vector observation size (7). The observations will be padded.
Fewer observations (0) made than vector observation size (7). The observations will be padded.
Player died!
Fewer observations (0) made than vector observation size (7). The observations will be padded.
FrontWall hit: ground 1(Clone) normalX=-1
Unloading 3 Unused Serialized files (Serialized files now loaded: 0)
UnloadTime: 4.333600 ms
Unloading 1 unused Assets to reduce memory usage. Loaded Objects now: 2872.
Total: 0.779800 ms (FindLiveObjects: 0.083200 ms CreateObjectMapping: 0.033400 ms MarkObjects: 0.655600 ms  DeleteObjects: 0.007400 ms)

[LoadMap] Using main map source: D:\Unity\ML-agent\Map\Decode.txt
[LoadFinishMap] Using finish map source: D:\Unity\ML-agent\Map\finishmap.txt
[LoadFinishMap] Finish size = 15 x 15, new rightX = 215
[LoadMap] Done. Main size = 200 x 15, rightX = 215
Fewer observations (0) made than vector observation size (7). The observations will be padded.
Fewer observations (0) made than vector observation size (7). The observations will be padded.
Fewer observations (0) made than vector observation size (7). The observations will be padded.
Fewer observations (0) made than vector observation size (7). The observations will be padded.
Fewer observations (0) made than vector observation size (7). The observations will be padded.
Fewer observations (0) made than vector observation size (7). The observations will be padded.
Fewer observations (0) made than vector observation size (7). The observations will be padded.
Fewer observations (0) made than vector observation size (7). The observations will be padded.
生成了一個物件
Fewer observations (0) made than vector observation size (7). The observations will be padded.
Fewer observations (0) made than vector observation size (7). The observations will be padded.
Fewer observations (0) made than vector observation size (7). The observations will be padded.
Fewer observations (0) made than vector observation size (7). The observations will be padded.
Fewer observations (0) made than vector observation size (7). The observations will be padded.
FrontWall hit: ground 1(Clone) normalX=1
Fewer observations (0) made than vector observation size (7). The observations will be padded.
Fewer observations (0) made than vector observation size (7). The observations will be padded.
Fewer observations (0) made than vector observation size (7). The observations will be padded.
Fewer observations (0) made than vector observation size (7). The observations will be padded.
Fewer observations (0) made than vector observation size (7). The observations will be padded.
Fewer observations (0) made than vector observation size (7). The observations will be padded.
Fewer observations (0) made than vector observation size (7). The observations will be padded.
Fewer observations (0) made than vector observation size (7). The observations will be padded.
Fewer observations (0) made than vector observation size (7). The observations will be padded.
FrontWall hit: ground 1(Clone) normalX=1
FrontWall hit: ground 1(Clone) normalX=1
FrontWall hit: ground 1(Clone) normalX=1
Fewer observations (0) made than vector observation size (7). The observations will be padded.
Fewer observations (0) made than vector observation size (7). The observations will be padded.
Fewer observations (0) made than vector observation size (7). The observations will be padded.
生成了一個物件
Fewer observations (0) made than vector observation size (7). The observations will be padded.
Fewer observations (0) made than vector observation size (7). The observations will be padded.
Fewer observations (0) made than vector observation size (7). The observations will be padded.
Fewer observations (0) made than vector observation size (7). The observations will be padded.
Fewer observations (0) made than vector observation size (7). The observations will be padded.
Fewer observations (0) made than vector observation size (7). The observations will be padded.
Fewer observations (0) made than vector observation size (7). The observations will be padded.
Fewer observations (0) made than vector observation size (7). The observations will be padded.
Fewer observations (0) made than vector observation size (7). The observations will be padded.
Fewer observations (0) made than vector observation size (7). The observations will be padded.
Fewer observations (0) made than vector observation size (7). The observations will be padded.
Fewer observations (0) made than vector observation size (7). The observations will be padded.
Fewer observations (0) made than vector observation size (7). The observations will be padded.
Fewer observations (0) made than vector observation size (7). The observations will be padded.
Fewer observations (0) made than vector observation size (7). The observations will be padded.
Fewer observations (0) made than vector observation size (7). The observations will be padded.
Fewer observations (0) made than vector observation size (7). The observations will be padded.
生成了一個物件
Fewer observations (0) made than vector observation size (7). The observations will be padded.
Fewer observations (0) made than vector observation size (7). The observations will be padded.
Fewer observations (0) made than vector observation size (7). The observations will be padded.
Fewer observations (0) made than vector observation size (7). The observations will be padded.
Fewer observations (0) made than vector observation size (7). The observations will be padded.
Fewer observations (0) made than vector observation size (7). The observations will be padded.
Fewer observations (0) made than vector observation size (7). The observations will be padded.
Fewer observations (0) made than vector observation size (7). The observations will be padded.
Fewer observations (0) made than vector observation size (7). The observations will be padded.
Fewer observations (0) made than vector observation size (7). The observations will be padded.
Fewer observations (0) made than vector observation size (7). The observations will be padded.
Fewer observations (0) made than vector observation size (7). The observations will be padded.
Fewer observations (0) made than vector observation size (7). The observations will be padded.
Player died!
Fewer observations (0) made than vector observation size (7). The observations will be padded.
Player died!
Player died!
FrontWall hit: ground 1(Clone) normalX=-1
Unloading 3 Unused Serialized files (Serialized files now loaded: 0)
UnloadTime: 3.764900 ms
Unloading 1 unused Assets to reduce memory usage. Loaded Objects now: 2872.
Total: 0.931000 ms (FindLiveObjects: 0.082200 ms CreateObjectMapping: 0.034000 ms MarkObjects: 0.807400 ms  DeleteObjects: 0.007100 ms)

Unloading 3 Unused Serialized files (Serialized files now loaded: 0)
Fewer observations (0) made than vector observation size (7). The observations will be padded.
UnloadTime: 0.700700 ms
Unloading 1 unused Assets to reduce memory usage. Loaded Objects now: 2872.
Total: 1.000600 ms (FindLiveObjects: 0.081900 ms CreateObjectMapping: 0.033900 ms MarkObjects: 0.872200 ms  DeleteObjects: 0.012200 ms)

Unloading 3 Unused Serialized files (Serialized files now loaded: 0)
Fewer observations (0) made than vector observation size (7). The observations will be padded.
UnloadTime: 0.526700 ms
Unloading 1 unused Assets to reduce memory usage. Loaded Objects now: 2872.
Total: 0.853700 ms (FindLiveObjects: 0.077300 ms CreateObjectMapping: 0.032500 ms MarkObjects: 0.737100 ms  DeleteObjects: 0.006500 ms)

[LoadMap] Using main map source: D:\Unity\ML-agent\Map\Decode.txt
[LoadFinishMap] Using finish map source: D:\Unity\ML-agent\Map\finishmap.txt
[LoadFinishMap] Finish size = 15 x 15, new rightX = 215
[LoadMap] Done. Main size = 200 x 15, rightX = 215
Fewer observations (0) made than vector observation size (7). The observations will be padded.
Fewer observations (0) made than vector observation size (7). The observations will be padded.
Fewer observations (0) made than vector observation size (7). The observations will be padded.
Fewer observations (0) made than vector observation size (7). The observations will be padded.
Fewer observations (0) made than vector observation size (7). The observations will be padded.
FrontWall hit: ground 1(Clone) normalX=1
Fewer observations (0) made than vector observation size (7). The observations will be padded.
Fewer observations (0) made than vector observation size (7). The observations will be padded.
FrontWall hit: ground 1(Clone) normalX=1
FrontWall hit: ground 1(Clone) normalX=1
FrontWall hit: ground 1(Clone) normalX=1
Fewer observations (0) made than vector observation size (7). The observations will be padded.
Fewer observations (0) made than vector observation size (7). The observations will be padded.
Fewer observations (0) made than vector observation size (7). The observations will be padded.
FrontWall hit: ground 1(Clone) normalX=1
FrontWall hit: ground 1(Clone) normalX=1
FrontWall hit: ground 1(Clone) normalX=1
Fewer observations (0) made than vector observation size (7). The observations will be padded.
FrontWall hit: ground 1(Clone) normalX=1
FrontWall hit: ground 1(Clone) normalX=1
FrontWall hit: ground 1(Clone) normalX=1
Fewer observations (0) made than vector observation size (7). The observations will be padded.
Fewer observations (0) made than vector observation size (7). The observations will be padded.
Fewer observations (0) made than vector observation size (7). The observations will be padded.
Fewer observations (0) made than vector observation size (7). The observations will be padded.
Fewer observations (0) made than vector observation size (7). The observations will be padded.
Fewer observations (0) made than vector observation size (7). The observations will be padded.
Fewer observations (0) made than vector observation size (7). The observations will be padded.
Fewer observations (0) made than vector observation size (7). The observations will be padded.
Fewer observations (0) made than vector observation size (7). The observations will be padded.
Fewer observations (0) made than vector observation size (7). The observations will be padded.
Fewer observations (0) made than vector observation size (7). The observations will be padded.
Fewer observations (0) made than vector observation size (7). The observations will be padded.
Fewer observations (0) made than vector observation size (7). The observations will be padded.
生成了一個物件
Fewer observations (0) made than vector observation size (7). The observations will be padded.
Fewer observations (0) made than vector observation size (7). The observations will be padded.
Fewer observations (0) made than vector observation size (7). The observations will be padded.
Fewer observations (0) made than vector observation size (7). The observations will be padded.
Fewer observations (0) made than vector observation size (7). The observations will be padded.
Fewer observations (0) made than vector observation size (7). The observations will be padded.
Fewer observations (0) made than vector observation size (7). The observations will be padded.
Fewer observations (0) made than vector observation size (7). The observations will be padded.
Fewer observations (0) made than vector observation size (7). The observations will be padded.
Fewer observations (0) made than vector observation size (7). The observations will be padded.
Fewer observations (0) made than vector observation size (7). The observations will be padded.
Fewer observations (0) made than vector observation size (7). The observations will be padded.
Fewer observations (0) made than vector observation size (7). The observations will be padded.
Fewer observations (0) made than vector observation size (7). The observations will be padded.
Fewer observations (0) made than vector observation size (7). The observations will be padded.
Fewer observations (0) made than vector observation size (7). The observations will be padded.
Fewer observations (0) made than vector observation size (7). The observations will be padded.
生成了一個物件
Fewer observations (0) made than vector observation size (7). The observations will be padded.
Fewer observations (0) made than vector observation size (7). The observations will be padded.
Fewer observations (0) made than vector observation size (7). The observations will be padded.
Fewer observations (0) made than vector observation size (7). The observations will be padded.
Fewer observations (0) made than vector observation size (7). The observations will be padded.
Fewer observations (0) made than vector observation size (7). The observations will be padded.
Fewer observations (0) made than vector observation size (7). The observations will be padded.
Fewer observations (0) made than vector observation size (7). The observations will be padded.
Fewer observations (0) made than vector observation size (7). The observations will be padded.
Fewer observations (0) made than vector observation size (7). The observations will be padded.
Fewer observations (0) made than vector observation size (7). The observations will be padded.
Player died!
Fewer observations (0) made than vector observation size (7). The observations will be padded.
Player died!
Unloading 3 Unused Serialized files (Serialized files now loaded: 0)
UnloadTime: 6.409900 ms
Unloading 1 unused Assets to reduce memory usage. Loaded Objects now: 2872.
Total: 0.934900 ms (FindLiveObjects: 0.085400 ms CreateObjectMapping: 0.033800 ms MarkObjects: 0.808000 ms  DeleteObjects: 0.007500 ms)

Unloading 3 Unused Serialized files (Serialized files now loaded: 0)
Fewer observations (0) made than vector observation size (7). The observations will be padded.
UnloadTime: 0.507200 ms
Unloading 1 unused Assets to reduce memory usage. Loaded Objects now: 2872.
Total: 0.849000 ms (FindLiveObjects: 0.078400 ms CreateObjectMapping: 0.029900 ms MarkObjects: 0.734200 ms  DeleteObjects: 0.006200 ms)

[LoadMap] Using main map source: D:\Unity\ML-agent\Map\Decode.txt
[LoadFinishMap] Using finish map source: D:\Unity\ML-agent\Map\finishmap.txt
[LoadFinishMap] Finish size = 15 x 15, new rightX = 215
[LoadMap] Done. Main size = 200 x 15, rightX = 215
Fewer observations (0) made than vector observation size (7). The observations will be padded.
FrontWall hit: ground 1(Clone) normalX=1
FrontWall hit: ground 1(Clone) normalX=1
FrontWall hit: ground 1(Clone) normalX=1
Fewer observations (0) made than vector observation size (7). The observations will be padded.
Fewer observations (0) made than vector observation size (7). The observations will be padded.
Fewer observations (0) made than vector observation size (7). The observations will be padded.
Fewer observations (0) made than vector observation size (7). The observations will be padded.
Fewer observations (0) made than vector observation size (7). The observations will be padded.
Fewer observations (0) made than vector observation size (7). The observations will be padded.
Fewer observations (0) made than vector observation size (7). The observations will be padded.
Fewer observations (0) made than vector observation size (7). The observations will be padded.
生成了一個物件
Fewer observations (0) made than vector observation size (7). The observations will be padded.
Fewer observations (0) made than vector observation size (7). The observations will be padded.
Fewer observations (0) made than vector observation size (7). The observations will be padded.
Fewer observations (0) made than vector observation size (7). The observations will be padded.
Fewer observations (0) made than vector observation size (7). The observations will be padded.
Fewer observations (0) made than vector observation size (7). The observations will be padded.
Fewer observations (0) made than vector observation size (7). The observations will be padded.
Fewer observations (0) made than vector observation size (7). The observations will be padded.
Fewer observations (0) made than vector observation size (7). The observations will be padded.
Fewer observations (0) made than vector observation size (7). The observations will be padded.
Fewer observations (0) made than vector observation size (7). The observations will be padded.
Fewer observations (0) made than vector observation size (7). The observations will be padded.
Fewer observations (0) made than vector observation size (7). The observations will be padded.
Fewer observations (0) made than vector observation size (7). The observations will be padded.
Fewer observations (0) made than vector observation size (7). The observations will be padded.
Fewer observations (0) made than vector observation size (7). The observations will be padded.
Fewer observations (0) made than vector observation size (7). The observations will be padded.
生成了一個物件
Fewer observations (0) made than vector observation size (7). The observations will be padded.
Fewer observations (0) made than vector observation size (7). The observations will be padded.
Fewer observations (0) made than vector observation size (7). The observations will be padded.
Fewer observations (0) made than vector observation size (7). The observations will be padded.
Fewer observations (0) made than vector observation size (7). The observations will be padded.
Fewer observations (0) made than vector observation size (7). The observations will be padded.
Fewer observations (0) made than vector observation size (7). The observations will be padded.
Fewer observations (0) made than vector observation size (7). The observations will be padded.
Fewer observations (0) made than vector observation size (7). The observations will be padded.
Fewer observations (0) made than vector observation size (7). The observations will be padded.
Fewer observations (0) made than vector observation size (7). The observations will be padded.
Fewer observations (0) made than vector observation size (7). The observations will be padded.
Fewer observations (0) made than vector observation size (7). The observations will be padded.
Fewer observations (0) made than vector observation size (7). The observations will be padded.
Fewer observations (0) made than vector observation size (7). The observations will be padded.
Fewer observations (0) made than vector observation size (7). The observations will be padded.
Fewer observations (0) made than vector observation size (7). The observations will be padded.
生成了一個物件
Fewer observations (0) made than vector observation size (7). The observations will be padded.
Player died!
Fewer observations (0) made than vector observation size (7). The observations will be padded.
Player died!
FrontWall hit: ground 1(Clone) normalX=-1
Unloading 3 Unused Serialized files (Serialized files now loaded: 0)
UnloadTime: 4.853700 ms
Unloading 1 unused Assets to reduce memory usage. Loaded Objects now: 2872.
Total: 1.349600 ms (FindLiveObjects: 0.084500 ms CreateObjectMapping: 0.038900 ms MarkObjects: 1.218900 ms  DeleteObjects: 0.007100 ms)

Unloading 3 Unused Serialized files (Serialized files now loaded: 0)
Fewer observations (0) made than vector observation size (7). The observations will be padded.
UnloadTime: 0.548900 ms
Unloading 1 unused Assets to reduce memory usage. Loaded Objects now: 2872.
Total: 0.872100 ms (FindLiveObjects: 0.086700 ms CreateObjectMapping: 0.033900 ms MarkObjects: 0.742900 ms  DeleteObjects: 0.008600 ms)

[LoadMap] Using main map source: D:\Unity\ML-agent\Map\Decode.txt
[LoadFinishMap] Using finish map source: D:\Unity\ML-agent\Map\finishmap.txt
[LoadFinishMap] Finish size = 15 x 15, new rightX = 215
[LoadMap] Done. Main size = 200 x 15, rightX = 215
Fewer observations (0) made than vector observation size (7). The observations will be padded.
Fewer observations (0) made than vector observation size (7). The observations will be padded.
FrontWall hit: ground 1(Clone) normalX=1
FrontWall hit: ground 1(Clone) normalX=1
Fewer observations (0) made than vector observation size (7). The observations will be padded.
FrontWall hit: ground 1(Clone) normalX=1
FrontWall hit: ground 1(Clone) normalX=1
FrontWall hit: ground 1(Clone) normalX=1
Fewer observations (0) made than vector observation size (7). The observations will be padded.
Fewer observations (0) made than vector observation size (7). The observations will be padded.
Fewer observations (0) made than vector observation size (7). The observations will be padded.
FrontWall hit: ground 1(Clone) normalX=1
FrontWall hit: ground 1(Clone) normalX=1
FrontWall hit: ground 1(Clone) normalX=1
Fewer observations (0) made than vector observation size (7). The observations will be padded.
FrontWall hit: ground 1(Clone) normalX=1
FrontWall hit: ground 1(Clone) normalX=1
FrontWall hit: ground 1(Clone) normalX=1
Fewer observations (0) made than vector observation size (7). The observations will be padded.
Fewer observations (0) made than vector observation size (7). The observations will be padded.
Fewer observations (0) made than vector observation size (7). The observations will be padded.
Fewer observations (0) made than vector observation size (7). The observations will be padded.
FrontWall hit: ground 1(Clone) normalX=1
FrontWall hit: ground 1(Clone) normalX=1
FrontWall hit: ground 1(Clone) normalX=1
Fewer observations (0) made than vector observation size (7). The observations will be padded.
Fewer observations (0) made than vector observation size (7). The observations will be padded.
Fewer observations (0) made than vector observation size (7). The observations will be padded.
Fewer observations (0) made than vector observation size (7). The observations will be padded.
Fewer observations (0) made than vector observation size (7). The observations will be padded.
Fewer observations (0) made than vector observation size (7). The observations will be padded.
Fewer observations (0) made than vector observation size (7). The observations will be padded.
生成了一個物件
Fewer observations (0) made than vector observation size (7). The observations will be padded.
Fewer observations (0) made than vector observation size (7). The observations will be padded.
Fewer observations (0) made than vector observation size (7). The observations will be padded.
Fewer observations (0) made than vector observation size (7). The observations will be padded.
Fewer observations (0) made than vector observation size (7). The observations will be padded.
Fewer observations (0) made than vector observation size (7). The observations will be padded.
Fewer observations (0) made than vector observation size (7). The observations will be padded.
Fewer observations (0) made than vector observation size (7). The observations will be padded.
Fewer observations (0) made than vector observation size (7). The observations will be padded.
Fewer observations (0) made than vector observation size (7). The observations will be padded.
Fewer observations (0) made than vector observation size (7). The observations will be padded.
Fewer observations (0) made than vector observation size (7). The observations will be padded.
Fewer observations (0) made than vector observation size (7). The observations will be padded.
Fewer observations (0) made than vector observation size (7). The observations will be padded.
Fewer observations (0) made than vector observation size (7). The observations will be padded.
FrontWall hit: ground 1(Clone) normalX=1
FrontWall hit: ground 1(Clone) normalX=1
Fewer observations (0) made than vector observation size (7). The observations will be padded.
Fewer observations (0) made than vector observation size (7). The observations will be padded.
FrontWall hit: ground 1(Clone) normalX=1
生成了一個物件
FrontWall hit: ground 1(Clone) normalX=1
FrontWall hit: ground 1(Clone) normalX=1
Fewer observations (0) made than vector observation size (7). The observations will be padded.
FrontWall hit: ground 1(Clone) normalX=1
FrontWall hit: ground 1(Clone) normalX=1
FrontWall hit: ground 1(Clone) normalX=1
Fewer observations (0) made than vector observation size (7). The observations will be padded.
Fewer observations (0) made than vector observation size (7). The observations will be padded.
Fewer observations (0) made than vector observation size (7). The observations will be padded.
Fewer observations (0) made than vector observation size (7). The observations will be padded.
Fewer observations (0) made than vector observation size (7). The observations will be padded.
Fewer observations (0) made than vector observation size (7). The observations will be padded.
Fewer observations (0) made than vector observation size (7). The observations will be padded.
Fewer observations (0) made than vector observation size (7). The observations will be padded.
Fewer observations (0) made than vector observation size (7). The observations will be padded.
Fewer observations (0) made than vector observation size (7). The observations will be padded.
Fewer observations (0) made than vector observation size (7). The observations will be padded.
Fewer observations (0) made than vector observation size (7). The observations will be padded.
Fewer observations (0) made than vector observation size (7). The observations will be padded.
Fewer observations (0) made than vector observation size (7). The observations will be padded.
Fewer observations (0) made than vector observation size (7). The observations will be padded.
生成了一個物件
Fewer observations (0) made than vector observation size (7). The observations will be padded.
Fewer observations (0) made than vector observation size (7). The observations will be padded.
Fewer observations (0) made than vector observation size (7). The observations will be padded.
Fewer observations (0) made than vector observation size (7). The observations will be padded.
Fewer observations (0) made than vector observation size (7). The observations will be padded.
Fewer observations (0) made than vector observation size (7). The observations will be padded.
Fewer observations (0) made than vector observation size (7). The observations will be padded.
FrontWall hit: ground 1(Clone) normalX=1
Fewer observations (0) made than vector observation size (7). The observations will be padded.
Fewer observations (0) made than vector observation size (7). The observations will be padded.
Fewer observations (0) made than vector observation size (7). The observations will be padded.
Fewer observations (0) made than vector observation size (7). The observations will be padded.
FrontWall hit: ground 1(Clone) normalX=1
FrontWall hit: ground 1(Clone) normalX=1
FrontWall hit: ground 1(Clone) normalX=1
Fewer observations (0) made than vector observation size (7). The observations will be padded.
Fewer observations (0) made than vector observation size (7). The observations will be padded.
Fewer observations (0) made than vector observation size (7). The observations will be padded.
Fewer observations (0) made than vector observation size (7). The observations will be padded.
Fewer observations (0) made than vector observation size (7). The observations will be padded.
Fewer observations (0) made than vector observation size (7). The observations will be padded.
生成了一個物件
Fewer observations (0) made than vector observation size (7). The observations will be padded.
Fewer observations (0) made than vector observation size (7). The observations will be padded.
Fewer observations (0) made than vector observation size (7). The observations will be padded.
Fewer observations (0) made than vector observation size (7). The observations will be padded.
Fewer observations (0) made than vector observation size (7). The observations will be padded.
Fewer observations (0) made than vector observation size (7). The observations will be padded.
Fewer observations (0) made than vector observation size (7). The observations will be padded.
Fewer observations (0) made than vector observation size (7). The observations will be padded.
Fewer observations (0) made than vector observation size (7). The observations will be padded.
Fewer observations (0) made than vector observation size (7). The observations will be padded.
Fewer observations (0) made than vector observation size (7). The observations will be padded.
Fewer observations (0) made than vector observation size (7). The observations will be padded.
Fewer observations (0) made than vector observation size (7). The observations will be padded.
Fewer observations (0) made than vector observation size (7). The observations will be padded.
Fewer observations (0) made than vector observation size (7). The observations will be padded.
Fewer observations (0) made than vector observation size (7). The observations will be padded.
Fewer observations (0) made than vector observation size (7). The observations will be padded.
生成了一個物件
Fewer observations (0) made than vector observation size (7). The observations will be padded.
Fewer observations (0) made than vector observation size (7). The observations will be padded.
Fewer observations (0) made than vector observation size (7). The observations will be padded.
Fewer observations (0) made than vector observation size (7). The observations will be padded.
Player died!
Fewer observations (0) made than vector observation size (7). The observations will be padded.
Fewer observations (0) made than vector observation size (7). The observations will be padded.
FrontWall hit: ground 1(Clone) normalX=1
Unloading 3 Unused Serialized files (Serialized files now loaded: 0)
Fewer observations (0) made than vector observation size (7). The observations will be padded.
UnloadTime: 3.873100 ms
Unloading 1 unused Assets to reduce memory usage. Loaded Objects now: 2872.
Total: 1.145400 ms (FindLiveObjects: 0.083400 ms CreateObjectMapping: 0.031000 ms MarkObjects: 1.024000 ms  DeleteObjects: 0.006900 ms)

[LoadMap] Using main map source: D:\Unity\ML-agent\Map\Decode.txt
[LoadFinishMap] Using finish map source: D:\Unity\ML-agent\Map\finishmap.txt
[LoadFinishMap] Finish size = 15 x 15, new rightX = 215
[LoadMap] Done. Main size = 200 x 15, rightX = 215
Fewer observations (0) made than vector observation size (7). The observations will be padded.
Fewer observations (0) made than vector observation size (7). The observations will be padded.
Fewer observations (0) made than vector observation size (7). The observations will be padded.
FrontWall hit: ground 1(Clone) normalX=1
FrontWall hit: ground 1(Clone) normalX=1
FrontWall hit: ground 1(Clone) normalX=1
Fewer observations (0) made than vector observation size (7). The observations will be padded.
FrontWall hit: ground 1(Clone) normalX=1
FrontWall hit: ground 1(Clone) normalX=1
FrontWall hit: ground 1(Clone) normalX=1
Fewer observations (0) made than vector observation size (7). The observations will be padded.
FrontWall hit: ground 1(Clone) normalX=1
FrontWall hit: ground 1(Clone) normalX=1
FrontWall hit: ground 1(Clone) normalX=1
Fewer observations (0) made than vector observation size (7). The observations will be padded.
FrontWall hit: ground 1(Clone) normalX=1
FrontWall hit: ground 1(Clone) normalX=1
FrontWall hit: ground 1(Clone) normalX=1
Fewer observations (0) made than vector observation size (7). The observations will be padded.
Fewer observations (0) made than vector observation size (7). The observations will be padded.
Fewer observations (0) made than vector observation size (7). The observations will be padded.
Fewer observations (0) made than vector observation size (7). The observations will be padded.
Fewer observations (0) made than vector observation size (7). The observations will be padded.
Fewer observations (0) made than vector observation size (7). The observations will be padded.
Fewer observations (0) made than vector observation size (7). The observations will be padded.
Fewer observations (0) made than vector observation size (7). The observations will be padded.
Fewer observations (0) made than vector observation size (7). The observations will be padded.
Fewer observations (0) made than vector observation size (7). The observations will be padded.
FrontWall hit: ground 1(Clone) normalX=1
FrontWall hit: ground 1(Clone) normalX=1
FrontWall hit: ground 1(Clone) normalX=1
Fewer observations (0) made than vector observation size (7). The observations will be padded.
生成了一個物件
Fewer observations (0) made than vector observation size (7). The observations will be padded.
Fewer observations (0) made than vector observation size (7). The observations will be padded.
FrontWall hit: ground 1(Clone) normalX=1
FrontWall hit: ground 1(Clone) normalX=1
FrontWall hit: ground 1(Clone) normalX=1
Fewer observations (0) made than vector observation size (7). The observations will be padded.
Fewer observations (0) made than vector observation size (7). The observations will be padded.
FrontWall hit: ground 1(Clone) normalX=1
FrontWall hit: ground 1(Clone) normalX=1
FrontWall hit: ground 1(Clone) normalX=1
Fewer observations (0) made than vector observation size (7). The observations will be padded.
Fewer observations (0) made than vector observation size (7). The observations will be padded.
FrontWall hit: ground 1(Clone) normalX=1
FrontWall hit: ground 1(Clone) normalX=1
FrontWall hit: ground 1(Clone) normalX=1
Fewer observations (0) made than vector observation size (7). The observations will be padded.
Fewer observations (0) made than vector observation size (7). The observations will be padded.
Fewer observations (0) made than vector observation size (7). The observations will be padded.
Fewer observations (0) made than vector observation size (7). The observations will be padded.
Fewer observations (0) made than vector observation size (7). The observations will be padded.
Fewer observations (0) made than vector observation size (7). The observations will be padded.
Fewer observations (0) made than vector observation size (7). The observations will be padded.
FrontWall hit: ground 1(Clone) normalX=1
FrontWall hit: ground 1(Clone) normalX=1
FrontWall hit: ground 1(Clone) normalX=1
Fewer observations (0) made than vector observation size (7). The observations will be padded.
Fewer observations (0) made than vector observation size (7). The observations will be padded.
Fewer observations (0) made than vector observation size (7). The observations will be padded.
Fewer observations (0) made than vector observation size (7). The observations will be padded.
生成了一個物件
Fewer observations (0) made than vector observation size (7). The observations will be padded.
Fewer observations (0) made than vector observation size (7). The observations will be padded.
Fewer observations (0) made than vector observation size (7). The observations will be padded.
Fewer observations (0) made than vector observation size (7). The observations will be padded.
Fewer observations (0) made than vector observation size (7). The observations will be padded.
Fewer observations (0) made than vector observation size (7). The observations will be padded.
Fewer observations (0) made than vector observation size (7). The observations will be padded.
Fewer observations (0) made than vector observation size (7). The observations will be padded.
Fewer observations (0) made than vector observation size (7). The observations will be padded.
Fewer observations (0) made than vector observation size (7). The observations will be padded.
Fewer observations (0) made than vector observation size (7). The observations will be padded.
Fewer observations (0) made than vector observation size (7). The observations will be padded.
Fewer observations (0) made than vector observation size (7). The observations will be padded.
Fewer observations (0) made than vector observation size (7). The observations will be padded.
Fewer observations (0) made than vector observation size (7). The observations will be padded.
Fewer observations (0) made than vector observation size (7). The observations will be padded.
Fewer observations (0) made than vector observation size (7). The observations will be padded.
生成了一個物件
Fewer observations (0) made than vector observation size (7). The observations will be padded.
Fewer observations (0) made than vector observation size (7). The observations will be padded.
Fewer observations (0) made than vector observation size (7). The observations will be padded.
Fewer observations (0) made than vector observation size (7). The observations will be padded.
Player died!
Fewer observations (0) made than vector observation size (7). The observations will be padded.
Player died!
Unloading 3 Unused Serialized files (Serialized files now loaded: 0)
UnloadTime: 4.200600 ms
Unloading 1 unused Assets to reduce memory usage. Loaded Objects now: 2872.
Total: 0.923100 ms (FindLiveObjects: 0.088400 ms CreateObjectMapping: 0.031000 ms MarkObjects: 0.794700 ms  DeleteObjects: 0.008800 ms)

Unloading 3 Unused Serialized files (Serialized files now loaded: 0)
Fewer observations (0) made than vector observation size (7). The observations will be padded.
UnloadTime: 0.551000 ms
Unloading 1 unused Assets to reduce memory usage. Loaded Objects now: 2872.
Total: 0.909200 ms (FindLiveObjects: 0.080500 ms CreateObjectMapping: 0.031400 ms MarkObjects: 0.788100 ms  DeleteObjects: 0.008900 ms)

[LoadMap] Using main map source: D:\Unity\ML-agent\Map\Decode.txt
[LoadFinishMap] Using finish map source: D:\Unity\ML-agent\Map\finishmap.txt
[LoadFinishMap] Finish size = 15 x 15, new rightX = 215
[LoadMap] Done. Main size = 200 x 15, rightX = 215
Fewer observations (0) made than vector observation size (7). The observations will be padded.
FrontWall hit: ground 1(Clone) normalX=1
FrontWall hit: ground 1(Clone) normalX=1
FrontWall hit: ground 1(Clone) normalX=1
Fewer observations (0) made than vector observation size (7). The observations will be padded.
Fewer observations (0) made than vector observation size (7). The observations will be padded.
Fewer observations (0) made than vector observation size (7). The observations will be padded.
Fewer observations (0) made than vector observation size (7). The observations will be padded.
Fewer observations (0) made than vector observation size (7). The observations will be padded.
Fewer observations (0) made than vector observation size (7). The observations will be padded.
Fewer observations (0) made than vector observation size (7). The observations will be padded.
Fewer observations (0) made than vector observation size (7). The observations will be padded.
生成了一個物件
Fewer observations (0) made than vector observation size (7). The observations will be padded.
Fewer observations (0) made than vector observation size (7). The observations will be padded.
Fewer observations (0) made than vector observation size (7). The observations will be padded.
Fewer observations (0) made than vector observation size (7). The observations will be padded.
Fewer observations (0) made than vector observation size (7). The observations will be padded.
Fewer observations (0) made than vector observation size (7). The observations will be padded.
Fewer observations (0) made than vector observation size (7). The observations will be padded.
Fewer observations (0) made than vector observation size (7). The observations will be padded.
Fewer observations (0) made than vector observation size (7). The observations will be padded.
Fewer observations (0) made than vector observation size (7). The observations will be padded.
Fewer observations (0) made than vector observation size (7). The observations will be padded.
Fewer observations (0) made than vector observation size (7). The observations will be padded.
Fewer observations (0) made than vector observation size (7). The observations will be padded.
Fewer observations (0) made than vector observation size (7). The observations will be padded.
Fewer observations (0) made than vector observation size (7). The observations will be padded.
Fewer observations (0) made than vector observation size (7). The observations will be padded.
Fewer observations (0) made than vector observation size (7). The observations will be padded.
生成了一個物件
Fewer observations (0) made than vector observation size (7). The observations will be padded.
Fewer observations (0) made than vector observation size (7). The observations will be padded.
Fewer observations (0) made than vector observation size (7). The observations will be padded.
Fewer observations (0) made than vector observation size (7). The observations will be padded.
Fewer observations (0) made than vector observation size (7). The observations will be padded.
Fewer observations (0) made than vector observation size (7). The observations will be padded.
Fewer observations (0) made than vector observation size (7). The observations will be padded.
Fewer observations (0) made than vector observation size (7). The observations will be padded.
Fewer observations (0) made than vector observation size (7). The observations will be padded.
Fewer observations (0) made than vector observation size (7). The observations will be padded.
Fewer observations (0) made than vector observation size (7). The observations will be padded.
Fewer observations (0) made than vector observation size (7). The observations will be padded.
Fewer observations (0) made than vector observation size (7). The observations will be padded.
Fewer observations (0) made than vector observation size (7). The observations will be padded.
Fewer observations (0) made than vector observation size (7). The observations will be padded.
Fewer observations (0) made than vector observation size (7). The observations will be padded.
Player died!
Fewer observations (0) made than vector observation size (7). The observations will be padded.
Player died!
生成了一個物件
Unloading 3 Unused Serialized files (Serialized files now loaded: 0)
UnloadTime: 4.064400 ms
Unloading 1 unused Assets to reduce memory usage. Loaded Objects now: 2872.
Total: 0.877500 ms (FindLiveObjects: 0.090000 ms CreateObjectMapping: 0.033100 ms MarkObjects: 0.746800 ms  DeleteObjects: 0.007500 ms)

Unloading 3 Unused Serialized files (Serialized files now loaded: 0)
Fewer observations (0) made than vector observation size (7). The observations will be padded.
UnloadTime: 0.510000 ms
Unloading 1 unused Assets to reduce memory usage. Loaded Objects now: 2872.
Total: 0.791300 ms (FindLiveObjects: 0.084400 ms CreateObjectMapping: 0.033300 ms MarkObjects: 0.666000 ms  DeleteObjects: 0.007500 ms)

[LoadMap] Using main map source: D:\Unity\ML-agent\Map\Decode.txt
[LoadFinishMap] Using finish map source: D:\Unity\ML-agent\Map\finishmap.txt
[LoadFinishMap] Finish size = 15 x 15, new rightX = 215
[LoadMap] Done. Main size = 200 x 15, rightX = 215
Fewer observations (0) made than vector observation size (7). The observations will be padded.
Fewer observations (0) made than vector observation size (7). The observations will be padded.
FrontWall hit: ground 1(Clone) normalX=1
FrontWall hit: ground 1(Clone) normalX=1
FrontWall hit: ground 1(Clone) normalX=1
Fewer observations (0) made than vector observation size (7). The observations will be padded.
Fewer observations (0) made than vector observation size (7). The observations will be padded.
Fewer observations (0) made than vector observation size (7). The observations will be padded.
Fewer observations (0) made than vector observation size (7). The observations will be padded.
Fewer observations (0) made than vector observation size (7). The observations will be padded.
Fewer observations (0) made than vector observation size (7). The observations will be padded.
FrontWall hit: ground 1(Clone) normalX=1
FrontWall hit: ground 1(Clone) normalX=1
FrontWall hit: ground 1(Clone) normalX=1
Fewer observations (0) made than vector observation size (7). The observations will be padded.
FrontWall hit: ground 1(Clone) normalX=1
FrontWall hit: ground 1(Clone) normalX=1
FrontWall hit: ground 1(Clone) normalX=1
Fewer observations (0) made than vector observation size (7). The observations will be padded.
Fewer observations (0) made than vector observation size (7). The observations will be padded.
Fewer observations (0) made than vector observation size (7). The observations will be padded.
Fewer observations (0) made than vector observation size (7). The observations will be padded.
FrontWall hit: ground 1(Clone) normalX=1
FrontWall hit: ground 1(Clone) normalX=1
FrontWall hit: ground 1(Clone) normalX=1
Fewer observations (0) made than vector observation size (7). The observations will be padded.
Fewer observations (0) made than vector observation size (7). The observations will be padded.
Fewer observations (0) made than vector observation size (7). The observations will be padded.
FrontWall hit: ground 1(Clone) normalX=1
FrontWall hit: ground 1(Clone) normalX=1
FrontWall hit: ground 1(Clone) normalX=1
Fewer observations (0) made than vector observation size (7). The observations will be padded.
Fewer observations (0) made than vector observation size (7). The observations will be padded.
Fewer observations (0) made than vector observation size (7). The observations will be padded.
生成了一個物件
Fewer observations (0) made than vector observation size (7). The observations will be padded.
Fewer observations (0) made than vector observation size (7). The observations will be padded.
Fewer observations (0) made than vector observation size (7). The observations will be padded.
Fewer observations (0) made than vector observation size (7). The observations will be padded.
Fewer observations (0) made than vector observation size (7). The observations will be padded.
Fewer observations (0) made than vector observation size (7). The observations will be padded.
Fewer observations (0) made than vector observation size (7). The observations will be padded.
Fewer observations (0) made than vector observation size (7). The observations will be padded.
Fewer observations (0) made than vector observation size (7). The observations will be padded.
Fewer observations (0) made than vector observation size (7). The observations will be padded.
Fewer observations (0) made than vector observation size (7). The observations will be padded.
Fewer observations (0) made than vector observation size (7). The observations will be padded.
Fewer observations (0) made than vector observation size (7). The observations will be padded.
Fewer observations (0) made than vector observation size (7). The observations will be padded.
Fewer observations (0) made than vector observation size (7). The observations will be padded.
Fewer observations (0) made than vector observation size (7). The observations will be padded.
Fewer observations (0) made than vector observation size (7). The observations will be padded.
生成了一個物件
Fewer observations (0) made than vector observation size (7). The observations will be padded.
Fewer observations (0) made than vector observation size (7). The observations will be padded.
Fewer observations (0) made than vector observation size (7). The observations will be padded.
Fewer observations (0) made than vector observation size (7). The observations will be padded.
Fewer observations (0) made than vector observation size (7). The observations will be padded.
Fewer observations (0) made than vector observation size (7). The observations will be padded.
Fewer observations (0) made than vector observation size (7). The observations will be padded.
Fewer observations (0) made than vector observation size (7). The observations will be padded.
Fewer observations (0) made than vector observation size (7). The observations will be padded.
Fewer observations (0) made than vector observation size (7). The observations will be padded.
Fewer observations (0) made than vector observation size (7). The observations will be padded.
Fewer observations (0) made than vector observation size (7). The observations will be padded.
Fewer observations (0) made than vector observation size (7). The observations will be padded.
Fewer observations (0) made than vector observation size (7). The observations will be padded.
Fewer observations (0) made than vector observation size (7). The observations will be padded.
Fewer observations (0) made than vector observation size (7). The observations will be padded.
Fewer observations (0) made than vector observation size (7). The observations will be padded.
生成了一個物件
Fewer observations (0) made than vector observation size (7). The observations will be padded.
Fewer observations (0) made than vector observation size (7). The observations will be padded.
Fewer observations (0) made than vector observation size (7). The observations will be padded.
Fewer observations (0) made than vector observation size (7). The observations will be padded.
Fewer observations (0) made than vector observation size (7). The observations will be padded.
Fewer observations (0) made than vector observation size (7). The observations will be padded.
Fewer observations (0) made than vector observation size (7). The observations will be padded.
Fewer observations (0) made than vector observation size (7). The observations will be padded.
Fewer observations (0) made than vector observation size (7). The observations will be padded.
Fewer observations (0) made than vector observation size (7). The observations will be padded.
Fewer observations (0) made than vector observation size (7). The observations will be padded.
Fewer observations (0) made than vector observation size (7). The observations will be padded.
Fewer observations (0) made than vector observation size (7). The observations will be padded.
Fewer observations (0) made than vector observation size (7). The observations will be padded.
Fewer observations (0) made than vector observation size (7). The observations will be padded.
Fewer observations (0) made than vector observation size (7). The observations will be padded.
生成了一個物件
Fewer observations (0) made than vector observation size (7). The observations will be padded.
Fewer observations (0) made than vector observation size (7). The observations will be padded.
Fewer observations (0) made than vector observation size (7). The observations will be padded.
Fewer observations (0) made than vector observation size (7). The observations will be padded.
Fewer observations (0) made than vector observation size (7). The observations will be padded.
Fewer observations (0) made than vector observation size (7). The observations will be padded.
Fewer observations (0) made than vector observation size (7). The observations will be padded.
Fewer observations (0) made than vector observation size (7). The observations will be padded.
Fewer observations (0) made than vector observation size (7). The observations will be padded.
Fewer observations (0) made than vector observation size (7). The observations will be padded.
Fewer observations (0) made than vector observation size (7). The observations will be padded.
Fewer observations (0) made than vector observation size (7). The observations will be padded.
Fewer observations (0) made than vector observation size (7). The observations will be padded.
Fewer observations (0) made than vector observation size (7). The observations will be padded.
Fewer observations (0) made than vector observation size (7). The observations will be padded.
Fewer observations (0) made than vector observation size (7). The observations will be padded.
Fewer observations (0) made than vector observation size (7). The observations will be padded.
Player died!
Fewer observations (0) made than vector observation size (7). The observations will be padded.
Player died!
生成了一個物件
Unloading 3 Unused Serialized files (Serialized files now loaded: 0)
UnloadTime: 3.721300 ms
Unloading 1 unused Assets to reduce memory usage. Loaded Objects now: 2872.
Total: 0.833200 ms (FindLiveObjects: 0.091000 ms CreateObjectMapping: 0.029800 ms MarkObjects: 0.704000 ms  DeleteObjects: 0.008200 ms)

Unloading 3 Unused Serialized files (Serialized files now loaded: 0)
Fewer observations (0) made than vector observation size (7). The observations will be padded.
UnloadTime: 0.548700 ms
Unloading 1 unused Assets to reduce memory usage. Loaded Objects now: 2872.
Total: 0.809600 ms (FindLiveObjects: 0.076900 ms CreateObjectMapping: 0.033800 ms MarkObjects: 0.691600 ms  DeleteObjects: 0.007200 ms)

[LoadMap] Using main map source: D:\Unity\ML-agent\Map\Decode.txt
[LoadFinishMap] Using finish map source: D:\Unity\ML-agent\Map\finishmap.txt
[LoadFinishMap] Finish size = 15 x 15, new rightX = 215
[LoadMap] Done. Main size = 200 x 15, rightX = 215
Fewer observations (0) made than vector observation size (7). The observations will be padded.
FrontWall hit: ground 1(Clone) normalX=1
FrontWall hit: ground 1(Clone) normalX=1
FrontWall hit: ground 1(Clone) normalX=1
Fewer observations (0) made than vector observation size (7). The observations will be padded.
Fewer observations (0) made than vector observation size (7). The observations will be padded.
Fewer observations (0) made than vector observation size (7). The observations will be padded.
FrontWall hit: ground 1(Clone) normalX=1
FrontWall hit: ground 1(Clone) normalX=1
FrontWall hit: ground 1(Clone) normalX=1
Fewer observations (0) made than vector observation size (7). The observations will be padded.
FrontWall hit: ground 1(Clone) normalX=1
FrontWall hit: ground 1(Clone) normalX=1
FrontWall hit: ground 1(Clone) normalX=1
Fewer observations (0) made than vector observation size (7). The observations will be padded.
FrontWall hit: ground 1(Clone) normalX=1
FrontWall hit: ground 1(Clone) normalX=1
FrontWall hit: ground 1(Clone) normalX=1
Fewer observations (0) made than vector observation size (7). The observations will be padded.
FrontWall hit: ground 1(Clone) normalX=1
FrontWall hit: ground 1(Clone) normalX=1
FrontWall hit: ground 1(Clone) normalX=1
Fewer observations (0) made than vector observation size (7). The observations will be padded.
Fewer observations (0) made than vector observation size (7). The observations will be padded.
Fewer observations (0) made than vector observation size (7). The observations will be padded.
FrontWall hit: ground 1(Clone) normalX=1
FrontWall hit: ground 1(Clone) normalX=1
FrontWall hit: ground 1(Clone) normalX=1
Fewer observations (0) made than vector observation size (7). The observations will be padded.
Fewer observations (0) made than vector observation size (7). The observations will be padded.
Fewer observations (0) made than vector observation size (7). The observations will be padded.
Fewer observations (0) made than vector observation size (7). The observations will be padded.
Fewer observations (0) made than vector observation size (7). The observations will be padded.
Fewer observations (0) made than vector observation size (7). The observations will be padded.
Fewer observations (0) made than vector observation size (7). The observations will be padded.
Fewer observations (0) made than vector observation size (7). The observations will be padded.
生成了一個物件
Fewer observations (0) made than vector observation size (7). The observations will be padded.
Fewer observations (0) made than vector observation size (7). The observations will be padded.
Fewer observations (0) made than vector observation size (7). The observations will be padded.
Fewer observations (0) made than vector observation size (7). The observations will be padded.
Fewer observations (0) made than vector observation size (7). The observations will be padded.
Fewer observations (0) made than vector observation size (7). The observations will be padded.
Fewer observations (0) made than vector observation size (7). The observations will be padded.
Fewer observations (0) made than vector observation size (7). The observations will be padded.
Fewer observations (0) made than vector observation size (7). The observations will be padded.
Fewer observations (0) made than vector observation size (7). The observations will be padded.
Fewer observations (0) made than vector observation size (7). The observations will be padded.
Fewer observations (0) made than vector observation size (7). The observations will be padded.
Fewer observations (0) made than vector observation size (7). The observations will be padded.
FrontWall hit: ground 1(Clone) normalX=1
FrontWall hit: ground 1(Clone) normalX=1
Fewer observations (0) made than vector observation size (7). The observations will be padded.
Fewer observations (0) made than vector observation size (7). The observations will be padded.
Fewer observations (0) made than vector observation size (7). The observations will be padded.
FrontWall hit: ground 1(Clone) normalX=1
FrontWall hit: ground 1(Clone) normalX=1
FrontWall hit: ground 1(Clone) normalX=1
生成了一個物件
Fewer observations (0) made than vector observation size (7). The observations will be padded.
Fewer observations (0) made than vector observation size (7). The observations will be padded.
Fewer observations (0) made than vector observation size (7). The observations will be padded.
Fewer observations (0) made than vector observation size (7). The observations will be padded.
Fewer observations (0) made than vector observation size (7). The observations will be padded.
Fewer observations (0) made than vector observation size (7). The observations will be padded.
Fewer observations (0) made than vector observation size (7). The observations will be padded.
Fewer observations (0) made than vector observation size (7). The observations will be padded.
Fewer observations (0) made than vector observation size (7). The observations will be padded.
Fewer observations (0) made than vector observation size (7). The observations will be padded.
Fewer observations (0) made than vector observation size (7). The observations will be padded.
Fewer observations (0) made than vector observation size (7). The observations will be padded.
Fewer observations (0) made than vector observation size (7). The observations will be padded.
Fewer observations (0) made than vector observation size (7). The observations will be padded.
Fewer observations (0) made than vector observation size (7). The observations will be padded.
Fewer observations (0) made than vector observation size (7). The observations will be padded.
Fewer observations (0) made than vector observation size (7). The observations will be padded.
生成了一個物件
Fewer observations (0) made than vector observation size (7). The observations will be padded.
Fewer observations (0) made than vector observation size (7). The observations will be padded.
Fewer observations (0) made than vector observation size (7). The observations will be padded.
Fewer observations (0) made than vector observation size (7). The observations will be padded.
Fewer observations (0) made than vector observation size (7). The observations will be padded.
Fewer observations (0) made than vector observation size (7). The observations will be padded.
Fewer observations (0) made than vector observation size (7). The observations will be padded.
FrontWall hit: ground 1(Clone) normalX=1
FrontWall hit: ground 1(Clone) normalX=1
FrontWall hit: ground 1(Clone) normalX=1
Fewer observations (0) made than vector observation size (7). The observations will be padded.
Fewer observations (0) made than vector observation size (7). The observations will be padded.
FrontWall hit: ground 1(Clone) normalX=1
FrontWall hit: ground 1(Clone) normalX=1
FrontWall hit: ground 1(Clone) normalX=1
Fewer observations (0) made than vector observation size (7). The observations will be padded.
FrontWall hit: ground 1(Clone) normalX=1
FrontWall hit: ground 1(Clone) normalX=1
FrontWall hit: ground 1(Clone) normalX=1
Fewer observations (0) made than vector observation size (7). The observations will be padded.
Fewer observations (0) made than vector observation size (7). The observations will be padded.
Fewer observations (0) made than vector observation size (7). The observations will be padded.
Fewer observations (0) made than vector observation size (7). The observations will be padded.
Fewer observations (0) made than vector observation size (7). The observations will be padded.
Fewer observations (0) made than vector observation size (7). The observations will be padded.
Fewer observations (0) made than vector observation size (7). The observations will be padded.
生成了一個物件
Fewer observations (0) made than vector observation size (7). The observations will be padded.
Fewer observations (0) made than vector observation size (7). The observations will be padded.
Player died!
Fewer observations (0) made than vector observation size (7). The observations will be padded.
Player died!
Player died!
FrontWall hit: ground 1(Clone) normalX=-1
Unloading 3 Unused Serialized files (Serialized files now loaded: 0)
UnloadTime: 4.155300 ms
Unloading 1 unused Assets to reduce memory usage. Loaded Objects now: 2872.
Total: 1.143000 ms (FindLiveObjects: 0.097400 ms CreateObjectMapping: 0.036000 ms MarkObjects: 0.997100 ms  DeleteObjects: 0.012300 ms)

Unloading 3 Unused Serialized files (Serialized files now loaded: 0)
Fewer observations (0) made than vector observation size (7). The observations will be padded.
UnloadTime: 0.519100 ms
Unloading 1 unused Assets to reduce memory usage. Loaded Objects now: 2872.
Total: 1.085700 ms (FindLiveObjects: 0.077700 ms CreateObjectMapping: 0.031100 ms MarkObjects: 0.970000 ms  DeleteObjects: 0.006800 ms)

Unloading 3 Unused Serialized files (Serialized files now loaded: 0)
Fewer observations (0) made than vector observation size (7). The observations will be padded.
UnloadTime: 0.470100 ms
Unloading 1 unused Assets to reduce memory usage. Loaded Objects now: 2872.
Total: 0.798800 ms (FindLiveObjects: 0.076800 ms CreateObjectMapping: 0.028700 ms MarkObjects: 0.686500 ms  DeleteObjects: 0.006500 ms)

[LoadMap] Using main map source: D:\Unity\ML-agent\Map\Decode.txt
[LoadFinishMap] Using finish map source: D:\Unity\ML-agent\Map\finishmap.txt
[LoadFinishMap] Finish size = 15 x 15, new rightX = 215
[LoadMap] Done. Main size = 200 x 15, rightX = 215
Fewer observations (0) made than vector observation size (7). The observations will be padded.
FrontWall hit: ground 1(Clone) normalX=1
FrontWall hit: ground 1(Clone) normalX=1
FrontWall hit: ground 1(Clone) normalX=1
Fewer observations (0) made than vector observation size (7). The observations will be padded.
FrontWall hit: ground 1(Clone) normalX=1
FrontWall hit: ground 1(Clone) normalX=1
FrontWall hit: ground 1(Clone) normalX=1
Fewer observations (0) made than vector observation size (7). The observations will be padded.
Fewer observations (0) made than vector observation size (7). The observations will be padded.
Fewer observations (0) made than vector observation size (7). The observations will be padded.
Fewer observations (0) made than vector observation size (7). The observations will be padded.
Fewer observations (0) made than vector observation size (7). The observations will be padded.
Fewer observations (0) made than vector observation size (7). The observations will be padded.
Fewer observations (0) made than vector observation size (7). The observations will be padded.
Fewer observations (0) made than vector observation size (7). The observations will be padded.
Fewer observations (0) made than vector observation size (7). The observations will be padded.
生成了一個物件
Fewer observations (0) made than vector observation size (7). The observations will be padded.
FrontWall hit: ground 1(Clone) normalX=1
FrontWall hit: ground 1(Clone) normalX=1
FrontWall hit: ground 1(Clone) normalX=1
Fewer observations (0) made than vector observation size (7). The observations will be padded.
FrontWall hit: ground 1(Clone) normalX=1
FrontWall hit: ground 1(Clone) normalX=1
FrontWall hit: ground 1(Clone) normalX=1
Fewer observations (0) made than vector observation size (7). The observations will be padded.
Fewer observations (0) made than vector observation size (7). The observations will be padded.
Fewer observations (0) made than vector observation size (7). The observations will be padded.
Fewer observations (0) made than vector observation size (7). The observations will be padded.
Fewer observations (0) made than vector observation size (7). The observations will be padded.
Fewer observations (0) made than vector observation size (7). The observations will be padded.
Fewer observations (0) made than vector observation size (7). The observations will be padded.
Fewer observations (0) made than vector observation size (7). The observations will be padded.
Fewer observations (0) made than vector observation size (7). The observations will be padded.
Fewer observations (0) made than vector observation size (7). The observations will be padded.
Fewer observations (0) made than vector observation size (7). The observations will be padded.
Fewer observations (0) made than vector observation size (7). The observations will be padded.
Fewer observations (0) made than vector observation size (7). The observations will be padded.
Fewer observations (0) made than vector observation size (7). The observations will be padded.
Fewer observations (0) made than vector observation size (7). The observations will be padded.
生成了一個物件
Fewer observations (0) made than vector observation size (7). The observations will be padded.
Fewer observations (0) made than vector observation size (7). The observations will be padded.
Fewer observations (0) made than vector observation size (7). The observations will be padded.
Fewer observations (0) made than vector observation size (7). The observations will be padded.
Fewer observations (0) made than vector observation size (7). The observations will be padded.
Fewer observations (0) made than vector observation size (7). The observations will be padded.
Fewer observations (0) made than vector observation size (7). The observations will be padded.
Fewer observations (0) made than vector observation size (7). The observations will be padded.
Fewer observations (0) made than vector observation size (7). The observations will be padded.
Fewer observations (0) made than vector observation size (7). The observations will be padded.
Fewer observations (0) made than vector observation size (7). The observations will be padded.
Fewer observations (0) made than vector observation size (7). The observations will be padded.
Fewer observations (0) made than vector observation size (7). The observations will be padded.
Fewer observations (0) made than vector observation size (7). The observations will be padded.
Fewer observations (0) made than vector observation size (7). The observations will be padded.
Fewer observations (0) made than vector observation size (7). The observations will be padded.
生成了一個物件
Fewer observations (0) made than vector observation size (7). The observations will be padded.
Fewer observations (0) made than vector observation size (7). The observations will be padded.
Player died!
Fewer observations (0) made than vector observation size (7). The observations will be padded.
Unloading 3 Unused Serialized files (Serialized files now loaded: 0)
UnloadTime: 4.052600 ms
Unloading 1 unused Assets to reduce memory usage. Loaded Objects now: 2872.
Total: 1.166200 ms (FindLiveObjects: 0.112200 ms CreateObjectMapping: 0.065900 ms MarkObjects: 0.978800 ms  DeleteObjects: 0.009200 ms)

[LoadMap] Using main map source: D:\Unity\ML-agent\Map\Decode.txt
[LoadFinishMap] Using finish map source: D:\Unity\ML-agent\Map\finishmap.txt
[LoadFinishMap] Finish size = 15 x 15, new rightX = 215
[LoadMap] Done. Main size = 200 x 15, rightX = 215
Fewer observations (0) made than vector observation size (7). The observations will be padded.
Fewer observations (0) made than vector observation size (7). The observations will be padded.
FrontWall hit: ground 1(Clone) normalX=1
Fewer observations (0) made than vector observation size (7). The observations will be padded.
FrontWall hit: ground 1(Clone) normalX=1
FrontWall hit: ground 1(Clone) normalX=1
FrontWall hit: ground 1(Clone) normalX=1
Fewer observations (0) made than vector observation size (7). The observations will be padded.
FrontWall hit: ground 1(Clone) normalX=1
FrontWall hit: ground 1(Clone) normalX=1
FrontWall hit: ground 1(Clone) normalX=1
Fewer observations (0) made than vector observation size (7). The observations will be padded.
Fewer observations (0) made than vector observation size (7). The observations will be padded.
Fewer observations (0) made than vector observation size (7). The observations will be padded.
Fewer observations (0) made than vector observation size (7). The observations will be padded.
Fewer observations (0) made than vector observation size (7). The observations will be padded.
Fewer observations (0) made than vector observation size (7). The observations will be padded.
Fewer observations (0) made than vector observation size (7). The observations will be padded.
Fewer observations (0) made than vector observation size (7). The observations will be padded.
Fewer observations (0) made than vector observation size (7). The observations will be padded.
Fewer observations (0) made than vector observation size (7). The observations will be padded.
Fewer observations (0) made than vector observation size (7). The observations will be padded.
生成了一個物件
Fewer observations (0) made than vector observation size (7). The observations will be padded.
Fewer observations (0) made than vector observation size (7). The observations will be padded.
FrontWall hit: ground 1(Clone) normalX=1
FrontWall hit: ground 1(Clone) normalX=1
FrontWall hit: ground 1(Clone) normalX=1
Fewer observations (0) made than vector observation size (7). The observations will be padded.
FrontWall hit: ground 1(Clone) normalX=1
FrontWall hit: ground 1(Clone) normalX=1
FrontWall hit: ground 1(Clone) normalX=1
Fewer observations (0) made than vector observation size (7). The observations will be padded.
Fewer observations (0) made than vector observation size (7). The observations will be padded.
Fewer observations (0) made than vector observation size (7). The observations will be padded.
FrontWall hit: ground 1(Clone) normalX=1
FrontWall hit: ground 1(Clone) normalX=1
FrontWall hit: ground 1(Clone) normalX=1
Fewer observations (0) made than vector observation size (7). The observations will be padded.
Fewer observations (0) made than vector observation size (7). The observations will be padded.
Fewer observations (0) made than vector observation size (7). The observations will be padded.
Fewer observations (0) made than vector observation size (7). The observations will be padded.
Fewer observations (0) made than vector observation size (7). The observations will be padded.
Fewer observations (0) made than vector observation size (7). The observations will be padded.
Fewer observations (0) made than vector observation size (7). The observations will be padded.
Fewer observations (0) made than vector observation size (7). The observations will be padded.
Fewer observations (0) made than vector observation size (7). The observations will be padded.
FrontWall hit: ground 1(Clone) normalX=1
FrontWall hit: ground 1(Clone) normalX=1
FrontWall hit: ground 1(Clone) normalX=1
Fewer observations (0) made than vector observation size (7). The observations will be padded.
FrontWall hit: ground 1(Clone) normalX=1
FrontWall hit: ground 1(Clone) normalX=1
FrontWall hit: ground 1(Clone) normalX=1
生成了一個物件
Fewer observations (0) made than vector observation size (7). The observations will be padded.
FrontWall hit: ground 1(Clone) normalX=1
FrontWall hit: ground 1(Clone) normalX=1
FrontWall hit: ground 1(Clone) normalX=1
Fewer observations (0) made than vector observation size (7). The observations will be padded.
Fewer observations (0) made than vector observation size (7). The observations will be padded.
Fewer observations (0) made than vector observation size (7). The observations will be padded.
Fewer observations (0) made than vector observation size (7). The observations will be padded.
Fewer observations (0) made than vector observation size (7). The observations will be padded.
Fewer observations (0) made than vector observation size (7). The observations will be padded.
Fewer observations (0) made than vector observation size (7). The observations will be padded.
FrontWall hit: ground 1(Clone) normalX=1
FrontWall hit: ground 1(Clone) normalX=1
FrontWall hit: ground 1(Clone) normalX=1
Fewer observations (0) made than vector observation size (7). The observations will be padded.
FrontWall hit: ground 1(Clone) normalX=1
FrontWall hit: ground 1(Clone) normalX=1
FrontWall hit: ground 1(Clone) normalX=1
Fewer observations (0) made than vector observation size (7). The observations will be padded.
Fewer observations (0) made than vector observation size (7). The observations will be padded.
FrontWall hit: ground 1(Clone) normalX=1
FrontWall hit: ground 1(Clone) normalX=1
FrontWall hit: ground 1(Clone) normalX=1
Fewer observations (0) made than vector observation size (7). The observations will be padded.
Fewer observations (0) made than vector observation size (7). The observations will be padded.
Fewer observations (0) made than vector observation size (7). The observations will be padded.
FrontWall hit: ground 1(Clone) normalX=1
FrontWall hit: ground 1(Clone) normalX=1
FrontWall hit: ground 1(Clone) normalX=1
Fewer observations (0) made than vector observation size (7). The observations will be padded.
Fewer observations (0) made than vector observation size (7). The observations will be padded.
FrontWall hit: ground 1(Clone) normalX=1
FrontWall hit: ground 1(Clone) normalX=1
FrontWall hit: ground 1(Clone) normalX=1
Fewer observations (0) made than vector observation size (7). The observations will be padded.
生成了一個物件
Fewer observations (0) made than vector observation size (7). The observations will be padded.
Fewer observations (0) made than vector observation size (7). The observations will be padded.
FrontWall hit: ground 1(Clone) normalX=1
FrontWall hit: ground 1(Clone) normalX=1
FrontWall hit: ground 1(Clone) normalX=1
Fewer observations (0) made than vector observation size (7). The observations will be padded.
Fewer observations (0) made than vector observation size (7). The observations will be padded.
FrontWall hit: ground 1(Clone) normalX=1
FrontWall hit: ground 1(Clone) normalX=1
FrontWall hit: ground 1(Clone) normalX=1
Fewer observations (0) made than vector observation size (7). The observations will be padded.
Fewer observations (0) made than vector observation size (7). The observations will be padded.
Fewer observations (0) made than vector observation size (7). The observations will be padded.
Fewer observations (0) made than vector observation size (7). The observations will be padded.
FrontWall hit: ground 1(Clone) normalX=1
FrontWall hit: ground 1(Clone) normalX=1
FrontWall hit: ground 1(Clone) normalX=1
Fewer observations (0) made than vector observation size (7). The observations will be padded.
FrontWall hit: ground 1(Clone) normalX=1
FrontWall hit: ground 1(Clone) normalX=1
FrontWall hit: ground 1(Clone) normalX=1
Fewer observations (0) made than vector observation size (7). The observations will be padded.
Fewer observations (0) made than vector observation size (7). The observations will be padded.
Fewer observations (0) made than vector observation size (7). The observations will be padded.
Fewer observations (0) made than vector observation size (7). The observations will be padded.
FrontWall hit: ground 1(Clone) normalX=1
FrontWall hit: ground 1(Clone) normalX=1
FrontWall hit: ground 1(Clone) normalX=1
Fewer observations (0) made than vector observation size (7). The observations will be padded.
Fewer observations (0) made than vector observation size (7). The observations will be padded.
Fewer observations (0) made than vector observation size (7). The observations will be padded.
Fewer observations (0) made than vector observation size (7). The observations will be padded.
FrontWall hit: ground 1(Clone) normalX=1
生成了一個物件
FrontWall hit: ground 1(Clone) normalX=1
FrontWall hit: ground 1(Clone) normalX=1
Fewer observations (0) made than vector observation size (7). The observations will be padded.
Fewer observations (0) made than vector observation size (7). The observations will be padded.
FrontWall hit: ground 1(Clone) normalX=1
FrontWall hit: ground 1(Clone) normalX=1
FrontWall hit: ground 1(Clone) normalX=1
Fewer observations (0) made than vector observation size (7). The observations will be padded.
Fewer observations (0) made than vector observation size (7). The observations will be padded.
FrontWall hit: ground 1(Clone) normalX=1
FrontWall hit: ground 1(Clone) normalX=1
FrontWall hit: ground 1(Clone) normalX=1
Fewer observations (0) made than vector observation size (7). The observations will be padded.
Fewer observations (0) made than vector observation size (7). The observations will be padded.
Fewer observations (0) made than vector observation size (7). The observations will be padded.
Fewer observations (0) made than vector observation size (7). The observations will be padded.
Fewer observations (0) made than vector observation size (7). The observations will be padded.
Fewer observations (0) made than vector observation size (7). The observations will be padded.
Fewer observations (0) made than vector observation size (7). The observations will be padded.
Fewer observations (0) made than vector observation size (7). The observations will be padded.
Fewer observations (0) made than vector observation size (7). The observations will be padded.
Fewer observations (0) made than vector observation size (7). The observations will be padded.
Fewer observations (0) made than vector observation size (7). The observations will be padded.
Fewer observations (0) made than vector observation size (7). The observations will be padded.
生成了一個物件
Fewer observations (0) made than vector observation size (7). The observations will be padded.
Fewer observations (0) made than vector observation size (7). The observations will be padded.
Fewer observations (0) made than vector observation size (7). The observations will be padded.
Fewer observations (0) made than vector observation size (7). The observations will be padded.
Fewer observations (0) made than vector observation size (7). The observations will be padded.
Fewer observations (0) made than vector observation size (7). The observations will be padded.
Fewer observations (0) made than vector observation size (7). The observations will be padded.
Fewer observations (0) made than vector observation size (7). The observations will be padded.
Fewer observations (0) made than vector observation size (7). The observations will be padded.
Fewer observations (0) made than vector observation size (7). The observations will be padded.
Fewer observations (0) made than vector observation size (7). The observations will be padded.
Fewer observations (0) made than vector observation size (7). The observations will be padded.
FrontWall hit: ground 1(Clone) normalX=1
FrontWall hit: ground 1(Clone) normalX=1
Fewer observations (0) made than vector observation size (7). The observations will be padded.
Fewer observations (0) made than vector observation size (7). The observations will be padded.
FrontWall hit: ground 1(Clone) normalX=1
FrontWall hit: ground 1(Clone) normalX=1
FrontWall hit: ground 1(Clone) normalX=1
Fewer observations (0) made than vector observation size (7). The observations will be padded.
FrontWall hit: ground 1(Clone) normalX=1
FrontWall hit: ground 1(Clone) normalX=1
FrontWall hit: ground 1(Clone) normalX=1
Fewer observations (0) made than vector observation size (7). The observations will be padded.
Fewer observations (0) made than vector observation size (7). The observations will be padded.
生成了一個物件
Fewer observations (0) made than vector observation size (7). The observations will be padded.
Fewer observations (0) made than vector observation size (7). The observations will be padded.
Fewer observations (0) made than vector observation size (7). The observations will be padded.
Fewer observations (0) made than vector observation size (7). The observations will be padded.
Fewer observations (0) made than vector observation size (7). The observations will be padded.
Fewer observations (0) made than vector observation size (7). The observations will be padded.
Player died!
Fewer observations (0) made than vector observation size (7). The observations will be padded.
Player died!
Player died!
Fewer observations (0) made than vector observation size (7). The observations will be padded.
FrontWall hit: ground 1(Clone) normalX=-1
Unloading 3 Unused Serialized files (Serialized files now loaded: 0)
Fewer observations (0) made than vector observation size (7). The observations will be padded.
UnloadTime: 7.082900 ms
Unloading 1 unused Assets to reduce memory usage. Loaded Objects now: 2872.
Total: 0.901700 ms (FindLiveObjects: 0.082200 ms CreateObjectMapping: 0.031600 ms MarkObjects: 0.781000 ms  DeleteObjects: 0.006600 ms)

Unloading 3 Unused Serialized files (Serialized files now loaded: 0)
Fewer observations (0) made than vector observation size (7). The observations will be padded.
UnloadTime: 0.513200 ms
Unloading 1 unused Assets to reduce memory usage. Loaded Objects now: 2872.
Total: 0.903000 ms (FindLiveObjects: 0.078900 ms CreateObjectMapping: 0.033000 ms MarkObjects: 0.783900 ms  DeleteObjects: 0.007100 ms)

Unloading 3 Unused Serialized files (Serialized files now loaded: 0)
Fewer observations (0) made than vector observation size (7). The observations will be padded.
UnloadTime: 0.470500 ms
Unloading 1 unused Assets to reduce memory usage. Loaded Objects now: 2872.
Total: 0.853800 ms (FindLiveObjects: 0.083600 ms CreateObjectMapping: 0.033600 ms MarkObjects: 0.728900 ms  DeleteObjects: 0.007600 ms)

[LoadMap] Using main map source: D:\Unity\ML-agent\Map\Decode.txt
[LoadFinishMap] Using finish map source: D:\Unity\ML-agent\Map\finishmap.txt
[LoadFinishMap] Finish size = 15 x 15, new rightX = 215
[LoadMap] Done. Main size = 200 x 15, rightX = 215
Fewer observations (0) made than vector observation size (7). The observations will be padded.
Fewer observations (0) made than vector observation size (7). The observations will be padded.
Fewer observations (0) made than vector observation size (7). The observations will be padded.
FrontWall hit: ground 1(Clone) normalX=1
FrontWall hit: ground 1(Clone) normalX=1
FrontWall hit: ground 1(Clone) normalX=1
Fewer observations (0) made than vector observation size (7). The observations will be padded.
FrontWall hit: ground 1(Clone) normalX=1
FrontWall hit: ground 1(Clone) normalX=1
FrontWall hit: ground 1(Clone) normalX=1
Fewer observations (0) made than vector observation size (7). The observations will be padded.
FrontWall hit: ground 1(Clone) normalX=1
FrontWall hit: ground 1(Clone) normalX=1
FrontWall hit: ground 1(Clone) normalX=1
Fewer observations (0) made than vector observation size (7). The observations will be padded.
FrontWall hit: ground 1(Clone) normalX=1
FrontWall hit: ground 1(Clone) normalX=1
FrontWall hit: ground 1(Clone) normalX=1
Fewer observations (0) made than vector observation size (7). The observations will be padded.
Fewer observations (0) made than vector observation size (7). The observations will be padded.
Fewer observations (0) made than vector observation size (7). The observations will be padded.
Fewer observations (0) made than vector observation size (7). The observations will be padded.
Fewer observations (0) made than vector observation size (7). The observations will be padded.
Fewer observations (0) made than vector observation size (7). The observations will be padded.
Fewer observations (0) made than vector observation size (7). The observations will be padded.
生成了一個物件
Fewer observations (0) made than vector observation size (7). The observations will be padded.
Fewer observations (0) made than vector observation size (7). The observations will be padded.
Fewer observations (0) made than vector observation size (7). The observations will be padded.
Fewer observations (0) made than vector observation size (7). The observations will be padded.
Fewer observations (0) made than vector observation size (7). The observations will be padded.
Fewer observations (0) made than vector observation size (7). The observations will be padded.
Fewer observations (0) made than vector observation size (7). The observations will be padded.
Fewer observations (0) made than vector observation size (7). The observations will be padded.
FrontWall hit: ground 1(Clone) normalX=1
FrontWall hit: ground 1(Clone) normalX=1
FrontWall hit: ground 1(Clone) normalX=1
Fewer observations (0) made than vector observation size (7). The observations will be padded.
Fewer observations (0) made than vector observation size (7). The observations will be padded.
Fewer observations (0) made than vector observation size (7). The observations will be padded.
Fewer observations (0) made than vector observation size (7). The observations will be padded.
Fewer observations (0) made than vector observation size (7). The observations will be padded.
Fewer observations (0) made than vector observation size (7). The observations will be padded.
Fewer observations (0) made than vector observation size (7). The observations will be padded.
Fewer observations (0) made than vector observation size (7). The observations will be padded.
Fewer observations (0) made than vector observation size (7). The observations will be padded.
生成了一個物件
Fewer observations (0) made than vector observation size (7). The observations will be padded.
Fewer observations (0) made than vector observation size (7). The observations will be padded.
Fewer observations (0) made than vector observation size (7). The observations will be padded.
Fewer observations (0) made than vector observation size (7). The observations will be padded.
Fewer observations (0) made than vector observation size (7). The observations will be padded.
Fewer observations (0) made than vector observation size (7). The observations will be padded.
Fewer observations (0) made than vector observation size (7). The observations will be padded.
Fewer observations (0) made than vector observation size (7). The observations will be padded.
Fewer observations (0) made than vector observation size (7). The observations will be padded.
Fewer observations (0) made than vector observation size (7). The observations will be padded.
Fewer observations (0) made than vector observation size (7). The observations will be padded.
Fewer observations (0) made than vector observation size (7). The observations will be padded.
Fewer observations (0) made than vector observation size (7). The observations will be padded.
Fewer observations (0) made than vector observation size (7). The observations will be padded.
Fewer observations (0) made than vector observation size (7). The observations will be padded.
Fewer observations (0) made than vector observation size (7). The observations will be padded.
Fewer observations (0) made than vector observation size (7). The observations will be padded.
生成了一個物件
Fewer observations (0) made than vector observation size (7). The observations will be padded.
Fewer observations (0) made than vector observation size (7). The observations will be padded.
Player died!
Fewer observations (0) made than vector observation size (7). The observations will be padded.
Player died!
Unloading 3 Unused Serialized files (Serialized files now loaded: 0)
UnloadTime: 3.638500 ms
Unloading 1 unused Assets to reduce memory usage. Loaded Objects now: 2872.
Total: 0.844600 ms (FindLiveObjects: 0.083200 ms CreateObjectMapping: 0.033400 ms MarkObjects: 0.719700 ms  DeleteObjects: 0.008100 ms)

Unloading 3 Unused Serialized files (Serialized files now loaded: 0)
Fewer observations (0) made than vector observation size (7). The observations will be padded.
UnloadTime: 0.572300 ms
Unloading 1 unused Assets to reduce memory usage. Loaded Objects now: 2872.
Total: 0.887900 ms (FindLiveObjects: 0.077100 ms CreateObjectMapping: 0.031800 ms MarkObjects: 0.771000 ms  DeleteObjects: 0.007900 ms)

[LoadMap] Using main map source: D:\Unity\ML-agent\Map\Decode.txt
[LoadFinishMap] Using finish map source: D:\Unity\ML-agent\Map\finishmap.txt
[LoadFinishMap] Finish size = 15 x 15, new rightX = 215
[LoadMap] Done. Main size = 200 x 15, rightX = 215
Fewer observations (0) made than vector observation size (7). The observations will be padded.
Fewer observations (0) made than vector observation size (7). The observations will be padded.
FrontWall hit: ground 1(Clone) normalX=1
Fewer observations (0) made than vector observation size (7). The observations will be padded.
Fewer observations (0) made than vector observation size (7). The observations will be padded.
Fewer observations (0) made than vector observation size (7). The observations will be padded.
Fewer observations (0) made than vector observation size (7). The observations will be padded.
Fewer observations (0) made than vector observation size (7). The observations will be padded.
Fewer observations (0) made than vector observation size (7). The observations will be padded.
Fewer observations (0) made than vector observation size (7). The observations will be padded.
Fewer observations (0) made than vector observation size (7). The observations will be padded.
Fewer observations (0) made than vector observation size (7). The observations will be padded.
Fewer observations (0) made than vector observation size (7). The observations will be padded.
Fewer observations (0) made than vector observation size (7). The observations will be padded.
Fewer observations (0) made than vector observation size (7). The observations will be padded.
Fewer observations (0) made than vector observation size (7). The observations will be padded.
Fewer observations (0) made than vector observation size (7). The observations will be padded.
Fewer observations (0) made than vector observation size (7). The observations will be padded.
Fewer observations (0) made than vector observation size (7). The observations will be padded.
Fewer observations (0) made than vector observation size (7). The observations will be padded.
Fewer observations (0) made than vector observation size (7). The observations will be padded.
Fewer observations (0) made than vector observation size (7). The observations will be padded.
Fewer observations (0) made than vector observation size (7). The observations will be padded.
Fewer observations (0) made than vector observation size (7). The observations will be padded.
Fewer observations (0) made than vector observation size (7). The observations will be padded.
生成了一個物件
Fewer observations (0) made than vector observation size (7). The observations will be padded.
Fewer observations (0) made than vector observation size (7). The observations will be padded.
Fewer observations (0) made than vector observation size (7). The observations will be padded.
Fewer observations (0) made than vector observation size (7). The observations will be padded.
Fewer observations (0) made than vector observation size (7). The observations will be padded.
Fewer observations (0) made than vector observation size (7). The observations will be padded.
Fewer observations (0) made than vector observation size (7). The observations will be padded.
Fewer observations (0) made than vector observation size (7). The observations will be padded.
Fewer observations (0) made than vector observation size (7). The observations will be padded.
Fewer observations (0) made than vector observation size (7). The observations will be padded.
Fewer observations (0) made than vector observation size (7). The observations will be padded.
Fewer observations (0) made than vector observation size (7). The observations will be padded.
Fewer observations (0) made than vector observation size (7). The observations will be padded.
Fewer observations (0) made than vector observation size (7). The observations will be padded.
Fewer observations (0) made than vector observation size (7). The observations will be padded.
Fewer observations (0) made than vector observation size (7). The observations will be padded.
Fewer observations (0) made than vector observation size (7). The observations will be padded.
生成了一個物件
Fewer observations (0) made than vector observation size (7). The observations will be padded.
Fewer observations (0) made than vector observation size (7). The observations will be padded.
Fewer observations (0) made than vector observation size (7). The observations will be padded.
Fewer observations (0) made than vector observation size (7). The observations will be padded.
Fewer observations (0) made than vector observation size (7). The observations will be padded.
Fewer observations (0) made than vector observation size (7). The observations will be padded.
Fewer observations (0) made than vector observation size (7). The observations will be padded.
Fewer observations (0) made than vector observation size (7). The observations will be padded.
Fewer observations (0) made than vector observation size (7). The observations will be padded.
Fewer observations (0) made than vector observation size (7). The observations will be padded.
Fewer observations (0) made than vector observation size (7). The observations will be padded.
Fewer observations (0) made than vector observation size (7). The observations will be padded.
Fewer observations (0) made than vector observation size (7). The observations will be padded.
Fewer observations (0) made than vector observation size (7). The observations will be padded.
Fewer observations (0) made than vector observation size (7). The observations will be padded.
Player died!
Fewer observations (0) made than vector observation size (7). The observations will be padded.
Unloading 3 Unused Serialized files (Serialized files now loaded: 0)
UnloadTime: 4.609500 ms
Unloading 1 unused Assets to reduce memory usage. Loaded Objects now: 2872.
Total: 0.921900 ms (FindLiveObjects: 0.094500 ms CreateObjectMapping: 0.034800 ms MarkObjects: 0.783900 ms  DeleteObjects: 0.008600 ms)

[LoadMap] Using main map source: D:\Unity\ML-agent\Map\Decode.txt
[LoadFinishMap] Using finish map source: D:\Unity\ML-agent\Map\finishmap.txt
[LoadFinishMap] Finish size = 15 x 15, new rightX = 215
[LoadMap] Done. Main size = 200 x 15, rightX = 215
Fewer observations (0) made than vector observation size (7). The observations will be padded.
Fewer observations (0) made than vector observation size (7). The observations will be padded.
FrontWall hit: ground 1(Clone) normalX=1
FrontWall hit: ground 1(Clone) normalX=1
FrontWall hit: ground 1(Clone) normalX=1
Fewer observations (0) made than vector observation size (7). The observations will be padded.
Fewer observations (0) made than vector observation size (7). The observations will be padded.
FrontWall hit: ground 1(Clone) normalX=1
FrontWall hit: ground 1(Clone) normalX=1
FrontWall hit: ground 1(Clone) normalX=1
Fewer observations (0) made than vector observation size (7). The observations will be padded.
Fewer observations (0) made than vector observation size (7). The observations will be padded.
Fewer observations (0) made than vector observation size (7). The observations will be padded.
Fewer observations (0) made than vector observation size (7). The observations will be padded.
FrontWall hit: ground 1(Clone) normalX=1
FrontWall hit: ground 1(Clone) normalX=1
FrontWall hit: ground 1(Clone) normalX=1
Fewer observations (0) made than vector observation size (7). The observations will be padded.
FrontWall hit: ground 1(Clone) normalX=1
FrontWall hit: ground 1(Clone) normalX=1
FrontWall hit: ground 1(Clone) normalX=1
Fewer observations (0) made than vector observation size (7). The observations will be padded.
FrontWall hit: ground 1(Clone) normalX=1
FrontWall hit: ground 1(Clone) normalX=1
FrontWall hit: ground 1(Clone) normalX=1
Fewer observations (0) made than vector observation size (7). The observations will be padded.
Fewer observations (0) made than vector observation size (7). The observations will be padded.
Fewer observations (0) made than vector observation size (7). The observations will be padded.
Fewer observations (0) made than vector observation size (7). The observations will be padded.
FrontWall hit: ground 1(Clone) normalX=1
FrontWall hit: ground 1(Clone) normalX=1
FrontWall hit: ground 1(Clone) normalX=1
Fewer observations (0) made than vector observation size (7). The observations will be padded.
Fewer observations (0) made than vector observation size (7). The observations will be padded.
Fewer observations (0) made than vector observation size (7). The observations will be padded.
Fewer observations (0) made than vector observation size (7). The observations will be padded.
Fewer observations (0) made than vector observation size (7). The observations will be padded.
Fewer observations (0) made than vector observation size (7). The observations will be padded.
Fewer observations (0) made than vector observation size (7). The observations will be padded.
Fewer observations (0) made than vector observation size (7). The observations will be padded.
Fewer observations (0) made than vector observation size (7). The observations will be padded.
生成了一個物件
Fewer observations (0) made than vector observation size (7). The observations will be padded.
Fewer observations (0) made than vector observation size (7). The observations will be padded.
Fewer observations (0) made than vector observation size (7). The observations will be padded.
Fewer observations (0) made than vector observation size (7). The observations will be padded.
Fewer observations (0) made than vector observation size (7). The observations will be padded.
Fewer observations (0) made than vector observation size (7). The observations will be padded.
Fewer observations (0) made than vector observation size (7). The observations will be padded.
Fewer observations (0) made than vector observation size (7). The observations will be padded.
Fewer observations (0) made than vector observation size (7). The observations will be padded.
Fewer observations (0) made than vector observation size (7). The observations will be padded.
Fewer observations (0) made than vector observation size (7). The observations will be padded.
Fewer observations (0) made than vector observation size (7). The observations will be padded.
Fewer observations (0) made than vector observation size (7). The observations will be padded.
Fewer observations (0) made than vector observation size (7). The observations will be padded.
Fewer observations (0) made than vector observation size (7). The observations will be padded.
Fewer observations (0) made than vector observation size (7). The observations will be padded.
Fewer observations (0) made than vector observation size (7). The observations will be padded.
生成了一個物件
Fewer observations (0) made than vector observation size (7). The observations will be padded.
Fewer observations (0) made than vector observation size (7). The observations will be padded.
Fewer observations (0) made than vector observation size (7). The observations will be padded.
Fewer observations (0) made than vector observation size (7). The observations will be padded.
Fewer observations (0) made than vector observation size (7). The observations will be padded.
Fewer observations (0) made than vector observation size (7). The observations will be padded.
Fewer observations (0) made than vector observation size (7). The observations will be padded.
Fewer observations (0) made than vector observation size (7). The observations will be padded.
Fewer observations (0) made than vector observation size (7). The observations will be padded.
Fewer observations (0) made than vector observation size (7). The observations will be padded.
Fewer observations (0) made than vector observation size (7). The observations will be padded.
Fewer observations (0) made than vector observation size (7). The observations will be padded.
Fewer observations (0) made than vector observation size (7). The observations will be padded.
Fewer observations (0) made than vector observation size (7). The observations will be padded.
Fewer observations (0) made than vector observation size (7). The observations will be padded.
Fewer observations (0) made than vector observation size (7). The observations will be padded.
Fewer observations (0) made than vector observation size (7). The observations will be padded.
生成了一個物件
Fewer observations (0) made than vector observation size (7). The observations will be padded.
Fewer observations (0) made than vector observation size (7). The observations will be padded.
Fewer observations (0) made than vector observation size (7). The observations will be padded.
Player died!
Fewer observations (0) made than vector observation size (7). The observations will be padded.
Player died!
Unloading 3 Unused Serialized files (Serialized files now loaded: 0)
UnloadTime: 5.259000 ms
Unloading 1 unused Assets to reduce memory usage. Loaded Objects now: 2872.
Total: 0.963500 ms (FindLiveObjects: 0.085200 ms CreateObjectMapping: 0.032200 ms MarkObjects: 0.839100 ms  DeleteObjects: 0.006900 ms)

Unloading 3 Unused Serialized files (Serialized files now loaded: 0)
Fewer observations (0) made than vector observation size (7). The observations will be padded.
UnloadTime: 0.476200 ms
Unloading 1 unused Assets to reduce memory usage. Loaded Objects now: 2872.
Total: 0.865900 ms (FindLiveObjects: 0.077100 ms CreateObjectMapping: 0.030900 ms MarkObjects: 0.750900 ms  DeleteObjects: 0.006800 ms)

[LoadMap] Using main map source: D:\Unity\ML-agent\Map\Decode.txt
[LoadFinishMap] Using finish map source: D:\Unity\ML-agent\Map\finishmap.txt
[LoadFinishMap] Finish size = 15 x 15, new rightX = 215
[LoadMap] Done. Main size = 200 x 15, rightX = 215
Fewer observations (0) made than vector observation size (7). The observations will be padded.
Fewer observations (0) made than vector observation size (7). The observations will be padded.
Fewer observations (0) made than vector observation size (7). The observations will be padded.
Fewer observations (0) made than vector observation size (7). The observations will be padded.
Fewer observations (0) made than vector observation size (7). The observations will be padded.
Fewer observations (0) made than vector observation size (7). The observations will be padded.
Fewer observations (0) made than vector observation size (7). The observations will be padded.
Fewer observations (0) made than vector observation size (7). The observations will be padded.
Fewer observations (0) made than vector observation size (7). The observations will be padded.
Fewer observations (0) made than vector observation size (7). The observations will be padded.
Fewer observations (0) made than vector observation size (7). The observations will be padded.
Fewer observations (0) made than vector observation size (7). The observations will be padded.
Fewer observations (0) made than vector observation size (7). The observations will be padded.
Fewer observations (0) made than vector observation size (7). The observations will be padded.
Fewer observations (0) made than vector observation size (7). The observations will be padded.
Fewer observations (0) made than vector observation size (7). The observations will be padded.
Fewer observations (0) made than vector observation size (7). The observations will be padded.
Fewer observations (0) made than vector observation size (7). The observations will be padded.
Fewer observations (0) made than vector observation size (7). The observations will be padded.
Fewer observations (0) made than vector observation size (7). The observations will be padded.
Fewer observations (0) made than vector observation size (7). The observations will be padded.
Fewer observations (0) made than vector observation size (7). The observations will be padded.
Fewer observations (0) made than vector observation size (7). The observations will be padded.
Fewer observations (0) made than vector observation size (7). The observations will be padded.
Fewer observations (0) made than vector observation size (7). The observations will be padded.
生成了一個物件
Fewer observations (0) made than vector observation size (7). The observations will be padded.
Fewer observations (0) made than vector observation size (7). The observations will be padded.
Fewer observations (0) made than vector observation size (7). The observations will be padded.
Fewer observations (0) made than vector observation size (7). The observations will be padded.
Fewer observations (0) made than vector observation size (7). The observations will be padded.
Fewer observations (0) made than vector observation size (7). The observations will be padded.
Fewer observations (0) made than vector observation size (7). The observations will be padded.
Fewer observations (0) made than vector observation size (7). The observations will be padded.
Fewer observations (0) made than vector observation size (7). The observations will be padded.
FrontWall hit: ground 1(Clone) normalX=1
FrontWall hit: ground 1(Clone) normalX=1
FrontWall hit: ground 1(Clone) normalX=1
Fewer observations (0) made than vector observation size (7). The observations will be padded.
Fewer observations (0) made than vector observation size (7). The observations will be padded.
Fewer observations (0) made than vector observation size (7). The observations will be padded.
Fewer observations (0) made than vector observation size (7). The observations will be padded.
Fewer observations (0) made than vector observation size (7). The observations will be padded.
Fewer observations (0) made than vector observation size (7). The observations will be padded.
Fewer observations (0) made than vector observation size (7). The observations will be padded.
Fewer observations (0) made than vector observation size (7). The observations will be padded.
生成了一個物件
Fewer observations (0) made than vector observation size (7). The observations will be padded.
Fewer observations (0) made than vector observation size (7). The observations will be padded.
Fewer observations (0) made than vector observation size (7). The observations will be padded.
FrontWall hit: ground 1(Clone) normalX=1
FrontWall hit: ground 1(Clone) normalX=1
FrontWall hit: ground 1(Clone) normalX=1
Fewer observations (0) made than vector observation size (7). The observations will be padded.
Fewer observations (0) made than vector observation size (7). The observations will be padded.
Fewer observations (0) made than vector observation size (7). The observations will be padded.
Fewer observations (0) made than vector observation size (7). The observations will be padded.
FrontWall hit: ground 1(Clone) normalX=1
FrontWall hit: ground 1(Clone) normalX=1
FrontWall hit: ground 1(Clone) normalX=1
Fewer observations (0) made than vector observation size (7). The observations will be padded.
Fewer observations (0) made than vector observation size (7). The observations will be padded.
FrontWall hit: ground 1(Clone) normalX=1
FrontWall hit: ground 1(Clone) normalX=1
FrontWall hit: ground 1(Clone) normalX=1
Fewer observations (0) made than vector observation size (7). The observations will be padded.
FrontWall hit: ground 1(Clone) normalX=1
FrontWall hit: ground 1(Clone) normalX=1
FrontWall hit: ground 1(Clone) normalX=1
Fewer observations (0) made than vector observation size (7). The observations will be padded.
Fewer observations (0) made than vector observation size (7). The observations will be padded.
Fewer observations (0) made than vector observation size (7). The observations will be padded.
Fewer observations (0) made than vector observation size (7). The observations will be padded.
Fewer observations (0) made than vector observation size (7). The observations will be padded.
Fewer observations (0) made than vector observation size (7). The observations will be padded.
生成了一個物件
Fewer observations (0) made than vector observation size (7). The observations will be padded.
FrontWall hit: ground 1(Clone) normalX=1
FrontWall hit: ground 1(Clone) normalX=1
FrontWall hit: ground 1(Clone) normalX=1
Fewer observations (0) made than vector observation size (7). The observations will be padded.
Fewer observations (0) made than vector observation size (7). The observations will be padded.
Fewer observations (0) made than vector observation size (7). The observations will be padded.
Fewer observations (0) made than vector observation size (7). The observations will be padded.
Fewer observations (0) made than vector observation size (7). The observations will be padded.
Fewer observations (0) made than vector observation size (7). The observations will be padded.
Fewer observations (0) made than vector observation size (7). The observations will be padded.
Fewer observations (0) made than vector observation size (7). The observations will be padded.
Fewer observations (0) made than vector observation size (7). The observations will be padded.
Fewer observations (0) made than vector observation size (7). The observations will be padded.
Fewer observations (0) made than vector observation size (7). The observations will be padded.
Fewer observations (0) made than vector observation size (7). The observations will be padded.
Fewer observations (0) made than vector observation size (7). The observations will be padded.
Fewer observations (0) made than vector observation size (7). The observations will be padded.
Fewer observations (0) made than vector observation size (7). The observations will be padded.
FrontWall hit: ground 1(Clone) normalX=1
FrontWall hit: ground 1(Clone) normalX=1
FrontWall hit: ground 1(Clone) normalX=1
Fewer observations (0) made than vector observation size (7). The observations will be padded.
生成了一個物件
Fewer observations (0) made than vector observation size (7). The observations will be padded.
Fewer observations (0) made than vector observation size (7). The observations will be padded.
Fewer observations (0) made than vector observation size (7). The observations will be padded.
Fewer observations (0) made than vector observation size (7). The observations will be padded.
Fewer observations (0) made than vector observation size (7). The observations will be padded.
Fewer observations (0) made than vector observation size (7). The observations will be padded.
Player died!
Fewer observations (0) made than vector observation size (7). The observations will be padded.
Fewer observations (0) made than vector observation size (7). The observations will be padded.
Unloading 3 Unused Serialized files (Serialized files now loaded: 0)
Fewer observations (0) made than vector observation size (7). The observations will be padded.
UnloadTime: 3.765900 ms
Unloading 1 unused Assets to reduce memory usage. Loaded Objects now: 2872.
Total: 1.119100 ms (FindLiveObjects: 0.083100 ms CreateObjectMapping: 0.032700 ms MarkObjects: 0.996400 ms  DeleteObjects: 0.006800 ms)

[LoadMap] Using main map source: D:\Unity\ML-agent\Map\Decode.txt
[LoadFinishMap] Using finish map source: D:\Unity\ML-agent\Map\finishmap.txt
[LoadFinishMap] Finish size = 15 x 15, new rightX = 215
[LoadMap] Done. Main size = 200 x 15, rightX = 215
Fewer observations (0) made than vector observation size (7). The observations will be padded.
Fewer observations (0) made than vector observation size (7). The observations will be padded.
Fewer observations (0) made than vector observation size (7). The observations will be padded.
Fewer observations (0) made than vector observation size (7). The observations will be padded.
Fewer observations (0) made than vector observation size (7). The observations will be padded.
Fewer observations (0) made than vector observation size (7). The observations will be padded.
Fewer observations (0) made than vector observation size (7). The observations will be padded.
Fewer observations (0) made than vector observation size (7). The observations will be padded.
生成了一個物件
Fewer observations (0) made than vector observation size (7). The observations will be padded.
Fewer observations (0) made than vector observation size (7). The observations will be padded.
Fewer observations (0) made than vector observation size (7). The observations will be padded.
Fewer observations (0) made than vector observation size (7). The observations will be padded.
Fewer observations (0) made than vector observation size (7). The observations will be padded.
Fewer observations (0) made than vector observation size (7). The observations will be padded.
Fewer observations (0) made than vector observation size (7). The observations will be padded.
Fewer observations (0) made than vector observation size (7). The observations will be padded.
Fewer observations (0) made than vector observation size (7). The observations will be padded.
Fewer observations (0) made than vector observation size (7). The observations will be padded.
Fewer observations (0) made than vector observation size (7). The observations will be padded.
Fewer observations (0) made than vector observation size (7). The observations will be padded.
Fewer observations (0) made than vector observation size (7). The observations will be padded.
Fewer observations (0) made than vector observation size (7). The observations will be padded.
Fewer observations (0) made than vector observation size (7). The observations will be padded.
Fewer observations (0) made than vector observation size (7). The observations will be padded.
Fewer observations (0) made than vector observation size (7). The observations will be padded.
生成了一個物件
Fewer observations (0) made than vector observation size (7). The observations will be padded.
Fewer observations (0) made than vector observation size (7). The observations will be padded.
Fewer observations (0) made than vector observation size (7). The observations will be padded.
Fewer observations (0) made than vector observation size (7). The observations will be padded.
Fewer observations (0) made than vector observation size (7). The observations will be padded.
Fewer observations (0) made than vector observation size (7). The observations will be padded.
Fewer observations (0) made than vector observation size (7). The observations will be padded.
Fewer observations (0) made than vector observation size (7). The observations will be padded.
Fewer observations (0) made than vector observation size (7). The observations will be padded.
Fewer observations (0) made than vector observation size (7). The observations will be padded.
Fewer observations (0) made than vector observation size (7). The observations will be padded.
Fewer observations (0) made than vector observation size (7). The observations will be padded.
Fewer observations (0) made than vector observation size (7). The observations will be padded.
Fewer observations (0) made than vector observation size (7). The observations will be padded.
Fewer observations (0) made than vector observation size (7). The observations will be padded.
Fewer observations (0) made than vector observation size (7). The observations will be padded.
生成了一個物件
Fewer observations (0) made than vector observation size (7). The observations will be padded.
Fewer observations (0) made than vector observation size (7). The observations will be padded.
Fewer observations (0) made than vector observation size (7). The observations will be padded.
Fewer observations (0) made than vector observation size (7). The observations will be padded.
Player died!
Fewer observations (0) made than vector observation size (7). The observations will be padded.
Player died!
Unloading 3 Unused Serialized files (Serialized files now loaded: 0)
UnloadTime: 4.161400 ms
Unloading 1 unused Assets to reduce memory usage. Loaded Objects now: 2872.
Total: 0.979300 ms (FindLiveObjects: 0.081400 ms CreateObjectMapping: 0.031500 ms MarkObjects: 0.859900 ms  DeleteObjects: 0.006300 ms)

Unloading 3 Unused Serialized files (Serialized files now loaded: 0)
Fewer observations (0) made than vector observation size (7). The observations will be padded.
UnloadTime: 0.476700 ms
Unloading 1 unused Assets to reduce memory usage. Loaded Objects now: 2872.
Total: 0.816400 ms (FindLiveObjects: 0.081400 ms CreateObjectMapping: 0.029500 ms MarkObjects: 0.698800 ms  DeleteObjects: 0.006500 ms)

[LoadMap] Using main map source: D:\Unity\ML-agent\Map\Decode.txt
[LoadFinishMap] Using finish map source: D:\Unity\ML-agent\Map\finishmap.txt
[LoadFinishMap] Finish size = 15 x 15, new rightX = 215
[LoadMap] Done. Main size = 200 x 15, rightX = 215
Fewer observations (0) made than vector observation size (7). The observations will be padded.
Fewer observations (0) made than vector observation size (7). The observations will be padded.
Fewer observations (0) made than vector observation size (7). The observations will be padded.
Fewer observations (0) made than vector observation size (7). The observations will be padded.
Fewer observations (0) made than vector observation size (7). The observations will be padded.
Fewer observations (0) made than vector observation size (7). The observations will be padded.
Fewer observations (0) made than vector observation size (7). The observations will be padded.
Fewer observations (0) made than vector observation size (7). The observations will be padded.
Fewer observations (0) made than vector observation size (7). The observations will be padded.
生成了一個物件
Fewer observations (0) made than vector observation size (7). The observations will be padded.
Fewer observations (0) made than vector observation size (7). The observations will be padded.
Fewer observations (0) made than vector observation size (7). The observations will be padded.
Fewer observations (0) made than vector observation size (7). The observations will be padded.
Fewer observations (0) made than vector observation size (7). The observations will be padded.
Fewer observations (0) made than vector observation size (7). The observations will be padded.
Fewer observations (0) made than vector observation size (7). The observations will be padded.
Fewer observations (0) made than vector observation size (7). The observations will be padded.
Fewer observations (0) made than vector observation size (7). The observations will be padded.
Fewer observations (0) made than vector observation size (7). The observations will be padded.
Fewer observations (0) made than vector observation size (7). The observations will be padded.
Fewer observations (0) made than vector observation size (7). The observations will be padded.
Fewer observations (0) made than vector observation size (7). The observations will be padded.
Fewer observations (0) made than vector observation size (7). The observations will be padded.
Fewer observations (0) made than vector observation size (7). The observations will be padded.
Fewer observations (0) made than vector observation size (7). The observations will be padded.
生成了一個物件
Fewer observations (0) made than vector observation size (7). The observations will be padded.
Fewer observations (0) made than vector observation size (7). The observations will be padded.
Fewer observations (0) made than vector observation size (7). The observations will be padded.
Fewer observations (0) made than vector observation size (7). The observations will be padded.
Fewer observations (0) made than vector observation size (7). The observations will be padded.
Fewer observations (0) made than vector observation size (7). The observations will be padded.
Fewer observations (0) made than vector observation size (7). The observations will be padded.
Fewer observations (0) made than vector observation size (7). The observations will be padded.
Fewer observations (0) made than vector observation size (7). The observations will be padded.
Fewer observations (0) made than vector observation size (7). The observations will be padded.
Fewer observations (0) made than vector observation size (7). The observations will be padded.
Fewer observations (0) made than vector observation size (7). The observations will be padded.
Fewer observations (0) made than vector observation size (7). The observations will be padded.
Fewer observations (0) made than vector observation size (7). The observations will be padded.
Fewer observations (0) made than vector observation size (7). The observations will be padded.
Fewer observations (0) made than vector observation size (7). The observations will be padded.
Fewer observations (0) made than vector observation size (7). The observations will be padded.
生成了一個物件
Fewer observations (0) made than vector observation size (7). The observations will be padded.
Fewer observations (0) made than vector observation size (7). The observations will be padded.
Fewer observations (0) made than vector observation size (7). The observations will be padded.
Player died!
Fewer observations (0) made than vector observation size (7). The observations will be padded.
FrontWall hit: ground 1(Clone) normalX=-1
Unloading 3 Unused Serialized files (Serialized files now loaded: 0)
UnloadTime: 3.904100 ms
Unloading 1 unused Assets to reduce memory usage. Loaded Objects now: 2872.
Total: 0.882700 ms (FindLiveObjects: 0.085000 ms CreateObjectMapping: 0.031300 ms MarkObjects: 0.756400 ms  DeleteObjects: 0.009800 ms)

[LoadMap] Using main map source: D:\Unity\ML-agent\Map\Decode.txt
[LoadFinishMap] Using finish map source: D:\Unity\ML-agent\Map\finishmap.txt
[LoadFinishMap] Finish size = 15 x 15, new rightX = 215
[LoadMap] Done. Main size = 200 x 15, rightX = 215
Fewer observations (0) made than vector observation size (7). The observations will be padded.
FrontWall hit: ground 1(Clone) normalX=1
FrontWall hit: ground 1(Clone) normalX=1
FrontWall hit: ground 1(Clone) normalX=1
Fewer observations (0) made than vector observation size (7). The observations will be padded.
Fewer observations (0) made than vector observation size (7). The observations will be padded.
Fewer observations (0) made than vector observation size (7). The observations will be padded.
Fewer observations (0) made than vector observation size (7). The observations will be padded.
Fewer observations (0) made than vector observation size (7). The observations will be padded.
Fewer observations (0) made than vector observation size (7). The observations will be padded.
Fewer observations (0) made than vector observation size (7). The observations will be padded.
Fewer observations (0) made than vector observation size (7). The observations will be padded.
生成了一個物件
Fewer observations (0) made than vector observation size (7). The observations will be padded.
Fewer observations (0) made than vector observation size (7). The observations will be padded.
Fewer observations (0) made than vector observation size (7). The observations will be padded.
Fewer observations (0) made than vector observation size (7). The observations will be padded.
Fewer observations (0) made than vector observation size (7). The observations will be padded.
Fewer observations (0) made than vector observation size (7). The observations will be padded.
Fewer observations (0) made than vector observation size (7). The observations will be padded.
Fewer observations (0) made than vector observation size (7). The observations will be padded.
Fewer observations (0) made than vector observation size (7). The observations will be padded.
Fewer observations (0) made than vector observation size (7). The observations will be padded.
Fewer observations (0) made than vector observation size (7). The observations will be padded.
Fewer observations (0) made than vector observation size (7). The observations will be padded.
Fewer observations (0) made than vector observation size (7). The observations will be padded.
Fewer observations (0) made than vector observation size (7). The observations will be padded.
Fewer observations (0) made than vector observation size (7). The observations will be padded.
Fewer observations (0) made than vector observation size (7). The observations will be padded.
Fewer observations (0) made than vector observation size (7). The observations will be padded.
生成了一個物件
Fewer observations (0) made than vector observation size (7). The observations will be padded.
Fewer observations (0) made than vector observation size (7). The observations will be padded.
Fewer observations (0) made than vector observation size (7). The observations will be padded.
Fewer observations (0) made than vector observation size (7). The observations will be padded.
Fewer observations (0) made than vector observation size (7). The observations will be padded.
Fewer observations (0) made than vector observation size (7). The observations will be padded.
Fewer observations (0) made than vector observation size (7). The observations will be padded.
Fewer observations (0) made than vector observation size (7). The observations will be padded.
Fewer observations (0) made than vector observation size (7). The observations will be padded.
Fewer observations (0) made than vector observation size (7). The observations will be padded.
Fewer observations (0) made than vector observation size (7). The observations will be padded.
Fewer observations (0) made than vector observation size (7). The observations will be padded.
Fewer observations (0) made than vector observation size (7). The observations will be padded.
FrontWall hit: ground 1(Clone) normalX=1
FrontWall hit: ground 1(Clone) normalX=1
Fewer observations (0) made than vector observation size (7). The observations will be padded.
Fewer observations (0) made than vector observation size (7). The observations will be padded.
Fewer observations (0) made than vector observation size (7). The observations will be padded.
Fewer observations (0) made than vector observation size (7). The observations will be padded.
生成了一個物件
Fewer observations (0) made than vector observation size (7). The observations will be padded.
FrontWall hit: ground 1(Clone) normalX=1
FrontWall hit: ground 1(Clone) normalX=1
FrontWall hit: ground 1(Clone) normalX=1
Fewer observations (0) made than vector observation size (7). The observations will be padded.
Fewer observations (0) made than vector observation size (7). The observations will be padded.
FrontWall hit: ground 1(Clone) normalX=1
FrontWall hit: ground 1(Clone) normalX=1
FrontWall hit: ground 1(Clone) normalX=1
Fewer observations (0) made than vector observation size (7). The observations will be padded.
Fewer observations (0) made than vector observation size (7). The observations will be padded.
FrontWall hit: ground 1(Clone) normalX=1
FrontWall hit: ground 1(Clone) normalX=1
FrontWall hit: ground 1(Clone) normalX=1
Player died!
Fewer observations (0) made than vector observation size (7). The observations will be padded.
Player died!
Fewer observations (0) made than vector observation size (7). The observations will be padded.
Unloading 3 Unused Serialized files (Serialized files now loaded: 0)
Fewer observations (0) made than vector observation size (7). The observations will be padded.
UnloadTime: 4.239800 ms
Unloading 1 unused Assets to reduce memory usage. Loaded Objects now: 2872.
Total: 1.305300 ms (FindLiveObjects: 0.088400 ms CreateObjectMapping: 0.033100 ms MarkObjects: 1.174100 ms  DeleteObjects: 0.009500 ms)

Unloading 3 Unused Serialized files (Serialized files now loaded: 0)
Fewer observations (0) made than vector observation size (7). The observations will be padded.
UnloadTime: 0.551100 ms
Unloading 1 unused Assets to reduce memory usage. Loaded Objects now: 2872.
Total: 1.060700 ms (FindLiveObjects: 0.091200 ms CreateObjectMapping: 0.036200 ms MarkObjects: 0.914800 ms  DeleteObjects: 0.018400 ms)

[LoadMap] Using main map source: D:\Unity\ML-agent\Map\Decode.txt
[LoadFinishMap] Using finish map source: D:\Unity\ML-agent\Map\finishmap.txt
[LoadFinishMap] Finish size = 15 x 15, new rightX = 215
[LoadMap] Done. Main size = 200 x 15, rightX = 215
Fewer observations (0) made than vector observation size (7). The observations will be padded.
Fewer observations (0) made than vector observation size (7). The observations will be padded.
FrontWall hit: ground 1(Clone) normalX=1
FrontWall hit: ground 1(Clone) normalX=1
FrontWall hit: ground 1(Clone) normalX=1
Fewer observations (0) made than vector observation size (7). The observations will be padded.
Fewer observations (0) made than vector observation size (7). The observations will be padded.
Fewer observations (0) made than vector observation size (7). The observations will be padded.
Fewer observations (0) made than vector observation size (7). The observations will be padded.
Fewer observations (0) made than vector observation size (7). The observations will be padded.
Fewer observations (0) made than vector observation size (7). The observations will be padded.
Fewer observations (0) made than vector observation size (7). The observations will be padded.
Fewer observations (0) made than vector observation size (7). The observations will be padded.
生成了一個物件
Fewer observations (0) made than vector observation size (7). The observations will be padded.
Fewer observations (0) made than vector observation size (7). The observations will be padded.
Fewer observations (0) made than vector observation size (7). The observations will be padded.
FrontWall hit: ground 1(Clone) normalX=1
FrontWall hit: ground 1(Clone) normalX=1
FrontWall hit: ground 1(Clone) normalX=1
Fewer observations (0) made than vector observation size (7). The observations will be padded.
Fewer observations (0) made than vector observation size (7). The observations will be padded.
FrontWall hit: ground 1(Clone) normalX=1
FrontWall hit: ground 1(Clone) normalX=1
FrontWall hit: ground 1(Clone) normalX=1
Fewer observations (0) made than vector observation size (7). The observations will be padded.
Fewer observations (0) made than vector observation size (7). The observations will be padded.
Fewer observations (0) made than vector observation size (7). The observations will be padded.
Fewer observations (0) made than vector observation size (7). The observations will be padded.
Fewer observations (0) made than vector observation size (7). The observations will be padded.
Fewer observations (0) made than vector observation size (7). The observations will be padded.
Fewer observations (0) made than vector observation size (7). The observations will be padded.
Fewer observations (0) made than vector observation size (7). The observations will be padded.
Fewer observations (0) made than vector observation size (7). The observations will be padded.
Fewer observations (0) made than vector observation size (7). The observations will be padded.
Fewer observations (0) made than vector observation size (7). The observations will be padded.
Fewer observations (0) made than vector observation size (7). The observations will be padded.
生成了一個物件
Fewer observations (0) made than vector observation size (7). The observations will be padded.
Fewer observations (0) made than vector observation size (7). The observations will be padded.
Fewer observations (0) made than vector observation size (7). The observations will be padded.
Fewer observations (0) made than vector observation size (7). The observations will be padded.
Fewer observations (0) made than vector observation size (7). The observations will be padded.
Fewer observations (0) made than vector observation size (7). The observations will be padded.
Fewer observations (0) made than vector observation size (7). The observations will be padded.
Fewer observations (0) made than vector observation size (7). The observations will be padded.
Fewer observations (0) made than vector observation size (7). The observations will be padded.
Fewer observations (0) made than vector observation size (7). The observations will be padded.
Fewer observations (0) made than vector observation size (7). The observations will be padded.
Fewer observations (0) made than vector observation size (7). The observations will be padded.
Fewer observations (0) made than vector observation size (7). The observations will be padded.
Fewer observations (0) made than vector observation size (7). The observations will be padded.
Fewer observations (0) made than vector observation size (7). The observations will be padded.
Fewer observations (0) made than vector observation size (7). The observations will be padded.
Player died!
Fewer observations (0) made than vector observation size (7). The observations will be padded.
生成了一個物件
Unloading 3 Unused Serialized files (Serialized files now loaded: 0)
UnloadTime: 4.068100 ms
Unloading 1 unused Assets to reduce memory usage. Loaded Objects now: 2872.
Total: 1.026200 ms (FindLiveObjects: 0.096700 ms CreateObjectMapping: 0.031500 ms MarkObjects: 0.888800 ms  DeleteObjects: 0.009000 ms)

[LoadMap] Using main map source: D:\Unity\ML-agent\Map\Decode.txt
[LoadFinishMap] Using finish map source: D:\Unity\ML-agent\Map\finishmap.txt
[LoadFinishMap] Finish size = 15 x 15, new rightX = 215
[LoadMap] Done. Main size = 200 x 15, rightX = 215
Fewer observations (0) made than vector observation size (7). The observations will be padded.
FrontWall hit: ground 1(Clone) normalX=1
FrontWall hit: ground 1(Clone) normalX=1
FrontWall hit: ground 1(Clone) normalX=1
Fewer observations (0) made than vector observation size (7). The observations will be padded.
Fewer observations (0) made than vector observation size (7). The observations will be padded.
Fewer observations (0) made than vector observation size (7). The observations will be padded.
Fewer observations (0) made than vector observation size (7). The observations will be padded.
FrontWall hit: ground 1(Clone) normalX=1
FrontWall hit: ground 1(Clone) normalX=1
FrontWall hit: ground 1(Clone) normalX=1
Fewer observations (0) made than vector observation size (7). The observations will be padded.
Fewer observations (0) made than vector observation size (7). The observations will be padded.
Fewer observations (0) made than vector observation size (7). The observations will be padded.
FrontWall hit: ground 1(Clone) normalX=1
FrontWall hit: ground 1(Clone) normalX=1
FrontWall hit: ground 1(Clone) normalX=1
Fewer observations (0) made than vector observation size (7). The observations will be padded.
FrontWall hit: ground 1(Clone) normalX=1
FrontWall hit: ground 1(Clone) normalX=1
FrontWall hit: ground 1(Clone) normalX=1
Fewer observations (0) made than vector observation size (7). The observations will be padded.
Fewer observations (0) made than vector observation size (7). The observations will be padded.
Fewer observations (0) made than vector observation size (7). The observations will be padded.
Fewer observations (0) made than vector observation size (7). The observations will be padded.
Fewer observations (0) made than vector observation size (7). The observations will be padded.
FrontWall hit: ground 1(Clone) normalX=1
FrontWall hit: ground 1(Clone) normalX=1
FrontWall hit: ground 1(Clone) normalX=1
Fewer observations (0) made than vector observation size (7). The observations will be padded.
Fewer observations (0) made than vector observation size (7). The observations will be padded.
Fewer observations (0) made than vector observation size (7). The observations will be padded.
Fewer observations (0) made than vector observation size (7). The observations will be padded.
Fewer observations (0) made than vector observation size (7). The observations will be padded.
生成了一個物件
Fewer observations (0) made than vector observation size (7). The observations will be padded.
FrontWall hit: ground 1(Clone) normalX=1
FrontWall hit: ground 1(Clone) normalX=1
FrontWall hit: ground 1(Clone) normalX=1
Fewer observations (0) made than vector observation size (7). The observations will be padded.
Fewer observations (0) made than vector observation size (7). The observations will be padded.
Fewer observations (0) made than vector observation size (7). The observations will be padded.
Fewer observations (0) made than vector observation size (7). The observations will be padded.
Fewer observations (0) made than vector observation size (7). The observations will be padded.
Fewer observations (0) made than vector observation size (7). The observations will be padded.
Fewer observations (0) made than vector observation size (7). The observations will be padded.
Fewer observations (0) made than vector observation size (7). The observations will be padded.
Fewer observations (0) made than vector observation size (7). The observations will be padded.
Fewer observations (0) made than vector observation size (7). The observations will be padded.
Fewer observations (0) made than vector observation size (7). The observations will be padded.
Fewer observations (0) made than vector observation size (7). The observations will be padded.
Fewer observations (0) made than vector observation size (7). The observations will be padded.
FrontWall hit: ground 1(Clone) normalX=1
FrontWall hit: ground 1(Clone) normalX=1
FrontWall hit: ground 1(Clone) normalX=1
Fewer observations (0) made than vector observation size (7). The observations will be padded.
Fewer observations (0) made than vector observation size (7). The observations will be padded.
Fewer observations (0) made than vector observation size (7). The observations will be padded.
生成了一個物件
Fewer observations (0) made than vector observation size (7). The observations will be padded.
Fewer observations (0) made than vector observation size (7). The observations will be padded.
FrontWall hit: ground 1(Clone) normalX=1
FrontWall hit: ground 1(Clone) normalX=1
FrontWall hit: ground 1(Clone) normalX=1
Fewer observations (0) made than vector observation size (7). The observations will be padded.
FrontWall hit: ground 1(Clone) normalX=1
FrontWall hit: ground 1(Clone) normalX=1
FrontWall hit: ground 1(Clone) normalX=1
Fewer observations (0) made than vector observation size (7). The observations will be padded.
FrontWall hit: ground 1(Clone) normalX=1
FrontWall hit: ground 1(Clone) normalX=1
FrontWall hit: ground 1(Clone) normalX=1
Fewer observations (0) made than vector observation size (7). The observations will be padded.
FrontWall hit: ground 1(Clone) normalX=1
FrontWall hit: ground 1(Clone) normalX=1
FrontWall hit: ground 1(Clone) normalX=1
Fewer observations (0) made than vector observation size (7). The observations will be padded.
FrontWall hit: ground 1(Clone) normalX=1
FrontWall hit: ground 1(Clone) normalX=1
FrontWall hit: ground 1(Clone) normalX=1
Fewer observations (0) made than vector observation size (7). The observations will be padded.
Fewer observations (0) made than vector observation size (7). The observations will be padded.
Fewer observations (0) made than vector observation size (7). The observations will be padded.
FrontWall hit: ground 1(Clone) normalX=1
FrontWall hit: ground 1(Clone) normalX=1
FrontWall hit: ground 1(Clone) normalX=1
Fewer observations (0) made than vector observation size (7). The observations will be padded.
FrontWall hit: ground 1(Clone) normalX=1
FrontWall hit: ground 1(Clone) normalX=1
FrontWall hit: ground 1(Clone) normalX=1
Fewer observations (0) made than vector observation size (7). The observations will be padded.
Fewer observations (0) made than vector observation size (7). The observations will be padded.
Fewer observations (0) made than vector observation size (7). The observations will be padded.
Fewer observations (0) made than vector observation size (7). The observations will be padded.
Fewer observations (0) made than vector observation size (7). The observations will be padded.
Fewer observations (0) made than vector observation size (7). The observations will be padded.
生成了一個物件
Fewer observations (0) made than vector observation size (7). The observations will be padded.
Fewer observations (0) made than vector observation size (7). The observations will be padded.
Fewer observations (0) made than vector observation size (7). The observations will be padded.
Fewer observations (0) made than vector observation size (7). The observations will be padded.
Fewer observations (0) made than vector observation size (7). The observations will be padded.
Fewer observations (0) made than vector observation size (7). The observations will be padded.
Fewer observations (0) made than vector observation size (7). The observations will be padded.
Fewer observations (0) made than vector observation size (7). The observations will be padded.
Fewer observations (0) made than vector observation size (7). The observations will be padded.
Fewer observations (0) made than vector observation size (7). The observations will be padded.
Fewer observations (0) made than vector observation size (7). The observations will be padded.
Fewer observations (0) made than vector observation size (7). The observations will be padded.
Fewer observations (0) made than vector observation size (7). The observations will be padded.
Fewer observations (0) made than vector observation size (7). The observations will be padded.
Fewer observations (0) made than vector observation size (7). The observations will be padded.
Fewer observations (0) made than vector observation size (7). The observations will be padded.
Fewer observations (0) made than vector observation size (7). The observations will be padded.
生成了一個物件
Fewer observations (0) made than vector observation size (7). The observations will be padded.
Fewer observations (0) made than vector observation size (7). The observations will be padded.
Fewer observations (0) made than vector observation size (7). The observations will be padded.
Fewer observations (0) made than vector observation size (7). The observations will be padded.
Fewer observations (0) made than vector observation size (7). The observations will be padded.
Fewer observations (0) made than vector observation size (7). The observations will be padded.
Fewer observations (0) made than vector observation size (7). The observations will be padded.
Fewer observations (0) made than vector observation size (7). The observations will be padded.
Fewer observations (0) made than vector observation size (7). The observations will be padded.
Fewer observations (0) made than vector observation size (7). The observations will be padded.
Fewer observations (0) made than vector observation size (7). The observations will be padded.
Fewer observations (0) made than vector observation size (7). The observations will be padded.
Fewer observations (0) made than vector observation size (7). The observations will be padded.
Fewer observations (0) made than vector observation size (7). The observations will be padded.
Fewer observations (0) made than vector observation size (7). The observations will be padded.
Fewer observations (0) made than vector observation size (7). The observations will be padded.
Fewer observations (0) made than vector observation size (7). The observations will be padded.
生成了一個物件
Fewer observations (0) made than vector observation size (7). The observations will be padded.
Fewer observations (0) made than vector observation size (7). The observations will be padded.
Fewer observations (0) made than vector observation size (7). The observations will be padded.
Fewer observations (0) made than vector observation size (7). The observations will be padded.
Fewer observations (0) made than vector observation size (7). The observations will be padded.
Fewer observations (0) made than vector observation size (7). The observations will be padded.
Fewer observations (0) made than vector observation size (7). The observations will be padded.
Fewer observations (0) made than vector observation size (7). The observations will be padded.
Fewer observations (0) made than vector observation size (7). The observations will be padded.
Fewer observations (0) made than vector observation size (7). The observations will be padded.
Fewer observations (0) made than vector observation size (7). The observations will be padded.
Fewer observations (0) made than vector observation size (7). The observations will be padded.
Fewer observations (0) made than vector observation size (7). The observations will be padded.
Fewer observations (0) made than vector observation size (7). The observations will be padded.
Fewer observations (0) made than vector observation size (7). The observations will be padded.
Fewer observations (0) made than vector observation size (7). The observations will be padded.
生成了一個物件
Fewer observations (0) made than vector observation size (7). The observations will be padded.
Fewer observations (0) made than vector observation size (7). The observations will be padded.
Player died!
Fewer observations (0) made than vector observation size (7). The observations will be padded.
Unloading 3 Unused Serialized files (Serialized files now loaded: 0)
UnloadTime: 3.883200 ms
Unloading 1 unused Assets to reduce memory usage. Loaded Objects now: 2872.
Total: 0.906500 ms (FindLiveObjects: 0.088600 ms CreateObjectMapping: 0.033200 ms MarkObjects: 0.776900 ms  DeleteObjects: 0.007600 ms)

[LoadMap] Using main map source: D:\Unity\ML-agent\Map\Decode.txt
[LoadFinishMap] Using finish map source: D:\Unity\ML-agent\Map\finishmap.txt
[LoadFinishMap] Finish size = 15 x 15, new rightX = 215
[LoadMap] Done. Main size = 200 x 15, rightX = 215
Fewer observations (0) made than vector observation size (7). The observations will be padded.
Fewer observations (0) made than vector observation size (7). The observations will be padded.
FrontWall hit: ground 1(Clone) normalX=1
Fewer observations (0) made than vector observation size (7). The observations will be padded.
Fewer observations (0) made than vector observation size (7). The observations will be padded.
Fewer observations (0) made than vector observation size (7). The observations will be padded.
Fewer observations (0) made than vector observation size (7). The observations will be padded.
Fewer observations (0) made than vector observation size (7). The observations will be padded.
Fewer observations (0) made than vector observation size (7). The observations will be padded.
Fewer observations (0) made than vector observation size (7). The observations will be padded.
Fewer observations (0) made than vector observation size (7). The observations will be padded.
Fewer observations (0) made than vector observation size (7). The observations will be padded.
Fewer observations (0) made than vector observation size (7). The observations will be padded.
Fewer observations (0) made than vector observation size (7). The observations will be padded.
Fewer observations (0) made than vector observation size (7). The observations will be padded.
Fewer observations (0) made than vector observation size (7). The observations will be padded.
Fewer observations (0) made than vector observation size (7). The observations will be padded.
Fewer observations (0) made than vector observation size (7). The observations will be padded.
Fewer observations (0) made than vector observation size (7). The observations will be padded.
Fewer observations (0) made than vector observation size (7). The observations will be padded.
Fewer observations (0) made than vector observation size (7). The observations will be padded.
Fewer observations (0) made than vector observation size (7). The observations will be padded.
Fewer observations (0) made than vector observation size (7). The observations will be padded.
Fewer observations (0) made than vector observation size (7). The observations will be padded.
Fewer observations (0) made than vector observation size (7). The observations will be padded.
Fewer observations (0) made than vector observation size (7). The observations will be padded.
生成了一個物件
Fewer observations (0) made than vector observation size (7). The observations will be padded.
Fewer observations (0) made than vector observation size (7). The observations will be padded.
Fewer observations (0) made than vector observation size (7). The observations will be padded.
Fewer observations (0) made than vector observation size (7). The observations will be padded.
Fewer observations (0) made than vector observation size (7). The observations will be padded.
Fewer observations (0) made than vector observation size (7). The observations will be padded.
Fewer observations (0) made than vector observation size (7). The observations will be padded.
Fewer observations (0) made than vector observation size (7). The observations will be padded.
Fewer observations (0) made than vector observation size (7). The observations will be padded.
FrontWall hit: ground 1(Clone) normalX=1
FrontWall hit: ground 1(Clone) normalX=1
FrontWall hit: ground 1(Clone) normalX=1
Fewer observations (0) made than vector observation size (7). The observations will be padded.
Fewer observations (0) made than vector observation size (7). The observations will be padded.
Fewer observations (0) made than vector observation size (7). The observations will be padded.
Fewer observations (0) made than vector observation size (7). The observations will be padded.
Fewer observations (0) made than vector observation size (7). The observations will be padded.
Fewer observations (0) made than vector observation size (7). The observations will be padded.
Fewer observations (0) made than vector observation size (7). The observations will be padded.
生成了一個物件
Fewer observations (0) made than vector observation size (7). The observations will be padded.
Fewer observations (0) made than vector observation size (7). The observations will be padded.
Fewer observations (0) made than vector observation size (7). The observations will be padded.
Fewer observations (0) made than vector observation size (7). The observations will be padded.
Fewer observations (0) made than vector observation size (7). The observations will be padded.
Fewer observations (0) made than vector observation size (7). The observations will be padded.
Fewer observations (0) made than vector observation size (7). The observations will be padded.
Fewer observations (0) made than vector observation size (7). The observations will be padded.
Fewer observations (0) made than vector observation size (7). The observations will be padded.
Fewer observations (0) made than vector observation size (7). The observations will be padded.
Fewer observations (0) made than vector observation size (7). The observations will be padded.
Fewer observations (0) made than vector observation size (7). The observations will be padded.
Fewer observations (0) made than vector observation size (7). The observations will be padded.
Fewer observations (0) made than vector observation size (7). The observations will be padded.
FrontWall hit: ground 1(Clone) normalX=1
FrontWall hit: ground 1(Clone) normalX=1
FrontWall hit: ground 1(Clone) normalX=1
Fewer observations (0) made than vector observation size (7). The observations will be padded.
FrontWall hit: ground 1(Clone) normalX=1
FrontWall hit: ground 1(Clone) normalX=1
FrontWall hit: ground 1(Clone) normalX=1
Fewer observations (0) made than vector observation size (7). The observations will be padded.
Fewer observations (0) made than vector observation size (7). The observations will be padded.
生成了一個物件
Fewer observations (0) made than vector observation size (7). The observations will be padded.
Fewer observations (0) made than vector observation size (7). The observations will be padded.
Fewer observations (0) made than vector observation size (7). The observations will be padded.
Player died!
Fewer observations (0) made than vector observation size (7). The observations will be padded.
Player died!
Unloading 3 Unused Serialized files (Serialized files now loaded: 0)
UnloadTime: 3.935100 ms
Unloading 1 unused Assets to reduce memory usage. Loaded Objects now: 2872.
Total: 0.837200 ms (FindLiveObjects: 0.083600 ms CreateObjectMapping: 0.032000 ms MarkObjects: 0.714900 ms  DeleteObjects: 0.006700 ms)

Unloading 3 Unused Serialized files (Serialized files now loaded: 0)
Fewer observations (0) made than vector observation size (7). The observations will be padded.
UnloadTime: 0.504200 ms
Unloading 1 unused Assets to reduce memory usage. Loaded Objects now: 2872.
Total: 0.876800 ms (FindLiveObjects: 0.080700 ms CreateObjectMapping: 0.030900 ms MarkObjects: 0.756300 ms  DeleteObjects: 0.008700 ms)

[LoadMap] Using main map source: D:\Unity\ML-agent\Map\Decode.txt
[LoadFinishMap] Using finish map source: D:\Unity\ML-agent\Map\finishmap.txt
[LoadFinishMap] Finish size = 15 x 15, new rightX = 215
[LoadMap] Done. Main size = 200 x 15, rightX = 215
Fewer observations (0) made than vector observation size (7). The observations will be padded.
FrontWall hit: ground 1(Clone) normalX=1
FrontWall hit: ground 1(Clone) normalX=1
FrontWall hit: ground 1(Clone) normalX=1
Fewer observations (0) made than vector observation size (7). The observations will be padded.
FrontWall hit: ground 1(Clone) normalX=1
FrontWall hit: ground 1(Clone) normalX=1
FrontWall hit: ground 1(Clone) normalX=1
Fewer observations (0) made than vector observation size (7). The observations will be padded.
Fewer observations (0) made than vector observation size (7). The observations will be padded.
FrontWall hit: ground 1(Clone) normalX=1
FrontWall hit: ground 1(Clone) normalX=1
FrontWall hit: ground 1(Clone) normalX=1
Fewer observations (0) made than vector observation size (7). The observations will be padded.
Fewer observations (0) made than vector observation size (7). The observations will be padded.
Fewer observations (0) made than vector observation size (7). The observations will be padded.
Fewer observations (0) made than vector observation size (7). The observations will be padded.
Fewer observations (0) made than vector observation size (7). The observations will be padded.
Fewer observations (0) made than vector observation size (7). The observations will be padded.
Fewer observations (0) made than vector observation size (7). The observations will be padded.
Fewer observations (0) made than vector observation size (7). The observations will be padded.
Fewer observations (0) made than vector observation size (7). The observations will be padded.
生成了一個物件
Fewer observations (0) made than vector observation size (7). The observations will be padded.
Fewer observations (0) made than vector observation size (7). The observations will be padded.
FrontWall hit: ground 1(Clone) normalX=1
FrontWall hit: ground 1(Clone) normalX=1
FrontWall hit: ground 1(Clone) normalX=1
Fewer observations (0) made than vector observation size (7). The observations will be padded.
Fewer observations (0) made than vector observation size (7). The observations will be padded.
Fewer observations (0) made than vector observation size (7). The observations will be padded.
Fewer observations (0) made than vector observation size (7). The observations will be padded.
FrontWall hit: ground 1(Clone) normalX=1
FrontWall hit: ground 1(Clone) normalX=1
FrontWall hit: ground 1(Clone) normalX=1
Fewer observations (0) made than vector observation size (7). The observations will be padded.
Fewer observations (0) made than vector observation size (7). The observations will be padded.
Fewer observations (0) made than vector observation size (7). The observations will be padded.
Fewer observations (0) made than vector observation size (7). The observations will be padded.
FrontWall hit: ground 1(Clone) normalX=1
FrontWall hit: ground 1(Clone) normalX=1
FrontWall hit: ground 1(Clone) normalX=1
Fewer observations (0) made than vector observation size (7). The observations will be padded.
Fewer observations (0) made than vector observation size (7). The observations will be padded.
Fewer observations (0) made than vector observation size (7). The observations will be padded.
Fewer observations (0) made than vector observation size (7). The observations will be padded.
Fewer observations (0) made than vector observation size (7). The observations will be padded.
Fewer observations (0) made than vector observation size (7). The observations will be padded.
Fewer observations (0) made than vector observation size (7). The observations will be padded.
生成了一個物件
Fewer observations (0) made than vector observation size (7). The observations will be padded.
Fewer observations (0) made than vector observation size (7). The observations will be padded.
FrontWall hit: ground 1(Clone) normalX=1
FrontWall hit: ground 1(Clone) normalX=1
Fewer observations (0) made than vector observation size (7). The observations will be padded.
Fewer observations (0) made than vector observation size (7). The observations will be padded.
Fewer observations (0) made than vector observation size (7). The observations will be padded.
Fewer observations (0) made than vector observation size (7). The observations will be padded.
Fewer observations (0) made than vector observation size (7). The observations will be padded.
Fewer observations (0) made than vector observation size (7). The observations will be padded.
Fewer observations (0) made than vector observation size (7). The observations will be padded.
Fewer observations (0) made than vector observation size (7). The observations will be padded.
Fewer observations (0) made than vector observation size (7). The observations will be padded.
Fewer observations (0) made than vector observation size (7). The observations will be padded.
Fewer observations (0) made than vector observation size (7). The observations will be padded.
Fewer observations (0) made than vector observation size (7). The observations will be padded.
Fewer observations (0) made than vector observation size (7). The observations will be padded.
Fewer observations (0) made than vector observation size (7). The observations will be padded.
Fewer observations (0) made than vector observation size (7). The observations will be padded.
生成了一個物件
Fewer observations (0) made than vector observation size (7). The observations will be padded.
Fewer observations (0) made than vector observation size (7). The observations will be padded.
Fewer observations (0) made than vector observation size (7). The observations will be padded.
Player died!
Fewer observations (0) made than vector observation size (7). The observations will be padded.
Player died!
Fewer observations (0) made than vector observation size (7). The observations will be padded.
FrontWall hit: ground 1(Clone) normalX=-1
Unloading 3 Unused Serialized files (Serialized files now loaded: 0)
Fewer observations (0) made than vector observation size (7). The observations will be padded.
UnloadTime: 3.867500 ms
Unloading 1 unused Assets to reduce memory usage. Loaded Objects now: 2872.
Total: 1.014300 ms (FindLiveObjects: 0.083100 ms CreateObjectMapping: 0.033000 ms MarkObjects: 0.887900 ms  DeleteObjects: 0.010100 ms)

Unloading 3 Unused Serialized files (Serialized files now loaded: 0)
Fewer observations (0) made than vector observation size (7). The observations will be padded.
UnloadTime: 0.520300 ms
Unloading 1 unused Assets to reduce memory usage. Loaded Objects now: 2872.
Total: 0.927700 ms (FindLiveObjects: 0.099800 ms CreateObjectMapping: 0.039800 ms MarkObjects: 0.779900 ms  DeleteObjects: 0.008000 ms)

[LoadMap] Using main map source: D:\Unity\ML-agent\Map\Decode.txt
[LoadFinishMap] Using finish map source: D:\Unity\ML-agent\Map\finishmap.txt
[LoadFinishMap] Finish size = 15 x 15, new rightX = 215
[LoadMap] Done. Main size = 200 x 15, rightX = 215
Fewer observations (0) made than vector observation size (7). The observations will be padded.
FrontWall hit: ground 1(Clone) normalX=1
FrontWall hit: ground 1(Clone) normalX=1
FrontWall hit: ground 1(Clone) normalX=1
Fewer observations (0) made than vector observation size (7). The observations will be padded.
Fewer observations (0) made than vector observation size (7). The observations will be padded.
Fewer observations (0) made than vector observation size (7). The observations will be padded.
FrontWall hit: ground 1(Clone) normalX=1
FrontWall hit: ground 1(Clone) normalX=1
FrontWall hit: ground 1(Clone) normalX=1
Fewer observations (0) made than vector observation size (7). The observations will be padded.
Fewer observations (0) made than vector observation size (7). The observations will be padded.
Fewer observations (0) made than vector observation size (7). The observations will be padded.
Fewer observations (0) made than vector observation size (7). The observations will be padded.
FrontWall hit: ground 1(Clone) normalX=1
FrontWall hit: ground 1(Clone) normalX=1
FrontWall hit: ground 1(Clone) normalX=1
Fewer observations (0) made than vector observation size (7). The observations will be padded.
FrontWall hit: ground 1(Clone) normalX=1
FrontWall hit: ground 1(Clone) normalX=1
FrontWall hit: ground 1(Clone) normalX=1
Fewer observations (0) made than vector observation size (7). The observations will be padded.
Fewer observations (0) made than vector observation size (7). The observations will be padded.
Fewer observations (0) made than vector observation size (7). The observations will be padded.
Fewer observations (0) made than vector observation size (7). The observations will be padded.
Fewer observations (0) made than vector observation size (7). The observations will be padded.
Fewer observations (0) made than vector observation size (7). The observations will be padded.
Fewer observations (0) made than vector observation size (7). The observations will be padded.
生成了一個物件
Fewer observations (0) made than vector observation size (7). The observations will be padded.
Fewer observations (0) made than vector observation size (7). The observations will be padded.
Fewer observations (0) made than vector observation size (7). The observations will be padded.
Fewer observations (0) made than vector observation size (7). The observations will be padded.
Fewer observations (0) made than vector observation size (7). The observations will be padded.
Fewer observations (0) made than vector observation size (7). The observations will be padded.
Fewer observations (0) made than vector observation size (7). The observations will be padded.
Fewer observations (0) made than vector observation size (7). The observations will be padded.
Fewer observations (0) made than vector observation size (7). The observations will be padded.
FrontWall hit: ground 1(Clone) normalX=1
FrontWall hit: ground 1(Clone) normalX=1
FrontWall hit: ground 1(Clone) normalX=1
Fewer observations (0) made than vector observation size (7). The observations will be padded.
FrontWall hit: ground 1(Clone) normalX=1
FrontWall hit: ground 1(Clone) normalX=1
FrontWall hit: ground 1(Clone) normalX=1
Fewer observations (0) made than vector observation size (7). The observations will be padded.
FrontWall hit: ground 1(Clone) normalX=1
FrontWall hit: ground 1(Clone) normalX=1
FrontWall hit: ground 1(Clone) normalX=1
Fewer observations (0) made than vector observation size (7). The observations will be padded.
Fewer observations (0) made than vector observation size (7). The observations will be padded.
Fewer observations (0) made than vector observation size (7). The observations will be padded.
Fewer observations (0) made than vector observation size (7). The observations will be padded.
Fewer observations (0) made than vector observation size (7). The observations will be padded.
Fewer observations (0) made than vector observation size (7). The observations will be padded.
生成了一個物件
Fewer observations (0) made than vector observation size (7). The observations will be padded.
Fewer observations (0) made than vector observation size (7). The observations will be padded.
Fewer observations (0) made than vector observation size (7). The observations will be padded.
Fewer observations (0) made than vector observation size (7). The observations will be padded.
Fewer observations (0) made than vector observation size (7). The observations will be padded.
Fewer observations (0) made than vector observation size (7). The observations will be padded.
Fewer observations (0) made than vector observation size (7). The observations will be padded.
FrontWall hit: ground 1(Clone) normalX=1
FrontWall hit: ground 1(Clone) normalX=1
FrontWall hit: ground 1(Clone) normalX=1
Fewer observations (0) made than vector observation size (7). The observations will be padded.
Fewer observations (0) made than vector observation size (7). The observations will be padded.
Fewer observations (0) made than vector observation size (7). The observations will be padded.
Fewer observations (0) made than vector observation size (7). The observations will be padded.
Fewer observations (0) made than vector observation size (7). The observations will be padded.
Fewer observations (0) made than vector observation size (7). The observations will be padded.
Fewer observations (0) made than vector observation size (7). The observations will be padded.
Fewer observations (0) made than vector observation size (7). The observations will be padded.
Fewer observations (0) made than vector observation size (7). The observations will be padded.
生成了一個物件
Fewer observations (0) made than vector observation size (7). The observations will be padded.
Fewer observations (0) made than vector observation size (7). The observations will be padded.
Fewer observations (0) made than vector observation size (7). The observations will be padded.
Fewer observations (0) made than vector observation size (7). The observations will be padded.
Player died!
Fewer observations (0) made than vector observation size (7). The observations will be padded.
Player died!
Unloading 3 Unused Serialized files (Serialized files now loaded: 0)
UnloadTime: 3.823000 ms
Unloading 1 unused Assets to reduce memory usage. Loaded Objects now: 2872.
Total: 1.067100 ms (FindLiveObjects: 0.084000 ms CreateObjectMapping: 0.040400 ms MarkObjects: 0.934100 ms  DeleteObjects: 0.008500 ms)

Unloading 3 Unused Serialized files (Serialized files now loaded: 0)
Fewer observations (0) made than vector observation size (7). The observations will be padded.
UnloadTime: 0.556900 ms
Unloading 1 unused Assets to reduce memory usage. Loaded Objects now: 2872.
Total: 0.847800 ms (FindLiveObjects: 0.084000 ms CreateObjectMapping: 0.033700 ms MarkObjects: 0.720900 ms  DeleteObjects: 0.009000 ms)

[LoadMap] Using main map source: D:\Unity\ML-agent\Map\Decode.txt
[LoadFinishMap] Using finish map source: D:\Unity\ML-agent\Map\finishmap.txt
[LoadFinishMap] Finish size = 15 x 15, new rightX = 215
[LoadMap] Done. Main size = 200 x 15, rightX = 215
Fewer observations (0) made than vector observation size (7). The observations will be padded.
FrontWall hit: ground 1(Clone) normalX=1
FrontWall hit: ground 1(Clone) normalX=1
FrontWall hit: ground 1(Clone) normalX=1
Fewer observations (0) made than vector observation size (7). The observations will be padded.
Fewer observations (0) made than vector observation size (7). The observations will be padded.
FrontWall hit: ground 1(Clone) normalX=1
FrontWall hit: ground 1(Clone) normalX=1
FrontWall hit: ground 1(Clone) normalX=1
Fewer observations (0) made than vector observation size (7). The observations will be padded.
FrontWall hit: ground 1(Clone) normalX=1
FrontWall hit: ground 1(Clone) normalX=1
FrontWall hit: ground 1(Clone) normalX=1
Fewer observations (0) made than vector observation size (7). The observations will be padded.
Fewer observations (0) made than vector observation size (7). The observations will be padded.
Fewer observations (0) made than vector observation size (7). The observations will be padded.
Fewer observations (0) made than vector observation size (7). The observations will be padded.
Fewer observations (0) made than vector observation size (7). The observations will be padded.
Fewer observations (0) made than vector observation size (7). The observations will be padded.
Fewer observations (0) made than vector observation size (7). The observations will be padded.
FrontWall hit: ground 1(Clone) normalX=1
FrontWall hit: ground 1(Clone) normalX=1
FrontWall hit: ground 1(Clone) normalX=1
Fewer observations (0) made than vector observation size (7). The observations will be padded.
FrontWall hit: ground 1(Clone) normalX=1
FrontWall hit: ground 1(Clone) normalX=1
FrontWall hit: ground 1(Clone) normalX=1
Fewer observations (0) made than vector observation size (7). The observations will be padded.
Fewer observations (0) made than vector observation size (7). The observations will be padded.
Fewer observations (0) made than vector observation size (7). The observations will be padded.
Fewer observations (0) made than vector observation size (7). The observations will be padded.
FrontWall hit: ground 1(Clone) normalX=1
FrontWall hit: ground 1(Clone) normalX=1
生成了一個物件
FrontWall hit: ground 1(Clone) normalX=1
Fewer observations (0) made than vector observation size (7). The observations will be padded.
FrontWall hit: ground 1(Clone) normalX=1
FrontWall hit: ground 1(Clone) normalX=1
FrontWall hit: ground 1(Clone) normalX=1
Fewer observations (0) made than vector observation size (7). The observations will be padded.
FrontWall hit: ground 1(Clone) normalX=1
FrontWall hit: ground 1(Clone) normalX=1
FrontWall hit: ground 1(Clone) normalX=1
Fewer observations (0) made than vector observation size (7). The observations will be padded.
Fewer observations (0) made than vector observation size (7). The observations will be padded.
Fewer observations (0) made than vector observation size (7). The observations will be padded.
Fewer observations (0) made than vector observation size (7). The observations will be padded.
Fewer observations (0) made than vector observation size (7). The observations will be padded.
FrontWall hit: ground 1(Clone) normalX=1
FrontWall hit: ground 1(Clone) normalX=1
FrontWall hit: ground 1(Clone) normalX=1
Fewer observations (0) made than vector observation size (7). The observations will be padded.
Fewer observations (0) made than vector observation size (7). The observations will be padded.
Fewer observations (0) made than vector observation size (7). The observations will be padded.
Fewer observations (0) made than vector observation size (7). The observations will be padded.
Fewer observations (0) made than vector observation size (7). The observations will be padded.
FrontWall hit: ground 1(Clone) normalX=1
FrontWall hit: ground 1(Clone) normalX=1
FrontWall hit: ground 1(Clone) normalX=1
Fewer observations (0) made than vector observation size (7). The observations will be padded.
Fewer observations (0) made than vector observation size (7). The observations will be padded.
Fewer observations (0) made than vector observation size (7). The observations will be padded.
Fewer observations (0) made than vector observation size (7). The observations will be padded.
Fewer observations (0) made than vector observation size (7). The observations will be padded.
生成了一個物件
Fewer observations (0) made than vector observation size (7). The observations will be padded.
Fewer observations (0) made than vector observation size (7). The observations will be padded.
Fewer observations (0) made than vector observation size (7). The observations will be padded.
Fewer observations (0) made than vector observation size (7). The observations will be padded.
Fewer observations (0) made than vector observation size (7). The observations will be padded.
Fewer observations (0) made than vector observation size (7). The observations will be padded.
Fewer observations (0) made than vector observation size (7). The observations will be padded.
Fewer observations (0) made than vector observation size (7). The observations will be padded.
Fewer observations (0) made than vector observation size (7). The observations will be padded.
Fewer observations (0) made than vector observation size (7). The observations will be padded.
Fewer observations (0) made than vector observation size (7). The observations will be padded.
Fewer observations (0) made than vector observation size (7). The observations will be padded.
Fewer observations (0) made than vector observation size (7). The observations will be padded.
Fewer observations (0) made than vector observation size (7). The observations will be padded.
Fewer observations (0) made than vector observation size (7). The observations will be padded.
Fewer observations (0) made than vector observation size (7). The observations will be padded.
生成了一個物件
Fewer observations (0) made than vector observation size (7). The observations will be padded.
Fewer observations (0) made than vector observation size (7). The observations will be padded.
Fewer observations (0) made than vector observation size (7). The observations will be padded.
Fewer observations (0) made than vector observation size (7). The observations will be padded.
Fewer observations (0) made than vector observation size (7). The observations will be padded.
Fewer observations (0) made than vector observation size (7). The observations will be padded.
Fewer observations (0) made than vector observation size (7). The observations will be padded.
Fewer observations (0) made than vector observation size (7). The observations will be padded.
Fewer observations (0) made than vector observation size (7). The observations will be padded.
Fewer observations (0) made than vector observation size (7). The observations will be padded.
Fewer observations (0) made than vector observation size (7). The observations will be padded.
Fewer observations (0) made than vector observation size (7). The observations will be padded.
Fewer observations (0) made than vector observation size (7). The observations will be padded.
Fewer observations (0) made than vector observation size (7). The observations will be padded.
Fewer observations (0) made than vector observation size (7). The observations will be padded.
Fewer observations (0) made than vector observation size (7). The observations will be padded.
Fewer observations (0) made than vector observation size (7). The observations will be padded.
生成了一個物件
Player died!
Fewer observations (0) made than vector observation size (7). The observations will be padded.
Player died!
Fewer observations (0) made than vector observation size (7). The observations will be padded.
Unloading 3 Unused Serialized files (Serialized files now loaded: 0)
Fewer observations (0) made than vector observation size (7). The observations will be padded.
UnloadTime: 6.156100 ms
Unloading 1 unused Assets to reduce memory usage. Loaded Objects now: 2872.
Total: 1.081400 ms (FindLiveObjects: 0.082000 ms CreateObjectMapping: 0.032500 ms MarkObjects: 0.960000 ms  DeleteObjects: 0.006700 ms)

Unloading 3 Unused Serialized files (Serialized files now loaded: 0)
Fewer observations (0) made than vector observation size (7). The observations will be padded.
UnloadTime: 0.458500 ms
Unloading 1 unused Assets to reduce memory usage. Loaded Objects now: 2872.
Total: 0.754200 ms (FindLiveObjects: 0.074000 ms CreateObjectMapping: 0.030000 ms MarkObjects: 0.643800 ms  DeleteObjects: 0.006100 ms)

[LoadMap] Using main map source: D:\Unity\ML-agent\Map\Decode.txt
[LoadFinishMap] Using finish map source: D:\Unity\ML-agent\Map\finishmap.txt
[LoadFinishMap] Finish size = 15 x 15, new rightX = 215
[LoadMap] Done. Main size = 200 x 15, rightX = 215
Fewer observations (0) made than vector observation size (7). The observations will be padded.
FrontWall hit: ground 1(Clone) normalX=1
FrontWall hit: ground 1(Clone) normalX=1
FrontWall hit: ground 1(Clone) normalX=1
Fewer observations (0) made than vector observation size (7). The observations will be padded.
FrontWall hit: ground 1(Clone) normalX=1
FrontWall hit: ground 1(Clone) normalX=1
FrontWall hit: ground 1(Clone) normalX=1
Fewer observations (0) made than vector observation size (7). The observations will be padded.
FrontWall hit: ground 1(Clone) normalX=1
FrontWall hit: ground 1(Clone) normalX=1
FrontWall hit: ground 1(Clone) normalX=1
Fewer observations (0) made than vector observation size (7). The observations will be padded.
FrontWall hit: ground 1(Clone) normalX=1
FrontWall hit: ground 1(Clone) normalX=1
FrontWall hit: ground 1(Clone) normalX=1
Fewer observations (0) made than vector observation size (7). The observations will be padded.
FrontWall hit: ground 1(Clone) normalX=1
FrontWall hit: ground 1(Clone) normalX=1
FrontWall hit: ground 1(Clone) normalX=1
Fewer observations (0) made than vector observation size (7). The observations will be padded.
Fewer observations (0) made than vector observation size (7). The observations will be padded.
Fewer observations (0) made than vector observation size (7). The observations will be padded.
Fewer observations (0) made than vector observation size (7). The observations will be padded.
Fewer observations (0) made than vector observation size (7). The observations will be padded.
Fewer observations (0) made than vector observation size (7). The observations will be padded.
FrontWall hit: ground 1(Clone) normalX=1
FrontWall hit: ground 1(Clone) normalX=1
FrontWall hit: ground 1(Clone) normalX=1
Fewer observations (0) made than vector observation size (7). The observations will be padded.
Fewer observations (0) made than vector observation size (7). The observations will be padded.
Fewer observations (0) made than vector observation size (7). The observations will be padded.
FrontWall hit: ground 1(Clone) normalX=1
FrontWall hit: ground 1(Clone) normalX=1
FrontWall hit: ground 1(Clone) normalX=1
Fewer observations (0) made than vector observation size (7). The observations will be padded.
FrontWall hit: ground 1(Clone) normalX=1
FrontWall hit: ground 1(Clone) normalX=1
FrontWall hit: ground 1(Clone) normalX=1
Fewer observations (0) made than vector observation size (7). The observations will be padded.
FrontWall hit: ground 1(Clone) normalX=1
FrontWall hit: ground 1(Clone) normalX=1
FrontWall hit: ground 1(Clone) normalX=1
Fewer observations (0) made than vector observation size (7). The observations will be padded.
FrontWall hit: ground 1(Clone) normalX=1
FrontWall hit: ground 1(Clone) normalX=1
FrontWall hit: ground 1(Clone) normalX=1
Fewer observations (0) made than vector observation size (7). The observations will be padded.
Fewer observations (0) made than vector observation size (7). The observations will be padded.
Fewer observations (0) made than vector observation size (7). The observations will be padded.
Fewer observations (0) made than vector observation size (7). The observations will be padded.
生成了一個物件
Fewer observations (0) made than vector observation size (7). The observations will be padded.
Fewer observations (0) made than vector observation size (7). The observations will be padded.
Fewer observations (0) made than vector observation size (7). The observations will be padded.
Fewer observations (0) made than vector observation size (7). The observations will be padded.
Fewer observations (0) made than vector observation size (7). The observations will be padded.
Fewer observations (0) made than vector observation size (7). The observations will be padded.
Fewer observations (0) made than vector observation size (7). The observations will be padded.
Fewer observations (0) made than vector observation size (7). The observations will be padded.
Fewer observations (0) made than vector observation size (7). The observations will be padded.
Fewer observations (0) made than vector observation size (7). The observations will be padded.
Fewer observations (0) made than vector observation size (7). The observations will be padded.
Fewer observations (0) made than vector observation size (7). The observations will be padded.
Fewer observations (0) made than vector observation size (7). The observations will be padded.
Fewer observations (0) made than vector observation size (7). The observations will be padded.
Fewer observations (0) made than vector observation size (7). The observations will be padded.
Fewer observations (0) made than vector observation size (7). The observations will be padded.
Fewer observations (0) made than vector observation size (7). The observations will be padded.
生成了一個物件
Fewer observations (0) made than vector observation size (7). The observations will be padded.
Fewer observations (0) made than vector observation size (7). The observations will be padded.
Fewer observations (0) made than vector observation size (7). The observations will be padded.
Fewer observations (0) made than vector observation size (7). The observations will be padded.
Fewer observations (0) made than vector observation size (7). The observations will be padded.
Fewer observations (0) made than vector observation size (7). The observations will be padded.
Fewer observations (0) made than vector observation size (7). The observations will be padded.
Fewer observations (0) made than vector observation size (7). The observations will be padded.
Fewer observations (0) made than vector observation size (7). The observations will be padded.
Fewer observations (0) made than vector observation size (7). The observations will be padded.
Fewer observations (0) made than vector observation size (7). The observations will be padded.
Fewer observations (0) made than vector observation size (7). The observations will be padded.
Fewer observations (0) made than vector observation size (7). The observations will be padded.
Fewer observations (0) made than vector observation size (7). The observations will be padded.
Fewer observations (0) made than vector observation size (7). The observations will be padded.
Fewer observations (0) made than vector observation size (7). The observations will be padded.
生成了一個物件
Fewer observations (0) made than vector observation size (7). The observations will be padded.
Fewer observations (0) made than vector observation size (7). The observations will be padded.
Fewer observations (0) made than vector observation size (7). The observations will be padded.
Fewer observations (0) made than vector observation size (7). The observations will be padded.
Fewer observations (0) made than vector observation size (7). The observations will be padded.
Fewer observations (0) made than vector observation size (7). The observations will be padded.
Fewer observations (0) made than vector observation size (7). The observations will be padded.
Fewer observations (0) made than vector observation size (7). The observations will be padded.
Fewer observations (0) made than vector observation size (7). The observations will be padded.
Fewer observations (0) made than vector observation size (7). The observations will be padded.
Fewer observations (0) made than vector observation size (7). The observations will be padded.
Fewer observations (0) made than vector observation size (7). The observations will be padded.
Fewer observations (0) made than vector observation size (7). The observations will be padded.
Fewer observations (0) made than vector observation size (7). The observations will be padded.
Fewer observations (0) made than vector observation size (7). The observations will be padded.
Fewer observations (0) made than vector observation size (7). The observations will be padded.
Fewer observations (0) made than vector observation size (7). The observations will be padded.
生成了一個物件
Fewer observations (0) made than vector observation size (7). The observations will be padded.
Fewer observations (0) made than vector observation size (7). The observations will be padded.
Fewer observations (0) made than vector observation size (7). The observations will be padded.
Fewer observations (0) made than vector observation size (7). The observations will be padded.
Fewer observations (0) made than vector observation size (7). The observations will be padded.
Fewer observations (0) made than vector observation size (7). The observations will be padded.
Fewer observations (0) made than vector observation size (7). The observations will be padded.
Fewer observations (0) made than vector observation size (7). The observations will be padded.
Fewer observations (0) made than vector observation size (7). The observations will be padded.
Fewer observations (0) made than vector observation size (7). The observations will be padded.
Fewer observations (0) made than vector observation size (7). The observations will be padded.
Fewer observations (0) made than vector observation size (7). The observations will be padded.
Fewer observations (0) made than vector observation size (7). The observations will be padded.
Fewer observations (0) made than vector observation size (7). The observations will be padded.
Fewer observations (0) made than vector observation size (7). The observations will be padded.
Fewer observations (0) made than vector observation size (7). The observations will be padded.
Fewer observations (0) made than vector observation size (7). The observations will be padded.
生成了一個物件
Fewer observations (0) made than vector observation size (7). The observations will be padded.
Fewer observations (0) made than vector observation size (7). The observations will be padded.
Fewer observations (0) made than vector observation size (7). The observations will be padded.
Fewer observations (0) made than vector observation size (7). The observations will be padded.
Fewer observations (0) made than vector observation size (7). The observations will be padded.
Fewer observations (0) made than vector observation size (7). The observations will be padded.
Fewer observations (0) made than vector observation size (7). The observations will be padded.
Fewer observations (0) made than vector observation size (7). The observations will be padded.
Fewer observations (0) made than vector observation size (7). The observations will be padded.
Fewer observations (0) made than vector observation size (7). The observations will be padded.
Fewer observations (0) made than vector observation size (7). The observations will be padded.
Fewer observations (0) made than vector observation size (7). The observations will be padded.
Fewer observations (0) made than vector observation size (7). The observations will be padded.
Fewer observations (0) made than vector observation size (7). The observations will be padded.
Fewer observations (0) made than vector observation size (7). The observations will be padded.
Fewer observations (0) made than vector observation size (7). The observations will be padded.
生成了一個物件
Fewer observations (0) made than vector observation size (7). The observations will be padded.
Fewer observations (0) made than vector observation size (7). The observations will be padded.
Fewer observations (0) made than vector observation size (7). The observations will be padded.
Fewer observations (0) made than vector observation size (7). The observations will be padded.
Fewer observations (0) made than vector observation size (7). The observations will be padded.
Fewer observations (0) made than vector observation size (7). The observations will be padded.
Fewer observations (0) made than vector observation size (7). The observations will be padded.
Fewer observations (0) made than vector observation size (7). The observations will be padded.
Fewer observations (0) made than vector observation size (7). The observations will be padded.
Fewer observations (0) made than vector observation size (7). The observations will be padded.
Fewer observations (0) made than vector observation size (7). The observations will be padded.
Fewer observations (0) made than vector observation size (7). The observations will be padded.
Fewer observations (0) made than vector observation size (7). The observations will be padded.
Fewer observations (0) made than vector observation size (7). The observations will be padded.
Fewer observations (0) made than vector observation size (7). The observations will be padded.
Fewer observations (0) made than vector observation size (7). The observations will be padded.
Fewer observations (0) made than vector observation size (7). The observations will be padded.
生成了一個物件
Fewer observations (0) made than vector observation size (7). The observations will be padded.
Fewer observations (0) made than vector observation size (7). The observations will be padded.
Fewer observations (0) made than vector observation size (7). The observations will be padded.
Fewer observations (0) made than vector observation size (7). The observations will be padded.
Fewer observations (0) made than vector observation size (7). The observations will be padded.
Fewer observations (0) made than vector observation size (7). The observations will be padded.
Fewer observations (0) made than vector observation size (7). The observations will be padded.
Fewer observations (0) made than vector observation size (7). The observations will be padded.
Fewer observations (0) made than vector observation size (7). The observations will be padded.
Fewer observations (0) made than vector observation size (7). The observations will be padded.
Fewer observations (0) made than vector observation size (7). The observations will be padded.
Fewer observations (0) made than vector observation size (7). The observations will be padded.
Fewer observations (0) made than vector observation size (7). The observations will be padded.
Fewer observations (0) made than vector observation size (7). The observations will be padded.
Fewer observations (0) made than vector observation size (7). The observations will be padded.
Fewer observations (0) made than vector observation size (7). The observations will be padded.
Fewer observations (0) made than vector observation size (7). The observations will be padded.
生成了一個物件
Fewer observations (0) made than vector observation size (7). The observations will be padded.
Fewer observations (0) made than vector observation size (7). The observations will be padded.
Fewer observations (0) made than vector observation size (7). The observations will be padded.
Fewer observations (0) made than vector observation size (7). The observations will be padded.
Fewer observations (0) made than vector observation size (7). The observations will be padded.
Fewer observations (0) made than vector observation size (7). The observations will be padded.
Fewer observations (0) made than vector observation size (7). The observations will be padded.
Fewer observations (0) made than vector observation size (7). The observations will be padded.
Fewer observations (0) made than vector observation size (7). The observations will be padded.
Fewer observations (0) made than vector observation size (7). The observations will be padded.
Fewer observations (0) made than vector observation size (7). The observations will be padded.
Fewer observations (0) made than vector observation size (7). The observations will be padded.
Fewer observations (0) made than vector observation size (7). The observations will be padded.
Fewer observations (0) made than vector observation size (7). The observations will be padded.
Fewer observations (0) made than vector observation size (7). The observations will be padded.
Fewer observations (0) made than vector observation size (7). The observations will be padded.
生成了一個物件
Fewer observations (0) made than vector observation size (7). The observations will be padded.
Fewer observations (0) made than vector observation size (7). The observations will be padded.
Fewer observations (0) made than vector observation size (7). The observations will be padded.
Fewer observations (0) made than vector observation size (7). The observations will be padded.
Fewer observations (0) made than vector observation size (7). The observations will be padded.
Fewer observations (0) made than vector observation size (7). The observations will be padded.
Fewer observations (0) made than vector observation size (7). The observations will be padded.
Fewer observations (0) made than vector observation size (7). The observations will be padded.
Fewer observations (0) made than vector observation size (7). The observations will be padded.
Fewer observations (0) made than vector observation size (7). The observations will be padded.
Fewer observations (0) made than vector observation size (7). The observations will be padded.
Fewer observations (0) made than vector observation size (7). The observations will be padded.
Fewer observations (0) made than vector observation size (7). The observations will be padded.
Fewer observations (0) made than vector observation size (7). The observations will be padded.
Fewer observations (0) made than vector observation size (7). The observations will be padded.
Fewer observations (0) made than vector observation size (7). The observations will be padded.
Fewer observations (0) made than vector observation size (7). The observations will be padded.
生成了一個物件
Fewer observations (0) made than vector observation size (7). The observations will be padded.
Player died!
Fewer observations (0) made than vector observation size (7). The observations will be padded.
Player died!
Player died!
Fewer observations (0) made than vector observation size (7). The observations will be padded.
Unloading 3 Unused Serialized files (Serialized files now loaded: 0)
Fewer observations (0) made than vector observation size (7). The observations will be padded.
UnloadTime: 6.358400 ms
Unloading 1 unused Assets to reduce memory usage. Loaded Objects now: 2872.
Total: 1.135600 ms (FindLiveObjects: 0.083000 ms CreateObjectMapping: 0.032200 ms MarkObjects: 1.009700 ms  DeleteObjects: 0.010600 ms)

Unloading 3 Unused Serialized files (Serialized files now loaded: 0)
Fewer observations (0) made than vector observation size (7). The observations will be padded.
UnloadTime: 0.773600 ms
Unloading 1 unused Assets to reduce memory usage. Loaded Objects now: 2872.
Total: 0.843600 ms (FindLiveObjects: 0.080000 ms CreateObjectMapping: 0.029900 ms MarkObjects: 0.727000 ms  DeleteObjects: 0.006600 ms)

Unloading 3 Unused Serialized files (Serialized files now loaded: 0)
Fewer observations (0) made than vector observation size (7). The observations will be padded.
UnloadTime: 0.502100 ms
Unloading 1 unused Assets to reduce memory usage. Loaded Objects now: 2872.
Total: 0.771800 ms (FindLiveObjects: 0.074300 ms CreateObjectMapping: 0.028900 ms MarkObjects: 0.661100 ms  DeleteObjects: 0.007200 ms)

[LoadMap] Using main map source: D:\Unity\ML-agent\Map\Decode.txt
[LoadFinishMap] Using finish map source: D:\Unity\ML-agent\Map\finishmap.txt
[LoadFinishMap] Finish size = 15 x 15, new rightX = 215
[LoadMap] Done. Main size = 200 x 15, rightX = 215
Fewer observations (0) made than vector observation size (7). The observations will be padded.
Fewer observations (0) made than vector observation size (7). The observations will be padded.
Fewer observations (0) made than vector observation size (7). The observations will be padded.
Fewer observations (0) made than vector observation size (7). The observations will be padded.
Fewer observations (0) made than vector observation size (7). The observations will be padded.
Fewer observations (0) made than vector observation size (7). The observations will be padded.
Fewer observations (0) made than vector observation size (7). The observations will be padded.
Fewer observations (0) made than vector observation size (7). The observations will be padded.
生成了一個物件
Fewer observations (0) made than vector observation size (7). The observations will be padded.
Fewer observations (0) made than vector observation size (7). The observations will be padded.
Fewer observations (0) made than vector observation size (7). The observations will be padded.
Fewer observations (0) made than vector observation size (7). The observations will be padded.
Fewer observations (0) made than vector observation size (7). The observations will be padded.
Fewer observations (0) made than vector observation size (7). The observations will be padded.
Fewer observations (0) made than vector observation size (7). The observations will be padded.
Fewer observations (0) made than vector observation size (7). The observations will be padded.
Fewer observations (0) made than vector observation size (7). The observations will be padded.
Fewer observations (0) made than vector observation size (7). The observations will be padded.
Fewer observations (0) made than vector observation size (7). The observations will be padded.
Fewer observations (0) made than vector observation size (7). The observations will be padded.
Fewer observations (0) made than vector observation size (7). The observations will be padded.
Fewer observations (0) made than vector observation size (7). The observations will be padded.
Fewer observations (0) made than vector observation size (7). The observations will be padded.
Fewer observations (0) made than vector observation size (7). The observations will be padded.
Fewer observations (0) made than vector observation size (7). The observations will be padded.
生成了一個物件
Fewer observations (0) made than vector observation size (7). The observations will be padded.
Fewer observations (0) made than vector observation size (7). The observations will be padded.
Fewer observations (0) made than vector observation size (7). The observations will be padded.
Fewer observations (0) made than vector observation size (7). The observations will be padded.
Fewer observations (0) made than vector observation size (7). The observations will be padded.
Fewer observations (0) made than vector observation size (7). The observations will be padded.
Fewer observations (0) made than vector observation size (7). The observations will be padded.
Fewer observations (0) made than vector observation size (7). The observations will be padded.
Fewer observations (0) made than vector observation size (7). The observations will be padded.
Fewer observations (0) made than vector observation size (7). The observations will be padded.
Fewer observations (0) made than vector observation size (7). The observations will be padded.
Fewer observations (0) made than vector observation size (7). The observations will be padded.
Fewer observations (0) made than vector observation size (7). The observations will be padded.
Fewer observations (0) made than vector observation size (7). The observations will be padded.
Fewer observations (0) made than vector observation size (7). The observations will be padded.
Fewer observations (0) made than vector observation size (7). The observations will be padded.
Player died!
Fewer observations (0) made than vector observation size (7). The observations will be padded.
Player died!
FrontWall hit: ground 1(Clone) normalX=-1
生成了一個物件
Unloading 3 Unused Serialized files (Serialized files now loaded: 0)
UnloadTime: 4.400600 ms
Unloading 1 unused Assets to reduce memory usage. Loaded Objects now: 2872.
Total: 1.292100 ms (FindLiveObjects: 0.131000 ms CreateObjectMapping: 0.043000 ms MarkObjects: 1.107400 ms  DeleteObjects: 0.010500 ms)

Unloading 3 Unused Serialized files (Serialized files now loaded: 0)
Fewer observations (0) made than vector observation size (7). The observations will be padded.
UnloadTime: 0.512300 ms
Unloading 1 unused Assets to reduce memory usage. Loaded Objects now: 2872.
Total: 0.975700 ms (FindLiveObjects: 0.079500 ms CreateObjectMapping: 0.032800 ms MarkObjects: 0.855900 ms  DeleteObjects: 0.007400 ms)

[LoadMap] Using main map source: D:\Unity\ML-agent\Map\Decode.txt
[LoadFinishMap] Using finish map source: D:\Unity\ML-agent\Map\finishmap.txt
[LoadFinishMap] Finish size = 15 x 15, new rightX = 215
[LoadMap] Done. Main size = 200 x 15, rightX = 215
Fewer observations (0) made than vector observation size (7). The observations will be padded.
Fewer observations (0) made than vector observation size (7). The observations will be padded.
FrontWall hit: ground 1(Clone) normalX=1
FrontWall hit: ground 1(Clone) normalX=1
Fewer observations (0) made than vector observation size (7). The observations will be padded.
FrontWall hit: ground 1(Clone) normalX=1
FrontWall hit: ground 1(Clone) normalX=1
FrontWall hit: ground 1(Clone) normalX=1
Fewer observations (0) made than vector observation size (7). The observations will be padded.
Fewer observations (0) made than vector observation size (7). The observations will be padded.
Fewer observations (0) made than vector observation size (7). The observations will be padded.
Fewer observations (0) made than vector observation size (7). The observations will be padded.
Fewer observations (0) made than vector observation size (7). The observations will be padded.
Fewer observations (0) made than vector observation size (7). The observations will be padded.
Fewer observations (0) made than vector observation size (7). The observations will be padded.
Fewer observations (0) made than vector observation size (7). The observations will be padded.
生成了一個物件
Fewer observations (0) made than vector observation size (7). The observations will be padded.
Fewer observations (0) made than vector observation size (7). The observations will be padded.
Fewer observations (0) made than vector observation size (7). The observations will be padded.
FrontWall hit: ground 1(Clone) normalX=1
FrontWall hit: ground 1(Clone) normalX=1
FrontWall hit: ground 1(Clone) normalX=1
Fewer observations (0) made than vector observation size (7). The observations will be padded.
Fewer observations (0) made than vector observation size (7). The observations will be padded.
Fewer observations (0) made than vector observation size (7). The observations will be padded.
Fewer observations (0) made than vector observation size (7). The observations will be padded.
Fewer observations (0) made than vector observation size (7). The observations will be padded.
Fewer observations (0) made than vector observation size (7). The observations will be padded.
FrontWall hit: ground 1(Clone) normalX=1
FrontWall hit: ground 1(Clone) normalX=1
FrontWall hit: ground 1(Clone) normalX=1
Fewer observations (0) made than vector observation size (7). The observations will be padded.
FrontWall hit: ground 1(Clone) normalX=1
FrontWall hit: ground 1(Clone) normalX=1
FrontWall hit: ground 1(Clone) normalX=1
Fewer observations (0) made than vector observation size (7). The observations will be padded.
Fewer observations (0) made than vector observation size (7). The observations will be padded.
Fewer observations (0) made than vector observation size (7). The observations will be padded.
Fewer observations (0) made than vector observation size (7). The observations will be padded.
Fewer observations (0) made than vector observation size (7). The observations will be padded.
Fewer observations (0) made than vector observation size (7). The observations will be padded.
Fewer observations (0) made than vector observation size (7). The observations will be padded.
生成了一個物件
Fewer observations (0) made than vector observation size (7). The observations will be padded.
Fewer observations (0) made than vector observation size (7). The observations will be padded.
Fewer observations (0) made than vector observation size (7). The observations will be padded.
FrontWall hit: ground 1(Clone) normalX=1
FrontWall hit: ground 1(Clone) normalX=1
FrontWall hit: ground 1(Clone) normalX=1
Fewer observations (0) made than vector observation size (7). The observations will be padded.
FrontWall hit: ground 1(Clone) normalX=1
FrontWall hit: ground 1(Clone) normalX=1
FrontWall hit: ground 1(Clone) normalX=1
Fewer observations (0) made than vector observation size (7). The observations will be padded.
FrontWall hit: ground 1(Clone) normalX=1
FrontWall hit: ground 1(Clone) normalX=1
FrontWall hit: ground 1(Clone) normalX=1
Fewer observations (0) made than vector observation size (7). The observations will be padded.
Fewer observations (0) made than vector observation size (7). The observations will be padded.
Fewer observations (0) made than vector observation size (7). The observations will be padded.
Fewer observations (0) made than vector observation size (7). The observations will be padded.
Fewer observations (0) made than vector observation size (7). The observations will be padded.
Fewer observations (0) made than vector observation size (7). The observations will be padded.
Fewer observations (0) made than vector observation size (7). The observations will be padded.
Fewer observations (0) made than vector observation size (7). The observations will be padded.
Fewer observations (0) made than vector observation size (7). The observations will be padded.
Fewer observations (0) made than vector observation size (7). The observations will be padded.
Fewer observations (0) made than vector observation size (7). The observations will be padded.
生成了一個物件
Fewer observations (0) made than vector observation size (7). The observations will be padded.
Fewer observations (0) made than vector observation size (7). The observations will be padded.
Fewer observations (0) made than vector observation size (7). The observations will be padded.
Fewer observations (0) made than vector observation size (7). The observations will be padded.
FrontWall hit: ground 1(Clone) normalX=1
FrontWall hit: ground 1(Clone) normalX=1
Fewer observations (0) made than vector observation size (7). The observations will be padded.
Fewer observations (0) made than vector observation size (7). The observations will be padded.
Player died!
Fewer observations (0) made than vector observation size (7). The observations will be padded.
Player died!
FrontWall hit: ground 1(Clone) normalX=-1
Unloading 3 Unused Serialized files (Serialized files now loaded: 0)
UnloadTime: 4.960500 ms
Unloading 1 unused Assets to reduce memory usage. Loaded Objects now: 2872.
Total: 1.249400 ms (FindLiveObjects: 0.082900 ms CreateObjectMapping: 0.033100 ms MarkObjects: 1.125000 ms  DeleteObjects: 0.008100 ms)

Unloading 3 Unused Serialized files (Serialized files now loaded: 0)
Fewer observations (0) made than vector observation size (7). The observations will be padded.
UnloadTime: 0.535600 ms
Unloading 1 unused Assets to reduce memory usage. Loaded Objects now: 2872.
Total: 0.903200 ms (FindLiveObjects: 0.080000 ms CreateObjectMapping: 0.032600 ms MarkObjects: 0.782800 ms  DeleteObjects: 0.007600 ms)

[LoadMap] Using main map source: D:\Unity\ML-agent\Map\Decode.txt
[LoadFinishMap] Using finish map source: D:\Unity\ML-agent\Map\finishmap.txt
[LoadFinishMap] Finish size = 15 x 15, new rightX = 215
[LoadMap] Done. Main size = 200 x 15, rightX = 215
Fewer observations (0) made than vector observation size (7). The observations will be padded.
FrontWall hit: ground 1(Clone) normalX=1
FrontWall hit: ground 1(Clone) normalX=1
FrontWall hit: ground 1(Clone) normalX=1
Fewer observations (0) made than vector observation size (7). The observations will be padded.
Fewer observations (0) made than vector observation size (7). The observations will be padded.
Fewer observations (0) made than vector observation size (7). The observations will be padded.
Fewer observations (0) made than vector observation size (7). The observations will be padded.
Fewer observations (0) made than vector observation size (7). The observations will be padded.
Fewer observations (0) made than vector observation size (7). The observations will be padded.
Fewer observations (0) made than vector observation size (7). The observations will be padded.
Fewer observations (0) made than vector observation size (7). The observations will be padded.
Fewer observations (0) made than vector observation size (7). The observations will be padded.
FrontWall hit: ground 1(Clone) normalX=1
FrontWall hit: ground 1(Clone) normalX=1
FrontWall hit: ground 1(Clone) normalX=1
Fewer observations (0) made than vector observation size (7). The observations will be padded.
FrontWall hit: ground 1(Clone) normalX=1
FrontWall hit: ground 1(Clone) normalX=1
FrontWall hit: ground 1(Clone) normalX=1
Fewer observations (0) made than vector observation size (7). The observations will be padded.
Fewer observations (0) made than vector observation size (7). The observations will be padded.
Fewer observations (0) made than vector observation size (7). The observations will be padded.
Fewer observations (0) made than vector observation size (7). The observations will be padded.
Fewer observations (0) made than vector observation size (7). The observations will be padded.
Fewer observations (0) made than vector observation size (7). The observations will be padded.
Fewer observations (0) made than vector observation size (7). The observations will be padded.
Fewer observations (0) made than vector observation size (7). The observations will be padded.
Fewer observations (0) made than vector observation size (7). The observations will be padded.
Fewer observations (0) made than vector observation size (7). The observations will be padded.
FrontWall hit: ground 1(Clone) normalX=1
FrontWall hit: ground 1(Clone) normalX=1
生成了一個物件
FrontWall hit: ground 1(Clone) normalX=1
Fewer observations (0) made than vector observation size (7). The observations will be padded.
FrontWall hit: ground 1(Clone) normalX=1
FrontWall hit: ground 1(Clone) normalX=1
FrontWall hit: ground 1(Clone) normalX=1
Fewer observations (0) made than vector observation size (7). The observations will be padded.
FrontWall hit: ground 1(Clone) normalX=1
FrontWall hit: ground 1(Clone) normalX=1
FrontWall hit: ground 1(Clone) normalX=1
Fewer observations (0) made than vector observation size (7). The observations will be padded.
FrontWall hit: ground 1(Clone) normalX=1
FrontWall hit: ground 1(Clone) normalX=1
FrontWall hit: ground 1(Clone) normalX=1
Fewer observations (0) made than vector observation size (7). The observations will be padded.
FrontWall hit: ground 1(Clone) normalX=1
FrontWall hit: ground 1(Clone) normalX=1
FrontWall hit: ground 1(Clone) normalX=1
Fewer observations (0) made than vector observation size (7). The observations will be padded.
Fewer observations (0) made than vector observation size (7). The observations will be padded.
Fewer observations (0) made than vector observation size (7). The observations will be padded.
Fewer observations (0) made than vector observation size (7). The observations will be padded.
FrontWall hit: ground 1(Clone) normalX=1
FrontWall hit: ground 1(Clone) normalX=1
FrontWall hit: ground 1(Clone) normalX=1
Fewer observations (0) made than vector observation size (7). The observations will be padded.
FrontWall hit: ground 1(Clone) normalX=1
FrontWall hit: ground 1(Clone) normalX=1
FrontWall hit: ground 1(Clone) normalX=1
Fewer observations (0) made than vector observation size (7). The observations will be padded.
Fewer observations (0) made than vector observation size (7). The observations will be padded.
Fewer observations (0) made than vector observation size (7). The observations will be padded.
Fewer observations (0) made than vector observation size (7). The observations will be padded.
Fewer observations (0) made than vector observation size (7). The observations will be padded.
Fewer observations (0) made than vector observation size (7). The observations will be padded.
Fewer observations (0) made than vector observation size (7). The observations will be padded.
Fewer observations (0) made than vector observation size (7). The observations will be padded.
生成了一個物件
Fewer observations (0) made than vector observation size (7). The observations will be padded.
Fewer observations (0) made than vector observation size (7). The observations will be padded.
Fewer observations (0) made than vector observation size (7). The observations will be padded.
Fewer observations (0) made than vector observation size (7). The observations will be padded.
Fewer observations (0) made than vector observation size (7). The observations will be padded.
Fewer observations (0) made than vector observation size (7). The observations will be padded.
Fewer observations (0) made than vector observation size (7). The observations will be padded.
FrontWall hit: ground 1(Clone) normalX=1
FrontWall hit: ground 1(Clone) normalX=1
FrontWall hit: ground 1(Clone) normalX=1
Fewer observations (0) made than vector observation size (7). The observations will be padded.
FrontWall hit: ground 1(Clone) normalX=1
FrontWall hit: ground 1(Clone) normalX=1
FrontWall hit: ground 1(Clone) normalX=1
Fewer observations (0) made than vector observation size (7). The observations will be padded.
Fewer observations (0) made than vector observation size (7). The observations will be padded.
Fewer observations (0) made than vector observation size (7). The observations will be padded.
Fewer observations (0) made than vector observation size (7). The observations will be padded.
Fewer observations (0) made than vector observation size (7). The observations will be padded.
Fewer observations (0) made than vector observation size (7). The observations will be padded.
Fewer observations (0) made than vector observation size (7). The observations will be padded.
Fewer observations (0) made than vector observation size (7). The observations will be padded.
生成了一個物件
Fewer observations (0) made than vector observation size (7). The observations will be padded.
Fewer observations (0) made than vector observation size (7). The observations will be padded.
Fewer observations (0) made than vector observation size (7). The observations will be padded.
Fewer observations (0) made than vector observation size (7). The observations will be padded.
Fewer observations (0) made than vector observation size (7). The observations will be padded.
Fewer observations (0) made than vector observation size (7). The observations will be padded.
Fewer observations (0) made than vector observation size (7). The observations will be padded.
Fewer observations (0) made than vector observation size (7). The observations will be padded.
Fewer observations (0) made than vector observation size (7). The observations will be padded.
Fewer observations (0) made than vector observation size (7). The observations will be padded.
Fewer observations (0) made than vector observation size (7). The observations will be padded.
Fewer observations (0) made than vector observation size (7). The observations will be padded.
Fewer observations (0) made than vector observation size (7). The observations will be padded.
Fewer observations (0) made than vector observation size (7). The observations will be padded.
Fewer observations (0) made than vector observation size (7). The observations will be padded.
Fewer observations (0) made than vector observation size (7). The observations will be padded.
Fewer observations (0) made than vector observation size (7). The observations will be padded.
生成了一個物件
Fewer observations (0) made than vector observation size (7). The observations will be padded.
Fewer observations (0) made than vector observation size (7). The observations will be padded.
Player died!
Fewer observations (0) made than vector observation size (7). The observations will be padded.
Player died!
Fewer observations (0) made than vector observation size (7). The observations will be padded.
Unloading 3 Unused Serialized files (Serialized files now loaded: 0)
Fewer observations (0) made than vector observation size (7). The observations will be padded.
UnloadTime: 6.754500 ms
Unloading 1 unused Assets to reduce memory usage. Loaded Objects now: 2872.
Total: 1.355100 ms (FindLiveObjects: 0.080800 ms CreateObjectMapping: 0.030200 ms MarkObjects: 1.235900 ms  DeleteObjects: 0.008100 ms)

Unloading 3 Unused Serialized files (Serialized files now loaded: 0)
Fewer observations (0) made than vector observation size (7). The observations will be padded.
UnloadTime: 0.551100 ms
Unloading 1 unused Assets to reduce memory usage. Loaded Objects now: 2872.
Total: 0.814100 ms (FindLiveObjects: 0.078500 ms CreateObjectMapping: 0.032100 ms MarkObjects: 0.696300 ms  DeleteObjects: 0.007000 ms)

[LoadMap] Using main map source: D:\Unity\ML-agent\Map\Decode.txt
[LoadFinishMap] Using finish map source: D:\Unity\ML-agent\Map\finishmap.txt
[LoadFinishMap] Finish size = 15 x 15, new rightX = 215
[LoadMap] Done. Main size = 200 x 15, rightX = 215
Fewer observations (0) made than vector observation size (7). The observations will be padded.
Fewer observations (0) made than vector observation size (7). The observations will be padded.
Fewer observations (0) made than vector observation size (7). The observations will be padded.
Fewer observations (0) made than vector observation size (7). The observations will be padded.
Fewer observations (0) made than vector observation size (7). The observations will be padded.
Fewer observations (0) made than vector observation size (7). The observations will be padded.
Fewer observations (0) made than vector observation size (7). The observations will be padded.
Fewer observations (0) made than vector observation size (7). The observations will be padded.
FrontWall hit: ground 1(Clone) normalX=1
FrontWall hit: ground 1(Clone) normalX=1
生成了一個物件
FrontWall hit: ground 1(Clone) normalX=1
Fewer observations (0) made than vector observation size (7). The observations will be padded.
FrontWall hit: ground 1(Clone) normalX=1
FrontWall hit: ground 1(Clone) normalX=1
FrontWall hit: ground 1(Clone) normalX=1
Fewer observations (0) made than vector observation size (7). The observations will be padded.
Fewer observations (0) made than vector observation size (7). The observations will be padded.
Fewer observations (0) made than vector observation size (7). The observations will be padded.
Fewer observations (0) made than vector observation size (7). The observations will be padded.
Fewer observations (0) made than vector observation size (7). The observations will be padded.
Fewer observations (0) made than vector observation size (7). The observations will be padded.
Fewer observations (0) made than vector observation size (7). The observations will be padded.
Fewer observations (0) made than vector observation size (7). The observations will be padded.
Fewer observations (0) made than vector observation size (7). The observations will be padded.
Fewer observations (0) made than vector observation size (7). The observations will be padded.
Fewer observations (0) made than vector observation size (7). The observations will be padded.
Fewer observations (0) made than vector observation size (7). The observations will be padded.
Fewer observations (0) made than vector observation size (7). The observations will be padded.
Fewer observations (0) made than vector observation size (7). The observations will be padded.
Fewer observations (0) made than vector observation size (7). The observations will be padded.
Fewer observations (0) made than vector observation size (7). The observations will be padded.
生成了一個物件
Fewer observations (0) made than vector observation size (7). The observations will be padded.
Fewer observations (0) made than vector observation size (7). The observations will be padded.
Fewer observations (0) made than vector observation size (7). The observations will be padded.
Fewer observations (0) made than vector observation size (7). The observations will be padded.
Fewer observations (0) made than vector observation size (7). The observations will be padded.
Fewer observations (0) made than vector observation size (7). The observations will be padded.
Fewer observations (0) made than vector observation size (7). The observations will be padded.
Fewer observations (0) made than vector observation size (7). The observations will be padded.
Fewer observations (0) made than vector observation size (7). The observations will be padded.
Fewer observations (0) made than vector observation size (7). The observations will be padded.
Fewer observations (0) made than vector observation size (7). The observations will be padded.
Fewer observations (0) made than vector observation size (7). The observations will be padded.
Fewer observations (0) made than vector observation size (7). The observations will be padded.
Fewer observations (0) made than vector observation size (7). The observations will be padded.
Fewer observations (0) made than vector observation size (7). The observations will be padded.
Fewer observations (0) made than vector observation size (7). The observations will be padded.
生成了一個物件
Fewer observations (0) made than vector observation size (7). The observations will be padded.
Fewer observations (0) made than vector observation size (7). The observations will be padded.
Fewer observations (0) made than vector observation size (7). The observations will be padded.
Fewer observations (0) made than vector observation size (7). The observations will be padded.
Fewer observations (0) made than vector observation size (7). The observations will be padded.
Fewer observations (0) made than vector observation size (7). The observations will be padded.
Fewer observations (0) made than vector observation size (7). The observations will be padded.
Fewer observations (0) made than vector observation size (7). The observations will be padded.
Fewer observations (0) made than vector observation size (7). The observations will be padded.
Fewer observations (0) made than vector observation size (7). The observations will be padded.
Fewer observations (0) made than vector observation size (7). The observations will be padded.
Fewer observations (0) made than vector observation size (7). The observations will be padded.
Fewer observations (0) made than vector observation size (7). The observations will be padded.
Fewer observations (0) made than vector observation size (7). The observations will be padded.
Fewer observations (0) made than vector observation size (7). The observations will be padded.
Fewer observations (0) made than vector observation size (7). The observations will be padded.
Fewer observations (0) made than vector observation size (7). The observations will be padded.
生成了一個物件
Fewer observations (0) made than vector observation size (7). The observations will be padded.
Fewer observations (0) made than vector observation size (7). The observations will be padded.
Fewer observations (0) made than vector observation size (7). The observations will be padded.
Fewer observations (0) made than vector observation size (7). The observations will be padded.
Fewer observations (0) made than vector observation size (7). The observations will be padded.
Fewer observations (0) made than vector observation size (7). The observations will be padded.
Fewer observations (0) made than vector observation size (7). The observations will be padded.
Fewer observations (0) made than vector observation size (7). The observations will be padded.
Fewer observations (0) made than vector observation size (7). The observations will be padded.
Fewer observations (0) made than vector observation size (7). The observations will be padded.
Fewer observations (0) made than vector observation size (7). The observations will be padded.
Player died!
Fewer observations (0) made than vector observation size (7). The observations will be padded.
Player died!
Unloading 3 Unused Serialized files (Serialized files now loaded: 0)
UnloadTime: 3.917700 ms
Unloading 1 unused Assets to reduce memory usage. Loaded Objects now: 2872.
Total: 1.160200 ms (FindLiveObjects: 0.085400 ms CreateObjectMapping: 0.029300 ms MarkObjects: 1.036300 ms  DeleteObjects: 0.009100 ms)

Unloading 3 Unused Serialized files (Serialized files now loaded: 0)
Fewer observations (0) made than vector observation size (7). The observations will be padded.
UnloadTime: 0.521000 ms
Unloading 1 unused Assets to reduce memory usage. Loaded Objects now: 2872.
Total: 0.811400 ms (FindLiveObjects: 0.077700 ms CreateObjectMapping: 0.032500 ms MarkObjects: 0.694300 ms  DeleteObjects: 0.006700 ms)

[LoadMap] Using main map source: D:\Unity\ML-agent\Map\Decode.txt
[LoadFinishMap] Using finish map source: D:\Unity\ML-agent\Map\finishmap.txt
[LoadFinishMap] Finish size = 15 x 15, new rightX = 215
[LoadMap] Done. Main size = 200 x 15, rightX = 215
Fewer observations (0) made than vector observation size (7). The observations will be padded.
FrontWall hit: ground 1(Clone) normalX=1
FrontWall hit: ground 1(Clone) normalX=1
FrontWall hit: ground 1(Clone) normalX=1
Fewer observations (0) made than vector observation size (7). The observations will be padded.
Fewer observations (0) made than vector observation size (7). The observations will be padded.
Fewer observations (0) made than vector observation size (7). The observations will be padded.
Fewer observations (0) made than vector observation size (7). The observations will be padded.
Fewer observations (0) made than vector observation size (7). The observations will be padded.
Fewer observations (0) made than vector observation size (7). The observations will be padded.
Fewer observations (0) made than vector observation size (7). The observations will be padded.
Fewer observations (0) made than vector observation size (7). The observations will be padded.
生成了一個物件
Fewer observations (0) made than vector observation size (7). The observations will be padded.
Fewer observations (0) made than vector observation size (7). The observations will be padded.
Fewer observations (0) made than vector observation size (7). The observations will be padded.
Fewer observations (0) made than vector observation size (7). The observations will be padded.
Fewer observations (0) made than vector observation size (7). The observations will be padded.
Fewer observations (0) made than vector observation size (7). The observations will be padded.
Fewer observations (0) made than vector observation size (7). The observations will be padded.
Fewer observations (0) made than vector observation size (7). The observations will be padded.
Fewer observations (0) made than vector observation size (7). The observations will be padded.
Fewer observations (0) made than vector observation size (7). The observations will be padded.
Fewer observations (0) made than vector observation size (7). The observations will be padded.
Fewer observations (0) made than vector observation size (7). The observations will be padded.
Fewer observations (0) made than vector observation size (7). The observations will be padded.
Fewer observations (0) made than vector observation size (7). The observations will be padded.
Fewer observations (0) made than vector observation size (7). The observations will be padded.
Fewer observations (0) made than vector observation size (7). The observations will be padded.
Fewer observations (0) made than vector observation size (7). The observations will be padded.
生成了一個物件
Fewer observations (0) made than vector observation size (7). The observations will be padded.
Fewer observations (0) made than vector observation size (7). The observations will be padded.
Fewer observations (0) made than vector observation size (7). The observations will be padded.
Fewer observations (0) made than vector observation size (7). The observations will be padded.
Fewer observations (0) made than vector observation size (7). The observations will be padded.
Fewer observations (0) made than vector observation size (7). The observations will be padded.
Fewer observations (0) made than vector observation size (7). The observations will be padded.
Fewer observations (0) made than vector observation size (7). The observations will be padded.
Fewer observations (0) made than vector observation size (7). The observations will be padded.
Fewer observations (0) made than vector observation size (7). The observations will be padded.
Fewer observations (0) made than vector observation size (7). The observations will be padded.
Fewer observations (0) made than vector observation size (7). The observations will be padded.
Fewer observations (0) made than vector observation size (7). The observations will be padded.
Fewer observations (0) made than vector observation size (7). The observations will be padded.
Fewer observations (0) made than vector observation size (7). The observations will be padded.
Fewer observations (0) made than vector observation size (7). The observations will be padded.
Fewer observations (0) made than vector observation size (7). The observations will be padded.
生成了一個物件
Fewer observations (0) made than vector observation size (7). The observations will be padded.
Fewer observations (0) made than vector observation size (7). The observations will be padded.
Fewer observations (0) made than vector observation size (7). The observations will be padded.
Fewer observations (0) made than vector observation size (7). The observations will be padded.
Fewer observations (0) made than vector observation size (7). The observations will be padded.
Fewer observations (0) made than vector observation size (7). The observations will be padded.
Fewer observations (0) made than vector observation size (7). The observations will be padded.
Fewer observations (0) made than vector observation size (7). The observations will be padded.
Fewer observations (0) made than vector observation size (7). The observations will be padded.
Fewer observations (0) made than vector observation size (7). The observations will be padded.
Fewer observations (0) made than vector observation size (7). The observations will be padded.
Fewer observations (0) made than vector observation size (7). The observations will be padded.
Fewer observations (0) made than vector observation size (7). The observations will be padded.
Fewer observations (0) made than vector observation size (7). The observations will be padded.
Fewer observations (0) made than vector observation size (7). The observations will be padded.
Fewer observations (0) made than vector observation size (7). The observations will be padded.
生成了一個物件
Fewer observations (0) made than vector observation size (7). The observations will be padded.
Fewer observations (0) made than vector observation size (7). The observations will be padded.
Fewer observations (0) made than vector observation size (7). The observations will be padded.
Fewer observations (0) made than vector observation size (7). The observations will be padded.
Player died!
Fewer observations (0) made than vector observation size (7). The observations will be padded.
Player died!
Fewer observations (0) made than vector observation size (7). The observations will be padded.
Unloading 3 Unused Serialized files (Serialized files now loaded: 0)
Fewer observations (0) made than vector observation size (7). The observations will be padded.
UnloadTime: 5.122600 ms
Unloading 1 unused Assets to reduce memory usage. Loaded Objects now: 2872.
Total: 0.937600 ms (FindLiveObjects: 0.094800 ms CreateObjectMapping: 0.034800 ms MarkObjects: 0.799500 ms  DeleteObjects: 0.008500 ms)

Unloading 3 Unused Serialized files (Serialized files now loaded: 0)
Fewer observations (0) made than vector observation size (7). The observations will be padded.
UnloadTime: 0.497100 ms
Unloading 1 unused Assets to reduce memory usage. Loaded Objects now: 2872.
Total: 0.789000 ms (FindLiveObjects: 0.076700 ms CreateObjectMapping: 0.032100 ms MarkObjects: 0.673600 ms  DeleteObjects: 0.006300 ms)

[LoadMap] Using main map source: D:\Unity\ML-agent\Map\Decode.txt
[LoadFinishMap] Using finish map source: D:\Unity\ML-agent\Map\finishmap.txt
[LoadFinishMap] Finish size = 15 x 15, new rightX = 215
[LoadMap] Done. Main size = 200 x 15, rightX = 215
Fewer observations (0) made than vector observation size (7). The observations will be padded.
FrontWall hit: ground 1(Clone) normalX=1
FrontWall hit: ground 1(Clone) normalX=1
FrontWall hit: ground 1(Clone) normalX=1
Fewer observations (0) made than vector observation size (7). The observations will be padded.
Fewer observations (0) made than vector observation size (7). The observations will be padded.
FrontWall hit: ground 1(Clone) normalX=1
FrontWall hit: ground 1(Clone) normalX=1
FrontWall hit: ground 1(Clone) normalX=1
Fewer observations (0) made than vector observation size (7). The observations will be padded.
FrontWall hit: ground 1(Clone) normalX=1
FrontWall hit: ground 1(Clone) normalX=1
FrontWall hit: ground 1(Clone) normalX=1
Fewer observations (0) made than vector observation size (7). The observations will be padded.
Fewer observations (0) made than vector observation size (7). The observations will be padded.
FrontWall hit: ground 1(Clone) normalX=1
FrontWall hit: ground 1(Clone) normalX=1
FrontWall hit: ground 1(Clone) normalX=1
Fewer observations (0) made than vector observation size (7). The observations will be padded.
Fewer observations (0) made than vector observation size (7). The observations will be padded.
Fewer observations (0) made than vector observation size (7). The observations will be padded.
Fewer observations (0) made than vector observation size (7). The observations will be padded.
Fewer observations (0) made than vector observation size (7). The observations will be padded.
Fewer observations (0) made than vector observation size (7). The observations will be padded.
Fewer observations (0) made than vector observation size (7). The observations will be padded.
Fewer observations (0) made than vector observation size (7). The observations will be padded.
Fewer observations (0) made than vector observation size (7). The observations will be padded.
Fewer observations (0) made than vector observation size (7). The observations will be padded.
生成了一個物件
Fewer observations (0) made than vector observation size (7). The observations will be padded.
Fewer observations (0) made than vector observation size (7). The observations will be padded.
Fewer observations (0) made than vector observation size (7). The observations will be padded.
Fewer observations (0) made than vector observation size (7). The observations will be padded.
Fewer observations (0) made than vector observation size (7). The observations will be padded.
Fewer observations (0) made than vector observation size (7). The observations will be padded.
Fewer observations (0) made than vector observation size (7). The observations will be padded.
Fewer observations (0) made than vector observation size (7). The observations will be padded.
Fewer observations (0) made than vector observation size (7). The observations will be padded.
Fewer observations (0) made than vector observation size (7). The observations will be padded.
Fewer observations (0) made than vector observation size (7). The observations will be padded.
Fewer observations (0) made than vector observation size (7). The observations will be padded.
Fewer observations (0) made than vector observation size (7). The observations will be padded.
Fewer observations (0) made than vector observation size (7). The observations will be padded.
Fewer observations (0) made than vector observation size (7). The observations will be padded.
Fewer observations (0) made than vector observation size (7). The observations will be padded.
生成了一個物件
Fewer observations (0) made than vector observation size (7). The observations will be padded.
Fewer observations (0) made than vector observation size (7). The observations will be padded.
FrontWall hit: ground 1(Clone) normalX=1
Fewer observations (0) made than vector observation size (7). The observations will be padded.
Fewer observations (0) made than vector observation size (7). The observations will be padded.
Fewer observations (0) made than vector observation size (7). The observations will be padded.
Fewer observations (0) made than vector observation size (7). The observations will be padded.
Fewer observations (0) made than vector observation size (7). The observations will be padded.
Fewer observations (0) made than vector observation size (7). The observations will be padded.
Fewer observations (0) made than vector observation size (7). The observations will be padded.
Fewer observations (0) made than vector observation size (7). The observations will be padded.
Fewer observations (0) made than vector observation size (7). The observations will be padded.
Fewer observations (0) made than vector observation size (7). The observations will be padded.
Fewer observations (0) made than vector observation size (7). The observations will be padded.
Fewer observations (0) made than vector observation size (7). The observations will be padded.
Fewer observations (0) made than vector observation size (7). The observations will be padded.
Fewer observations (0) made than vector observation size (7). The observations will be padded.
Fewer observations (0) made than vector observation size (7). The observations will be padded.
生成了一個物件
Fewer observations (0) made than vector observation size (7). The observations will be padded.
Fewer observations (0) made than vector observation size (7). The observations will be padded.
Fewer observations (0) made than vector observation size (7). The observations will be padded.
Fewer observations (0) made than vector observation size (7). The observations will be padded.
Fewer observations (0) made than vector observation size (7). The observations will be padded.
Fewer observations (0) made than vector observation size (7). The observations will be padded.
Fewer observations (0) made than vector observation size (7). The observations will be padded.
Fewer observations (0) made than vector observation size (7). The observations will be padded.
Fewer observations (0) made than vector observation size (7). The observations will be padded.
Fewer observations (0) made than vector observation size (7). The observations will be padded.
Fewer observations (0) made than vector observation size (7). The observations will be padded.
Fewer observations (0) made than vector observation size (7). The observations will be padded.
Fewer observations (0) made than vector observation size (7). The observations will be padded.
Fewer observations (0) made than vector observation size (7). The observations will be padded.
Fewer observations (0) made than vector observation size (7). The observations will be padded.
Fewer observations (0) made than vector observation size (7). The observations will be padded.
Fewer observations (0) made than vector observation size (7). The observations will be padded.
生成了一個物件
Fewer observations (0) made than vector observation size (7). The observations will be padded.
Fewer observations (0) made than vector observation size (7). The observations will be padded.
Player died!
Fewer observations (0) made than vector observation size (7). The observations will be padded.
Player died!
Fewer observations (0) made than vector observation size (7). The observations will be padded.
Unloading 3 Unused Serialized files (Serialized files now loaded: 0)
Fewer observations (0) made than vector observation size (7). The observations will be padded.
UnloadTime: 4.024400 ms
Unloading 1 unused Assets to reduce memory usage. Loaded Objects now: 2872.
Total: 1.107200 ms (FindLiveObjects: 0.090000 ms CreateObjectMapping: 0.034900 ms MarkObjects: 0.967500 ms  DeleteObjects: 0.014400 ms)

Unloading 3 Unused Serialized files (Serialized files now loaded: 0)
Fewer observations (0) made than vector observation size (7). The observations will be padded.
UnloadTime: 0.526800 ms
Unloading 1 unused Assets to reduce memory usage. Loaded Objects now: 2872.
Total: 1.201100 ms (FindLiveObjects: 0.114100 ms CreateObjectMapping: 0.056300 ms MarkObjects: 1.020700 ms  DeleteObjects: 0.009900 ms)

[LoadMap] Using main map source: D:\Unity\ML-agent\Map\Decode.txt
[LoadFinishMap] Using finish map source: D:\Unity\ML-agent\Map\finishmap.txt
[LoadFinishMap] Finish size = 15 x 15, new rightX = 215
[LoadMap] Done. Main size = 200 x 15, rightX = 215
Fewer observations (0) made than vector observation size (7). The observations will be padded.
FrontWall hit: ground 1(Clone) normalX=1
FrontWall hit: ground 1(Clone) normalX=1
FrontWall hit: ground 1(Clone) normalX=1
Fewer observations (0) made than vector observation size (7). The observations will be padded.
Fewer observations (0) made than vector observation size (7). The observations will be padded.
Fewer observations (0) made than vector observation size (7). The observations will be padded.
Fewer observations (0) made than vector observation size (7). The observations will be padded.
Fewer observations (0) made than vector observation size (7). The observations will be padded.
Fewer observations (0) made than vector observation size (7). The observations will be padded.
Fewer observations (0) made than vector observation size (7). The observations will be padded.
Fewer observations (0) made than vector observation size (7). The observations will be padded.
生成了一個物件
Fewer observations (0) made than vector observation size (7). The observations will be padded.
Fewer observations (0) made than vector observation size (7). The observations will be padded.
Fewer observations (0) made than vector observation size (7). The observations will be padded.
Fewer observations (0) made than vector observation size (7). The observations will be padded.
Fewer observations (0) made than vector observation size (7). The observations will be padded.
Fewer observations (0) made than vector observation size (7). The observations will be padded.
Fewer observations (0) made than vector observation size (7). The observations will be padded.
Fewer observations (0) made than vector observation size (7). The observations will be padded.
Fewer observations (0) made than vector observation size (7). The observations will be padded.
Fewer observations (0) made than vector observation size (7). The observations will be padded.
Fewer observations (0) made than vector observation size (7). The observations will be padded.
Fewer observations (0) made than vector observation size (7). The observations will be padded.
Fewer observations (0) made than vector observation size (7). The observations will be padded.
Fewer observations (0) made than vector observation size (7). The observations will be padded.
Fewer observations (0) made than vector observation size (7). The observations will be padded.
Fewer observations (0) made than vector observation size (7). The observations will be padded.
Fewer observations (0) made than vector observation size (7). The observations will be padded.
生成了一個物件
Fewer observations (0) made than vector observation size (7). The observations will be padded.
Fewer observations (0) made than vector observation size (7). The observations will be padded.
Fewer observations (0) made than vector observation size (7). The observations will be padded.
Fewer observations (0) made than vector observation size (7). The observations will be padded.
FrontWall hit: ground 1(Clone) normalX=1
FrontWall hit: ground 1(Clone) normalX=1
FrontWall hit: ground 1(Clone) normalX=1
Fewer observations (0) made than vector observation size (7). The observations will be padded.
FrontWall hit: ground 1(Clone) normalX=1
FrontWall hit: ground 1(Clone) normalX=1
FrontWall hit: ground 1(Clone) normalX=1
Fewer observations (0) made than vector observation size (7). The observations will be padded.
FrontWall hit: ground 1(Clone) normalX=1
FrontWall hit: ground 1(Clone) normalX=1
FrontWall hit: ground 1(Clone) normalX=1
Fewer observations (0) made than vector observation size (7). The observations will be padded.
Fewer observations (0) made than vector observation size (7). The observations will be padded.
Fewer observations (0) made than vector observation size (7). The observations will be padded.
Fewer observations (0) made than vector observation size (7). The observations will be padded.
Fewer observations (0) made than vector observation size (7). The observations will be padded.
Fewer observations (0) made than vector observation size (7). The observations will be padded.
Fewer observations (0) made than vector observation size (7). The observations will be padded.
Fewer observations (0) made than vector observation size (7). The observations will be padded.
Fewer observations (0) made than vector observation size (7). The observations will be padded.
Fewer observations (0) made than vector observation size (7). The observations will be padded.
Fewer observations (0) made than vector observation size (7). The observations will be padded.
生成了一個物件
Fewer observations (0) made than vector observation size (7). The observations will be padded.
Fewer observations (0) made than vector observation size (7). The observations will be padded.
FrontWall hit: ground 1(Clone) normalX=1
FrontWall hit: ground 1(Clone) normalX=1
FrontWall hit: ground 1(Clone) normalX=1
Fewer observations (0) made than vector observation size (7). The observations will be padded.
Fewer observations (0) made than vector observation size (7). The observations will be padded.
Player died!
Fewer observations (0) made than vector observation size (7). The observations will be padded.
Unloading 3 Unused Serialized files (Serialized files now loaded: 0)
UnloadTime: 6.111500 ms
Unloading 1 unused Assets to reduce memory usage. Loaded Objects now: 2872.
Total: 1.132600 ms (FindLiveObjects: 0.111200 ms CreateObjectMapping: 0.053500 ms MarkObjects: 0.961000 ms  DeleteObjects: 0.006800 ms)

[LoadMap] Using main map source: D:\Unity\ML-agent\Map\Decode.txt
[LoadFinishMap] Using finish map source: D:\Unity\ML-agent\Map\finishmap.txt
[LoadFinishMap] Finish size = 15 x 15, new rightX = 215
[LoadMap] Done. Main size = 200 x 15, rightX = 215
Fewer observations (0) made than vector observation size (7). The observations will be padded.
Fewer observations (0) made than vector observation size (7). The observations will be padded.
Fewer observations (0) made than vector observation size (7). The observations will be padded.
Fewer observations (0) made than vector observation size (7). The observations will be padded.
FrontWall hit: ground 1(Clone) normalX=1
FrontWall hit: ground 1(Clone) normalX=1
Fewer observations (0) made than vector observation size (7). The observations will be padded.
FrontWall hit: ground 1(Clone) normalX=1
FrontWall hit: ground 1(Clone) normalX=1
FrontWall hit: ground 1(Clone) normalX=1
Fewer observations (0) made than vector observation size (7). The observations will be padded.
Fewer observations (0) made than vector observation size (7). The observations will be padded.
FrontWall hit: ground 1(Clone) normalX=1
FrontWall hit: ground 1(Clone) normalX=1
FrontWall hit: ground 1(Clone) normalX=1
Fewer observations (0) made than vector observation size (7). The observations will be padded.
FrontWall hit: ground 1(Clone) normalX=1
FrontWall hit: ground 1(Clone) normalX=1
FrontWall hit: ground 1(Clone) normalX=1
Fewer observations (0) made than vector observation size (7). The observations will be padded.
Fewer observations (0) made than vector observation size (7). The observations will be padded.
FrontWall hit: ground 1(Clone) normalX=1
FrontWall hit: ground 1(Clone) normalX=1
FrontWall hit: ground 1(Clone) normalX=1
Fewer observations (0) made than vector observation size (7). The observations will be padded.
Fewer observations (0) made than vector observation size (7). The observations will be padded.
Fewer observations (0) made than vector observation size (7). The observations will be padded.
Fewer observations (0) made than vector observation size (7). The observations will be padded.
Fewer observations (0) made than vector observation size (7). The observations will be padded.
Fewer observations (0) made than vector observation size (7). The observations will be padded.
Fewer observations (0) made than vector observation size (7). The observations will be padded.
Fewer observations (0) made than vector observation size (7). The observations will be padded.
Fewer observations (0) made than vector observation size (7). The observations will be padded.
Fewer observations (0) made than vector observation size (7). The observations will be padded.
Fewer observations (0) made than vector observation size (7). The observations will be padded.
生成了一個物件
Fewer observations (0) made than vector observation size (7). The observations will be padded.
Fewer observations (0) made than vector observation size (7). The observations will be padded.
Fewer observations (0) made than vector observation size (7). The observations will be padded.
Fewer observations (0) made than vector observation size (7). The observations will be padded.
Fewer observations (0) made than vector observation size (7). The observations will be padded.
Fewer observations (0) made than vector observation size (7). The observations will be padded.
Fewer observations (0) made than vector observation size (7). The observations will be padded.
Fewer observations (0) made than vector observation size (7). The observations will be padded.
Fewer observations (0) made than vector observation size (7). The observations will be padded.
Fewer observations (0) made than vector observation size (7). The observations will be padded.
Fewer observations (0) made than vector observation size (7). The observations will be padded.
Fewer observations (0) made than vector observation size (7). The observations will be padded.
Fewer observations (0) made than vector observation size (7). The observations will be padded.
Fewer observations (0) made than vector observation size (7). The observations will be padded.
Fewer observations (0) made than vector observation size (7). The observations will be padded.
Fewer observations (0) made than vector observation size (7). The observations will be padded.
Fewer observations (0) made than vector observation size (7). The observations will be padded.
生成了一個物件
Fewer observations (0) made than vector observation size (7). The observations will be padded.
Fewer observations (0) made than vector observation size (7). The observations will be padded.
Fewer observations (0) made than vector observation size (7). The observations will be padded.
Fewer observations (0) made than vector observation size (7). The observations will be padded.
Fewer observations (0) made than vector observation size (7). The observations will be padded.
Fewer observations (0) made than vector observation size (7). The observations will be padded.
Fewer observations (0) made than vector observation size (7). The observations will be padded.
Fewer observations (0) made than vector observation size (7). The observations will be padded.
Fewer observations (0) made than vector observation size (7). The observations will be padded.
Fewer observations (0) made than vector observation size (7). The observations will be padded.
Fewer observations (0) made than vector observation size (7). The observations will be padded.
Fewer observations (0) made than vector observation size (7). The observations will be padded.
Fewer observations (0) made than vector observation size (7). The observations will be padded.
Fewer observations (0) made than vector observation size (7). The observations will be padded.
Fewer observations (0) made than vector observation size (7). The observations will be padded.
Fewer observations (0) made than vector observation size (7). The observations will be padded.
Fewer observations (0) made than vector observation size (7). The observations will be padded.
生成了一個物件
Fewer observations (0) made than vector observation size (7). The observations will be padded.
Fewer observations (0) made than vector observation size (7). The observations will be padded.
Fewer observations (0) made than vector observation size (7). The observations will be padded.
Fewer observations (0) made than vector observation size (7). The observations will be padded.
Fewer observations (0) made than vector observation size (7). The observations will be padded.
Fewer observations (0) made than vector observation size (7). The observations will be padded.
Fewer observations (0) made than vector observation size (7). The observations will be padded.
Fewer observations (0) made than vector observation size (7). The observations will be padded.
Fewer observations (0) made than vector observation size (7). The observations will be padded.
Fewer observations (0) made than vector observation size (7). The observations will be padded.
Fewer observations (0) made than vector observation size (7). The observations will be padded.
Fewer observations (0) made than vector observation size (7). The observations will be padded.
Fewer observations (0) made than vector observation size (7). The observations will be padded.
Fewer observations (0) made than vector observation size (7). The observations will be padded.
Fewer observations (0) made than vector observation size (7). The observations will be padded.
FrontWall hit: ground 1(Clone) normalX=1
FrontWall hit: ground 1(Clone) normalX=1
FrontWall hit: ground 1(Clone) normalX=1
Fewer observations (0) made than vector observation size (7). The observations will be padded.
生成了一個物件
Fewer observations (0) made than vector observation size (7). The observations will be padded.
Fewer observations (0) made than vector observation size (7). The observations will be padded.
Fewer observations (0) made than vector observation size (7). The observations will be padded.
Fewer observations (0) made than vector observation size (7). The observations will be padded.
Player died!
Fewer observations (0) made than vector observation size (7). The observations will be padded.
Player died!
Unloading 3 Unused Serialized files (Serialized files now loaded: 0)
UnloadTime: 4.433800 ms
Unloading 1 unused Assets to reduce memory usage. Loaded Objects now: 2872.
Total: 1.057000 ms (FindLiveObjects: 0.114700 ms CreateObjectMapping: 0.066100 ms MarkObjects: 0.864500 ms  DeleteObjects: 0.011400 ms)

Unloading 3 Unused Serialized files (Serialized files now loaded: 0)
Fewer observations (0) made than vector observation size (7). The observations will be padded.
UnloadTime: 0.541000 ms
Unloading 1 unused Assets to reduce memory usage. Loaded Objects now: 2872.
Total: 0.701900 ms (FindLiveObjects: 0.078900 ms CreateObjectMapping: 0.032200 ms MarkObjects: 0.583700 ms  DeleteObjects: 0.007100 ms)

[LoadMap] Using main map source: D:\Unity\ML-agent\Map\Decode.txt
[LoadFinishMap] Using finish map source: D:\Unity\ML-agent\Map\finishmap.txt
[LoadFinishMap] Finish size = 15 x 15, new rightX = 215
[LoadMap] Done. Main size = 200 x 15, rightX = 215
Fewer observations (0) made than vector observation size (7). The observations will be padded.
Fewer observations (0) made than vector observation size (7). The observations will be padded.
Fewer observations (0) made than vector observation size (7). The observations will be padded.
Fewer observations (0) made than vector observation size (7). The observations will be padded.
Fewer observations (0) made than vector observation size (7). The observations will be padded.
FrontWall hit: ground 1(Clone) normalX=1
FrontWall hit: ground 1(Clone) normalX=1
FrontWall hit: ground 1(Clone) normalX=1
Fewer observations (0) made than vector observation size (7). The observations will be padded.
Fewer observations (0) made than vector observation size (7). The observations will be padded.
Fewer observations (0) made than vector observation size (7). The observations will be padded.
Fewer observations (0) made than vector observation size (7). The observations will be padded.
Fewer observations (0) made than vector observation size (7). The observations will be padded.
Fewer observations (0) made than vector observation size (7). The observations will be padded.
Fewer observations (0) made than vector observation size (7). The observations will be padded.
Fewer observations (0) made than vector observation size (7). The observations will be padded.
Fewer observations (0) made than vector observation size (7). The observations will be padded.
Fewer observations (0) made than vector observation size (7). The observations will be padded.
Fewer observations (0) made than vector observation size (7). The observations will be padded.
Fewer observations (0) made than vector observation size (7). The observations will be padded.
Fewer observations (0) made than vector observation size (7). The observations will be padded.
Fewer observations (0) made than vector observation size (7). The observations will be padded.
生成了一個物件
Fewer observations (0) made than vector observation size (7). The observations will be padded.
Fewer observations (0) made than vector observation size (7). The observations will be padded.
Fewer observations (0) made than vector observation size (7). The observations will be padded.
Fewer observations (0) made than vector observation size (7). The observations will be padded.
Fewer observations (0) made than vector observation size (7). The observations will be padded.
Fewer observations (0) made than vector observation size (7). The observations will be padded.
Fewer observations (0) made than vector observation size (7). The observations will be padded.
Fewer observations (0) made than vector observation size (7). The observations will be padded.
Fewer observations (0) made than vector observation size (7). The observations will be padded.
Fewer observations (0) made than vector observation size (7). The observations will be padded.
FrontWall hit: ground 1(Clone) normalX=1
FrontWall hit: ground 1(Clone) normalX=1
FrontWall hit: ground 1(Clone) normalX=1
Fewer observations (0) made than vector observation size (7). The observations will be padded.
FrontWall hit: ground 1(Clone) normalX=1
FrontWall hit: ground 1(Clone) normalX=1
FrontWall hit: ground 1(Clone) normalX=1
Fewer observations (0) made than vector observation size (7). The observations will be padded.
Fewer observations (0) made than vector observation size (7). The observations will be padded.
Fewer observations (0) made than vector observation size (7). The observations will be padded.
Fewer observations (0) made than vector observation size (7). The observations will be padded.
Fewer observations (0) made than vector observation size (7). The observations will be padded.
Fewer observations (0) made than vector observation size (7). The observations will be padded.
生成了一個物件
Fewer observations (0) made than vector observation size (7). The observations will be padded.
Fewer observations (0) made than vector observation size (7). The observations will be padded.
Fewer observations (0) made than vector observation size (7). The observations will be padded.
Fewer observations (0) made than vector observation size (7). The observations will be padded.
Fewer observations (0) made than vector observation size (7). The observations will be padded.
Fewer observations (0) made than vector observation size (7). The observations will be padded.
Fewer observations (0) made than vector observation size (7). The observations will be padded.
Fewer observations (0) made than vector observation size (7). The observations will be padded.
Fewer observations (0) made than vector observation size (7). The observations will be padded.
Fewer observations (0) made than vector observation size (7). The observations will be padded.
Fewer observations (0) made than vector observation size (7). The observations will be padded.
Fewer observations (0) made than vector observation size (7). The observations will be padded.
Fewer observations (0) made than vector observation size (7). The observations will be padded.
Fewer observations (0) made than vector observation size (7). The observations will be padded.
Fewer observations (0) made than vector observation size (7). The observations will be padded.
Fewer observations (0) made than vector observation size (7). The observations will be padded.
Fewer observations (0) made than vector observation size (7). The observations will be padded.
生成了一個物件
Fewer observations (0) made than vector observation size (7). The observations will be padded.
Fewer observations (0) made than vector observation size (7). The observations will be padded.
Fewer observations (0) made than vector observation size (7). The observations will be padded.
Fewer observations (0) made than vector observation size (7). The observations will be padded.
Fewer observations (0) made than vector observation size (7). The observations will be padded.
Fewer observations (0) made than vector observation size (7). The observations will be padded.
Fewer observations (0) made than vector observation size (7). The observations will be padded.
Fewer observations (0) made than vector observation size (7). The observations will be padded.
Fewer observations (0) made than vector observation size (7). The observations will be padded.
Fewer observations (0) made than vector observation size (7). The observations will be padded.
Fewer observations (0) made than vector observation size (7). The observations will be padded.
Fewer observations (0) made than vector observation size (7). The observations will be padded.
Fewer observations (0) made than vector observation size (7). The observations will be padded.
Fewer observations (0) made than vector observation size (7). The observations will be padded.
Fewer observations (0) made than vector observation size (7). The observations will be padded.
Fewer observations (0) made than vector observation size (7). The observations will be padded.
生成了一個物件
Fewer observations (0) made than vector observation size (7). The observations will be padded.
Fewer observations (0) made than vector observation size (7). The observations will be padded.
Fewer observations (0) made than vector observation size (7). The observations will be padded.
Fewer observations (0) made than vector observation size (7). The observations will be padded.
Fewer observations (0) made than vector observation size (7). The observations will be padded.
Fewer observations (0) made than vector observation size (7). The observations will be padded.
Fewer observations (0) made than vector observation size (7). The observations will be padded.
Fewer observations (0) made than vector observation size (7). The observations will be padded.
Fewer observations (0) made than vector observation size (7). The observations will be padded.
Fewer observations (0) made than vector observation size (7). The observations will be padded.
Fewer observations (0) made than vector observation size (7). The observations will be padded.
Fewer observations (0) made than vector observation size (7). The observations will be padded.
Fewer observations (0) made than vector observation size (7). The observations will be padded.
Fewer observations (0) made than vector observation size (7). The observations will be padded.
Fewer observations (0) made than vector observation size (7). The observations will be padded.
Fewer observations (0) made than vector observation size (7). The observations will be padded.
Fewer observations (0) made than vector observation size (7). The observations will be padded.
生成了一個物件
Fewer observations (0) made than vector observation size (7). The observations will be padded.
Fewer observations (0) made than vector observation size (7). The observations will be padded.
Fewer observations (0) made than vector observation size (7). The observations will be padded.
Fewer observations (0) made than vector observation size (7). The observations will be padded.
Fewer observations (0) made than vector observation size (7). The observations will be padded.
Fewer observations (0) made than vector observation size (7). The observations will be padded.
Fewer observations (0) made than vector observation size (7). The observations will be padded.
Fewer observations (0) made than vector observation size (7). The observations will be padded.
Fewer observations (0) made than vector observation size (7). The observations will be padded.
Fewer observations (0) made than vector observation size (7). The observations will be padded.
Fewer observations (0) made than vector observation size (7). The observations will be padded.
Fewer observations (0) made than vector observation size (7). The observations will be padded.
Fewer observations (0) made than vector observation size (7). The observations will be padded.
Fewer observations (0) made than vector observation size (7). The observations will be padded.
Fewer observations (0) made than vector observation size (7). The observations will be padded.
Fewer observations (0) made than vector observation size (7). The observations will be padded.
Fewer observations (0) made than vector observation size (7). The observations will be padded.
生成了一個物件
Fewer observations (0) made than vector observation size (7). The observations will be padded.
Fewer observations (0) made than vector observation size (7). The observations will be padded.
Fewer observations (0) made than vector observation size (7). The observations will be padded.
Fewer observations (0) made than vector observation size (7). The observations will be padded.
Fewer observations (0) made than vector observation size (7). The observations will be padded.
Fewer observations (0) made than vector observation size (7). The observations will be padded.
Fewer observations (0) made than vector observation size (7). The observations will be padded.
Fewer observations (0) made than vector observation size (7). The observations will be padded.
Fewer observations (0) made than vector observation size (7). The observations will be padded.
Fewer observations (0) made than vector observation size (7). The observations will be padded.
Fewer observations (0) made than vector observation size (7). The observations will be padded.
Fewer observations (0) made than vector observation size (7). The observations will be padded.
Fewer observations (0) made than vector observation size (7). The observations will be padded.
Fewer observations (0) made than vector observation size (7). The observations will be padded.
Fewer observations (0) made than vector observation size (7). The observations will be padded.
Fewer observations (0) made than vector observation size (7). The observations will be padded.
生成了一個物件
Fewer observations (0) made than vector observation size (7). The observations will be padded.
Fewer observations (0) made than vector observation size (7). The observations will be padded.
Fewer observations (0) made than vector observation size (7). The observations will be padded.
Player died!
Fewer observations (0) made than vector observation size (7). The observations will be padded.
Player died!
FrontWall hit: ground 1(Clone) normalX=-1
Unloading 3 Unused Serialized files (Serialized files now loaded: 0)
UnloadTime: 3.821900 ms
Unloading 1 unused Assets to reduce memory usage. Loaded Objects now: 2872.
Total: 0.962700 ms (FindLiveObjects: 0.111000 ms CreateObjectMapping: 0.053900 ms MarkObjects: 0.789600 ms  DeleteObjects: 0.008000 ms)

Unloading 3 Unused Serialized files (Serialized files now loaded: 0)
Fewer observations (0) made than vector observation size (7). The observations will be padded.
UnloadTime: 0.522700 ms
Unloading 1 unused Assets to reduce memory usage. Loaded Objects now: 2872.
Total: 0.960200 ms (FindLiveObjects: 0.083300 ms CreateObjectMapping: 0.034400 ms MarkObjects: 0.832400 ms  DeleteObjects: 0.009900 ms)

[LoadMap] Using main map source: D:\Unity\ML-agent\Map\Decode.txt
[LoadFinishMap] Using finish map source: D:\Unity\ML-agent\Map\finishmap.txt
[LoadFinishMap] Finish size = 15 x 15, new rightX = 215
[LoadMap] Done. Main size = 200 x 15, rightX = 215
Fewer observations (0) made than vector observation size (7). The observations will be padded.
Fewer observations (0) made than vector observation size (7). The observations will be padded.
Fewer observations (0) made than vector observation size (7). The observations will be padded.
Fewer observations (0) made than vector observation size (7). The observations will be padded.
Fewer observations (0) made than vector observation size (7). The observations will be padded.
Fewer observations (0) made than vector observation size (7). The observations will be padded.
Fewer observations (0) made than vector observation size (7). The observations will be padded.
Fewer observations (0) made than vector observation size (7). The observations will be padded.
Fewer observations (0) made than vector observation size (7). The observations will be padded.
生成了一個物件
Fewer observations (0) made than vector observation size (7). The observations will be padded.
Fewer observations (0) made than vector observation size (7). The observations will be padded.
Fewer observations (0) made than vector observation size (7). The observations will be padded.
Fewer observations (0) made than vector observation size (7). The observations will be padded.
Fewer observations (0) made than vector observation size (7). The observations will be padded.
FrontWall hit: ground 1(Clone) normalX=1
FrontWall hit: ground 1(Clone) normalX=1
Fewer observations (0) made than vector observation size (7). The observations will be padded.
Fewer observations (0) made than vector observation size (7). The observations will be padded.
Fewer observations (0) made than vector observation size (7). The observations will be padded.
Fewer observations (0) made than vector observation size (7). The observations will be padded.
FrontWall hit: ground 1(Clone) normalX=1
FrontWall hit: ground 1(Clone) normalX=1
Fewer observations (0) made than vector observation size (7). The observations will be padded.
Fewer observations (0) made than vector observation size (7). The observations will be padded.
Fewer observations (0) made than vector observation size (7). The observations will be padded.
Fewer observations (0) made than vector observation size (7). The observations will be padded.
Fewer observations (0) made than vector observation size (7). The observations will be padded.
Fewer observations (0) made than vector observation size (7). The observations will be padded.
Fewer observations (0) made than vector observation size (7). The observations will be padded.
生成了一個物件
Fewer observations (0) made than vector observation size (7). The observations will be padded.
Fewer observations (0) made than vector observation size (7). The observations will be padded.
Fewer observations (0) made than vector observation size (7). The observations will be padded.
Fewer observations (0) made than vector observation size (7). The observations will be padded.
Fewer observations (0) made than vector observation size (7). The observations will be padded.
Fewer observations (0) made than vector observation size (7). The observations will be padded.
Fewer observations (0) made than vector observation size (7). The observations will be padded.
Fewer observations (0) made than vector observation size (7). The observations will be padded.
Fewer observations (0) made than vector observation size (7). The observations will be padded.
Fewer observations (0) made than vector observation size (7). The observations will be padded.
Fewer observations (0) made than vector observation size (7). The observations will be padded.
Fewer observations (0) made than vector observation size (7). The observations will be padded.
Fewer observations (0) made than vector observation size (7). The observations will be padded.
Fewer observations (0) made than vector observation size (7). The observations will be padded.
Fewer observations (0) made than vector observation size (7). The observations will be padded.
Fewer observations (0) made than vector observation size (7). The observations will be padded.
Fewer observations (0) made than vector observation size (7). The observations will be padded.
FrontWall hit: ground 1(Clone) normalX=1
生成了一個物件
FrontWall hit: ground 1(Clone) normalX=1
Fewer observations (0) made than vector observation size (7). The observations will be padded.
FrontWall hit: ground 1(Clone) normalX=1
FrontWall hit: ground 1(Clone) normalX=1
FrontWall hit: ground 1(Clone) normalX=1
Fewer observations (0) made than vector observation size (7). The observations will be padded.
Fewer observations (0) made than vector observation size (7). The observations will be padded.
Fewer observations (0) made than vector observation size (7). The observations will be padded.
Player died!
Fewer observations (0) made than vector observation size (7). The observations will be padded.
Unloading 3 Unused Serialized files (Serialized files now loaded: 0)
UnloadTime: 4.050300 ms
Unloading 1 unused Assets to reduce memory usage. Loaded Objects now: 2872.
Total: 0.944700 ms (FindLiveObjects: 0.093400 ms CreateObjectMapping: 0.032700 ms MarkObjects: 0.811100 ms  DeleteObjects: 0.007300 ms)

[LoadMap] Using main map source: D:\Unity\ML-agent\Map\Decode.txt
[LoadFinishMap] Using finish map source: D:\Unity\ML-agent\Map\finishmap.txt
[LoadFinishMap] Finish size = 15 x 15, new rightX = 215
[LoadMap] Done. Main size = 200 x 15, rightX = 215
Fewer observations (0) made than vector observation size (7). The observations will be padded.
Fewer observations (0) made than vector observation size (7). The observations will be padded.
Fewer observations (0) made than vector observation size (7). The observations will be padded.
Fewer observations (0) made than vector observation size (7). The observations will be padded.
Fewer observations (0) made than vector observation size (7). The observations will be padded.
Fewer observations (0) made than vector observation size (7). The observations will be padded.
Fewer observations (0) made than vector observation size (7). The observations will be padded.
Fewer observations (0) made than vector observation size (7). The observations will be padded.
FrontWall hit: ground 1(Clone) normalX=1
生成了一個物件
Fewer observations (0) made than vector observation size (7). The observations will be padded.
Fewer observations (0) made than vector observation size (7). The observations will be padded.
Fewer observations (0) made than vector observation size (7). The observations will be padded.
Fewer observations (0) made than vector observation size (7). The observations will be padded.
Fewer observations (0) made than vector observation size (7). The observations will be padded.
FrontWall hit: ground 1(Clone) normalX=1
FrontWall hit: ground 1(Clone) normalX=1
FrontWall hit: ground 1(Clone) normalX=1
Fewer observations (0) made than vector observation size (7). The observations will be padded.
Fewer observations (0) made than vector observation size (7). The observations will be padded.
FrontWall hit: ground 1(Clone) normalX=1
FrontWall hit: ground 1(Clone) normalX=1
FrontWall hit: ground 1(Clone) normalX=1
Fewer observations (0) made than vector observation size (7). The observations will be padded.
FrontWall hit: ground 1(Clone) normalX=1
FrontWall hit: ground 1(Clone) normalX=1
FrontWall hit: ground 1(Clone) normalX=1
Fewer observations (0) made than vector observation size (7). The observations will be padded.
Fewer observations (0) made than vector observation size (7). The observations will be padded.
FrontWall hit: ground 1(Clone) normalX=1
FrontWall hit: ground 1(Clone) normalX=1
FrontWall hit: ground 1(Clone) normalX=1
Fewer observations (0) made than vector observation size (7). The observations will be padded.
Fewer observations (0) made than vector observation size (7). The observations will be padded.
Fewer observations (0) made than vector observation size (7). The observations will be padded.
Fewer observations (0) made than vector observation size (7). The observations will be padded.
Fewer observations (0) made than vector observation size (7). The observations will be padded.
Fewer observations (0) made than vector observation size (7). The observations will be padded.
FrontWall hit: ground 1(Clone) normalX=1
FrontWall hit: ground 1(Clone) normalX=1
FrontWall hit: ground 1(Clone) normalX=1
Fewer observations (0) made than vector observation size (7). The observations will be padded.
生成了一個物件
Fewer observations (0) made than vector observation size (7). The observations will be padded.
Fewer observations (0) made than vector observation size (7). The observations will be padded.
Fewer observations (0) made than vector observation size (7). The observations will be padded.
Fewer observations (0) made than vector observation size (7). The observations will be padded.
FrontWall hit: ground 1(Clone) normalX=1
FrontWall hit: ground 1(Clone) normalX=1
FrontWall hit: ground 1(Clone) normalX=1
Fewer observations (0) made than vector observation size (7). The observations will be padded.
FrontWall hit: ground 1(Clone) normalX=1
FrontWall hit: ground 1(Clone) normalX=1
FrontWall hit: ground 1(Clone) normalX=1
Fewer observations (0) made than vector observation size (7). The observations will be padded.
Fewer observations (0) made than vector observation size (7). The observations will be padded.
Fewer observations (0) made than vector observation size (7). The observations will be padded.
Fewer observations (0) made than vector observation size (7). The observations will be padded.
Fewer observations (0) made than vector observation size (7). The observations will be padded.
Fewer observations (0) made than vector observation size (7). The observations will be padded.
Fewer observations (0) made than vector observation size (7). The observations will be padded.
Fewer observations (0) made than vector observation size (7). The observations will be padded.
Fewer observations (0) made than vector observation size (7). The observations will be padded.
Fewer observations (0) made than vector observation size (7). The observations will be padded.
Fewer observations (0) made than vector observation size (7). The observations will be padded.
Fewer observations (0) made than vector observation size (7). The observations will be padded.
生成了一個物件
Fewer observations (0) made than vector observation size (7). The observations will be padded.
Fewer observations (0) made than vector observation size (7). The observations will be padded.
Fewer observations (0) made than vector observation size (7). The observations will be padded.
Fewer observations (0) made than vector observation size (7). The observations will be padded.
Fewer observations (0) made than vector observation size (7). The observations will be padded.
Fewer observations (0) made than vector observation size (7). The observations will be padded.
Fewer observations (0) made than vector observation size (7). The observations will be padded.
Fewer observations (0) made than vector observation size (7). The observations will be padded.
Fewer observations (0) made than vector observation size (7). The observations will be padded.
Fewer observations (0) made than vector observation size (7). The observations will be padded.
Fewer observations (0) made than vector observation size (7). The observations will be padded.
Fewer observations (0) made than vector observation size (7). The observations will be padded.
Fewer observations (0) made than vector observation size (7). The observations will be padded.
Fewer observations (0) made than vector observation size (7). The observations will be padded.
Fewer observations (0) made than vector observation size (7). The observations will be padded.
Fewer observations (0) made than vector observation size (7). The observations will be padded.
生成了一個物件
Fewer observations (0) made than vector observation size (7). The observations will be padded.
Fewer observations (0) made than vector observation size (7). The observations will be padded.
Fewer observations (0) made than vector observation size (7). The observations will be padded.
Fewer observations (0) made than vector observation size (7). The observations will be padded.
Fewer observations (0) made than vector observation size (7). The observations will be padded.
Fewer observations (0) made than vector observation size (7). The observations will be padded.
Fewer observations (0) made than vector observation size (7). The observations will be padded.
Fewer observations (0) made than vector observation size (7). The observations will be padded.
Fewer observations (0) made than vector observation size (7). The observations will be padded.
Fewer observations (0) made than vector observation size (7). The observations will be padded.
Fewer observations (0) made than vector observation size (7). The observations will be padded.
Fewer observations (0) made than vector observation size (7). The observations will be padded.
Fewer observations (0) made than vector observation size (7). The observations will be padded.
Fewer observations (0) made than vector observation size (7). The observations will be padded.
Fewer observations (0) made than vector observation size (7). The observations will be padded.
Fewer observations (0) made than vector observation size (7). The observations will be padded.
Player died!
Fewer observations (0) made than vector observation size (7). The observations will be padded.
Player died!
Fewer observations (0) made than vector observation size (7). The observations will be padded.
FrontWall hit: ground 1(Clone) normalX=1
Unloading 3 Unused Serialized files (Serialized files now loaded: 0)
Fewer observations (0) made than vector observation size (7). The observations will be padded.
UnloadTime: 6.372900 ms
Unloading 1 unused Assets to reduce memory usage. Loaded Objects now: 2872.
Total: 1.327400 ms (FindLiveObjects: 0.081400 ms CreateObjectMapping: 0.031900 ms MarkObjects: 1.206500 ms  DeleteObjects: 0.007600 ms)

Unloading 3 Unused Serialized files (Serialized files now loaded: 0)
Fewer observations (0) made than vector observation size (7). The observations will be padded.
UnloadTime: 0.501600 ms
Unloading 1 unused Assets to reduce memory usage. Loaded Objects now: 2872.
Total: 0.692200 ms (FindLiveObjects: 0.075300 ms CreateObjectMapping: 0.032800 ms MarkObjects: 0.577500 ms  DeleteObjects: 0.006400 ms)

[LoadMap] Using main map source: D:\Unity\ML-agent\Map\Decode.txt
[LoadFinishMap] Using finish map source: D:\Unity\ML-agent\Map\finishmap.txt
[LoadFinishMap] Finish size = 15 x 15, new rightX = 215
[LoadMap] Done. Main size = 200 x 15, rightX = 215
Fewer observations (0) made than vector observation size (7). The observations will be padded.
Fewer observations (0) made than vector observation size (7). The observations will be padded.
Fewer observations (0) made than vector observation size (7). The observations will be padded.
Fewer observations (0) made than vector observation size (7). The observations will be padded.
Fewer observations (0) made than vector observation size (7). The observations will be padded.
Fewer observations (0) made than vector observation size (7). The observations will be padded.
Fewer observations (0) made than vector observation size (7). The observations will be padded.
Fewer observations (0) made than vector observation size (7). The observations will be padded.
生成了一個物件
Fewer observations (0) made than vector observation size (7). The observations will be padded.
Fewer observations (0) made than vector observation size (7). The observations will be padded.
Fewer observations (0) made than vector observation size (7). The observations will be padded.
Fewer observations (0) made than vector observation size (7). The observations will be padded.
Fewer observations (0) made than vector observation size (7). The observations will be padded.
Fewer observations (0) made than vector observation size (7). The observations will be padded.
Fewer observations (0) made than vector observation size (7). The observations will be padded.
Fewer observations (0) made than vector observation size (7). The observations will be padded.
Fewer observations (0) made than vector observation size (7). The observations will be padded.
Fewer observations (0) made than vector observation size (7). The observations will be padded.
Fewer observations (0) made than vector observation size (7). The observations will be padded.
Fewer observations (0) made than vector observation size (7). The observations will be padded.
Fewer observations (0) made than vector observation size (7). The observations will be padded.
Fewer observations (0) made than vector observation size (7). The observations will be padded.
Fewer observations (0) made than vector observation size (7). The observations will be padded.
Fewer observations (0) made than vector observation size (7). The observations will be padded.
Fewer observations (0) made than vector observation size (7). The observations will be padded.
生成了一個物件
Fewer observations (0) made than vector observation size (7). The observations will be padded.
Fewer observations (0) made than vector observation size (7). The observations will be padded.
Fewer observations (0) made than vector observation size (7). The observations will be padded.
Fewer observations (0) made than vector observation size (7). The observations will be padded.
Fewer observations (0) made than vector observation size (7). The observations will be padded.
Fewer observations (0) made than vector observation size (7). The observations will be padded.
Fewer observations (0) made than vector observation size (7). The observations will be padded.
Fewer observations (0) made than vector observation size (7). The observations will be padded.
Fewer observations (0) made than vector observation size (7). The observations will be padded.
Fewer observations (0) made than vector observation size (7). The observations will be padded.
Fewer observations (0) made than vector observation size (7). The observations will be padded.
Fewer observations (0) made than vector observation size (7). The observations will be padded.
Fewer observations (0) made than vector observation size (7). The observations will be padded.
Fewer observations (0) made than vector observation size (7). The observations will be padded.
Fewer observations (0) made than vector observation size (7). The observations will be padded.
Fewer observations (0) made than vector observation size (7). The observations will be padded.
生成了一個物件
Fewer observations (0) made than vector observation size (7). The observations will be padded.
Player died!
Fewer observations (0) made than vector observation size (7). The observations will be padded.
Player died!
Fewer observations (0) made than vector observation size (7). The observations will be padded.
FrontWall hit: ground 1(Clone) normalX=1
Unloading 3 Unused Serialized files (Serialized files now loaded: 0)
Fewer observations (0) made than vector observation size (7). The observations will be padded.
UnloadTime: 3.924100 ms
Unloading 1 unused Assets to reduce memory usage. Loaded Objects now: 2872.
Total: 0.990900 ms (FindLiveObjects: 0.091200 ms CreateObjectMapping: 0.036500 ms MarkObjects: 0.855500 ms  DeleteObjects: 0.007600 ms)

Unloading 3 Unused Serialized files (Serialized files now loaded: 0)
Fewer observations (0) made than vector observation size (7). The observations will be padded.
UnloadTime: 0.563100 ms
Unloading 1 unused Assets to reduce memory usage. Loaded Objects now: 2872.
Total: 0.903100 ms (FindLiveObjects: 0.081900 ms CreateObjectMapping: 0.034500 ms MarkObjects: 0.770600 ms  DeleteObjects: 0.015900 ms)

[LoadMap] Using main map source: D:\Unity\ML-agent\Map\Decode.txt
[LoadFinishMap] Using finish map source: D:\Unity\ML-agent\Map\finishmap.txt
[LoadFinishMap] Finish size = 15 x 15, new rightX = 215
[LoadMap] Done. Main size = 200 x 15, rightX = 215
Fewer observations (0) made than vector observation size (7). The observations will be padded.
Fewer observations (0) made than vector observation size (7). The observations will be padded.
Fewer observations (0) made than vector observation size (7). The observations will be padded.
FrontWall hit: ground 1(Clone) normalX=1
FrontWall hit: ground 1(Clone) normalX=1
FrontWall hit: ground 1(Clone) normalX=1
Fewer observations (0) made than vector observation size (7). The observations will be padded.
Fewer observations (0) made than vector observation size (7). The observations will be padded.
FrontWall hit: ground 1(Clone) normalX=1
FrontWall hit: ground 1(Clone) normalX=1
FrontWall hit: ground 1(Clone) normalX=1
Fewer observations (0) made than vector observation size (7). The observations will be padded.
Fewer observations (0) made than vector observation size (7). The observations will be padded.
Fewer observations (0) made than vector observation size (7). The observations will be padded.
Fewer observations (0) made than vector observation size (7). The observations will be padded.
Fewer observations (0) made than vector observation size (7). The observations will be padded.
Fewer observations (0) made than vector observation size (7). The observations will be padded.
Fewer observations (0) made than vector observation size (7). The observations will be padded.
Fewer observations (0) made than vector observation size (7). The observations will be padded.
生成了一個物件
Fewer observations (0) made than vector observation size (7). The observations will be padded.
Fewer observations (0) made than vector observation size (7). The observations will be padded.
Fewer observations (0) made than vector observation size (7). The observations will be padded.
Fewer observations (0) made than vector observation size (7). The observations will be padded.
Fewer observations (0) made than vector observation size (7). The observations will be padded.
Fewer observations (0) made than vector observation size (7). The observations will be padded.
Fewer observations (0) made than vector observation size (7). The observations will be padded.
Fewer observations (0) made than vector observation size (7). The observations will be padded.
Fewer observations (0) made than vector observation size (7). The observations will be padded.
Fewer observations (0) made than vector observation size (7). The observations will be padded.
Fewer observations (0) made than vector observation size (7). The observations will be padded.
Fewer observations (0) made than vector observation size (7). The observations will be padded.
Fewer observations (0) made than vector observation size (7). The observations will be padded.
Fewer observations (0) made than vector observation size (7). The observations will be padded.
Fewer observations (0) made than vector observation size (7). The observations will be padded.
Fewer observations (0) made than vector observation size (7). The observations will be padded.
生成了一個物件
Fewer observations (0) made than vector observation size (7). The observations will be padded.
Fewer observations (0) made than vector observation size (7). The observations will be padded.
Fewer observations (0) made than vector observation size (7). The observations will be padded.
Fewer observations (0) made than vector observation size (7). The observations will be padded.
Fewer observations (0) made than vector observation size (7). The observations will be padded.
Fewer observations (0) made than vector observation size (7). The observations will be padded.
Fewer observations (0) made than vector observation size (7). The observations will be padded.
Fewer observations (0) made than vector observation size (7). The observations will be padded.
Fewer observations (0) made than vector observation size (7). The observations will be padded.
Fewer observations (0) made than vector observation size (7). The observations will be padded.
Fewer observations (0) made than vector observation size (7). The observations will be padded.
Fewer observations (0) made than vector observation size (7). The observations will be padded.
Fewer observations (0) made than vector observation size (7). The observations will be padded.
Fewer observations (0) made than vector observation size (7). The observations will be padded.
Fewer observations (0) made than vector observation size (7). The observations will be padded.
Fewer observations (0) made than vector observation size (7). The observations will be padded.
Fewer observations (0) made than vector observation size (7). The observations will be padded.
生成了一個物件
Fewer observations (0) made than vector observation size (7). The observations will be padded.
FrontWall hit: ground 1(Clone) normalX=1
Fewer observations (0) made than vector observation size (7). The observations will be padded.
Fewer observations (0) made than vector observation size (7). The observations will be padded.
Fewer observations (0) made than vector observation size (7). The observations will be padded.
FrontWall hit: ground 1(Clone) normalX=1
FrontWall hit: ground 1(Clone) normalX=1
FrontWall hit: ground 1(Clone) normalX=1
Fewer observations (0) made than vector observation size (7). The observations will be padded.
Fewer observations (0) made than vector observation size (7). The observations will be padded.
FrontWall hit: ground 1(Clone) normalX=1
FrontWall hit: ground 1(Clone) normalX=1
FrontWall hit: ground 1(Clone) normalX=1
Fewer observations (0) made than vector observation size (7). The observations will be padded.
Fewer observations (0) made than vector observation size (7). The observations will be padded.
Fewer observations (0) made than vector observation size (7). The observations will be padded.
Fewer observations (0) made than vector observation size (7). The observations will be padded.
Fewer observations (0) made than vector observation size (7). The observations will be padded.
Fewer observations (0) made than vector observation size (7). The observations will be padded.
Fewer observations (0) made than vector observation size (7). The observations will be padded.
Fewer observations (0) made than vector observation size (7). The observations will be padded.
Fewer observations (0) made than vector observation size (7). The observations will be padded.
Fewer observations (0) made than vector observation size (7). The observations will be padded.
Fewer observations (0) made than vector observation size (7). The observations will be padded.
生成了一個物件
Fewer observations (0) made than vector observation size (7). The observations will be padded.
Fewer observations (0) made than vector observation size (7). The observations will be padded.
Fewer observations (0) made than vector observation size (7). The observations will be padded.
Fewer observations (0) made than vector observation size (7). The observations will be padded.
Fewer observations (0) made than vector observation size (7). The observations will be padded.
Fewer observations (0) made than vector observation size (7). The observations will be padded.
Fewer observations (0) made than vector observation size (7). The observations will be padded.
Fewer observations (0) made than vector observation size (7). The observations will be padded.
Fewer observations (0) made than vector observation size (7). The observations will be padded.
Fewer observations (0) made than vector observation size (7). The observations will be padded.
Fewer observations (0) made than vector observation size (7). The observations will be padded.
Fewer observations (0) made than vector observation size (7). The observations will be padded.
Fewer observations (0) made than vector observation size (7). The observations will be padded.
Fewer observations (0) made than vector observation size (7). The observations will be padded.
Fewer observations (0) made than vector observation size (7). The observations will be padded.
Fewer observations (0) made than vector observation size (7). The observations will be padded.
生成了一個物件
Fewer observations (0) made than vector observation size (7). The observations will be padded.
Fewer observations (0) made than vector observation size (7). The observations will be padded.
Fewer observations (0) made than vector observation size (7). The observations will be padded.
Fewer observations (0) made than vector observation size (7). The observations will be padded.
Fewer observations (0) made than vector observation size (7). The observations will be padded.
Fewer observations (0) made than vector observation size (7). The observations will be padded.
Fewer observations (0) made than vector observation size (7). The observations will be padded.
Fewer observations (0) made than vector observation size (7). The observations will be padded.
Fewer observations (0) made than vector observation size (7). The observations will be padded.
Fewer observations (0) made than vector observation size (7). The observations will be padded.
Fewer observations (0) made than vector observation size (7). The observations will be padded.
Fewer observations (0) made than vector observation size (7). The observations will be padded.
Fewer observations (0) made than vector observation size (7). The observations will be padded.
Fewer observations (0) made than vector observation size (7). The observations will be padded.
Fewer observations (0) made than vector observation size (7). The observations will be padded.
Fewer observations (0) made than vector observation size (7). The observations will be padded.
Fewer observations (0) made than vector observation size (7). The observations will be padded.
生成了一個物件
Fewer observations (0) made than vector observation size (7). The observations will be padded.
Fewer observations (0) made than vector observation size (7). The observations will be padded.
Fewer observations (0) made than vector observation size (7). The observations will be padded.
Fewer observations (0) made than vector observation size (7). The observations will be padded.
Fewer observations (0) made than vector observation size (7). The observations will be padded.
Fewer observations (0) made than vector observation size (7). The observations will be padded.
Fewer observations (0) made than vector observation size (7). The observations will be padded.
Fewer observations (0) made than vector observation size (7). The observations will be padded.
Fewer observations (0) made than vector observation size (7). The observations will be padded.
Fewer observations (0) made than vector observation size (7). The observations will be padded.
Fewer observations (0) made than vector observation size (7). The observations will be padded.
Fewer observations (0) made than vector observation size (7). The observations will be padded.
Fewer observations (0) made than vector observation size (7). The observations will be padded.
Fewer observations (0) made than vector observation size (7). The observations will be padded.
Fewer observations (0) made than vector observation size (7). The observations will be padded.
Player died!
Fewer observations (0) made than vector observation size (7). The observations will be padded.
Fewer observations (0) made than vector observation size (7). The observations will be padded.
FrontWall hit: ground 1(Clone) normalX=1
Unloading 3 Unused Serialized files (Serialized files now loaded: 0)
Fewer observations (0) made than vector observation size (7). The observations will be padded.
UnloadTime: 3.997400 ms
Unloading 1 unused Assets to reduce memory usage. Loaded Objects now: 2872.
Total: 0.881900 ms (FindLiveObjects: 0.084600 ms CreateObjectMapping: 0.035500 ms MarkObjects: 0.754700 ms  DeleteObjects: 0.006900 ms)

[LoadMap] Using main map source: D:\Unity\ML-agent\Map\Decode.txt
[LoadFinishMap] Using finish map source: D:\Unity\ML-agent\Map\finishmap.txt
[LoadFinishMap] Finish size = 15 x 15, new rightX = 215
[LoadMap] Done. Main size = 200 x 15, rightX = 215
Fewer observations (0) made than vector observation size (7). The observations will be padded.
FrontWall hit: ground 1(Clone) normalX=1
FrontWall hit: ground 1(Clone) normalX=1
FrontWall hit: ground 1(Clone) normalX=1
Fewer observations (0) made than vector observation size (7). The observations will be padded.
Fewer observations (0) made than vector observation size (7). The observations will be padded.
Fewer observations (0) made than vector observation size (7). The observations will be padded.
Fewer observations (0) made than vector observation size (7). The observations will be padded.
Fewer observations (0) made than vector observation size (7). The observations will be padded.
Fewer observations (0) made than vector observation size (7). The observations will be padded.
Fewer observations (0) made than vector observation size (7). The observations will be padded.
Fewer observations (0) made than vector observation size (7). The observations will be padded.
生成了一個物件
Fewer observations (0) made than vector observation size (7). The observations will be padded.
Fewer observations (0) made than vector observation size (7). The observations will be padded.
Fewer observations (0) made than vector observation size (7). The observations will be padded.
Fewer observations (0) made than vector observation size (7). The observations will be padded.
Fewer observations (0) made than vector observation size (7). The observations will be padded.
Fewer observations (0) made than vector observation size (7). The observations will be padded.
Fewer observations (0) made than vector observation size (7). The observations will be padded.
Fewer observations (0) made than vector observation size (7). The observations will be padded.
Fewer observations (0) made than vector observation size (7). The observations will be padded.
Fewer observations (0) made than vector observation size (7). The observations will be padded.
Fewer observations (0) made than vector observation size (7). The observations will be padded.
Fewer observations (0) made than vector observation size (7). The observations will be padded.
Fewer observations (0) made than vector observation size (7). The observations will be padded.
Fewer observations (0) made than vector observation size (7). The observations will be padded.
Fewer observations (0) made than vector observation size (7). The observations will be padded.
Fewer observations (0) made than vector observation size (7). The observations will be padded.
Fewer observations (0) made than vector observation size (7). The observations will be padded.
生成了一個物件
Fewer observations (0) made than vector observation size (7). The observations will be padded.
Fewer observations (0) made than vector observation size (7). The observations will be padded.
Fewer observations (0) made than vector observation size (7). The observations will be padded.
Fewer observations (0) made than vector observation size (7). The observations will be padded.
Fewer observations (0) made than vector observation size (7). The observations will be padded.
Fewer observations (0) made than vector observation size (7). The observations will be padded.
Fewer observations (0) made than vector observation size (7). The observations will be padded.
Fewer observations (0) made than vector observation size (7). The observations will be padded.
Fewer observations (0) made than vector observation size (7). The observations will be padded.
Fewer observations (0) made than vector observation size (7). The observations will be padded.
Fewer observations (0) made than vector observation size (7). The observations will be padded.
Fewer observations (0) made than vector observation size (7). The observations will be padded.
Fewer observations (0) made than vector observation size (7). The observations will be padded.
Fewer observations (0) made than vector observation size (7). The observations will be padded.
FrontWall hit: ground 1(Clone) normalX=1
FrontWall hit: ground 1(Clone) normalX=1
Fewer observations (0) made than vector observation size (7). The observations will be padded.
FrontWall hit: ground 1(Clone) normalX=1
FrontWall hit: ground 1(Clone) normalX=1
FrontWall hit: ground 1(Clone) normalX=1
Fewer observations (0) made than vector observation size (7). The observations will be padded.
Fewer observations (0) made than vector observation size (7). The observations will be padded.
生成了一個物件
Fewer observations (0) made than vector observation size (7). The observations will be padded.
Fewer observations (0) made than vector observation size (7). The observations will be padded.
Fewer observations (0) made than vector observation size (7). The observations will be padded.
Fewer observations (0) made than vector observation size (7). The observations will be padded.
Fewer observations (0) made than vector observation size (7). The observations will be padded.
Fewer observations (0) made than vector observation size (7). The observations will be padded.
Fewer observations (0) made than vector observation size (7). The observations will be padded.
Fewer observations (0) made than vector observation size (7). The observations will be padded.
Fewer observations (0) made than vector observation size (7). The observations will be padded.
Fewer observations (0) made than vector observation size (7). The observations will be padded.
Fewer observations (0) made than vector observation size (7). The observations will be padded.
Fewer observations (0) made than vector observation size (7). The observations will be padded.
Fewer observations (0) made than vector observation size (7). The observations will be padded.
Fewer observations (0) made than vector observation size (7). The observations will be padded.
Fewer observations (0) made than vector observation size (7). The observations will be padded.
Fewer observations (0) made than vector observation size (7). The observations will be padded.
生成了一個物件
Fewer observations (0) made than vector observation size (7). The observations will be padded.
Fewer observations (0) made than vector observation size (7). The observations will be padded.
Fewer observations (0) made than vector observation size (7). The observations will be padded.
Fewer observations (0) made than vector observation size (7). The observations will be padded.
FrontWall hit: ground 1(Clone) normalX=1
FrontWall hit: ground 1(Clone) normalX=1
FrontWall hit: ground 1(Clone) normalX=1
Fewer observations (0) made than vector observation size (7). The observations will be padded.
Fewer observations (0) made than vector observation size (7). The observations will be padded.
Fewer observations (0) made than vector observation size (7). The observations will be padded.
Fewer observations (0) made than vector observation size (7). The observations will be padded.
Fewer observations (0) made than vector observation size (7). The observations will be padded.
Fewer observations (0) made than vector observation size (7). The observations will be padded.
FrontWall hit: ground 1(Clone) normalX=1
FrontWall hit: ground 1(Clone) normalX=1
FrontWall hit: ground 1(Clone) normalX=1
Fewer observations (0) made than vector observation size (7). The observations will be padded.
FrontWall hit: ground 1(Clone) normalX=1
FrontWall hit: ground 1(Clone) normalX=1
FrontWall hit: ground 1(Clone) normalX=1
Fewer observations (0) made than vector observation size (7). The observations will be padded.
FrontWall hit: ground 1(Clone) normalX=1
FrontWall hit: ground 1(Clone) normalX=1
FrontWall hit: ground 1(Clone) normalX=1
Fewer observations (0) made than vector observation size (7). The observations will be padded.
Fewer observations (0) made than vector observation size (7). The observations will be padded.
Fewer observations (0) made than vector observation size (7). The observations will be padded.
Fewer observations (0) made than vector observation size (7). The observations will be padded.
Fewer observations (0) made than vector observation size (7). The observations will be padded.
生成了一個物件
Fewer observations (0) made than vector observation size (7). The observations will be padded.
Fewer observations (0) made than vector observation size (7). The observations will be padded.
Fewer observations (0) made than vector observation size (7). The observations will be padded.
Fewer observations (0) made than vector observation size (7). The observations will be padded.
Fewer observations (0) made than vector observation size (7). The observations will be padded.
FrontWall hit: ground 1(Clone) normalX=1
FrontWall hit: ground 1(Clone) normalX=1
FrontWall hit: ground 1(Clone) normalX=1
Fewer observations (0) made than vector observation size (7). The observations will be padded.
Fewer observations (0) made than vector observation size (7). The observations will be padded.
Fewer observations (0) made than vector observation size (7). The observations will be padded.
Fewer observations (0) made than vector observation size (7). The observations will be padded.
Fewer observations (0) made than vector observation size (7). The observations will be padded.
Fewer observations (0) made than vector observation size (7). The observations will be padded.
Fewer observations (0) made than vector observation size (7). The observations will be padded.
Fewer observations (0) made than vector observation size (7). The observations will be padded.
Fewer observations (0) made than vector observation size (7). The observations will be padded.
Fewer observations (0) made than vector observation size (7). The observations will be padded.
Fewer observations (0) made than vector observation size (7). The observations will be padded.
Fewer observations (0) made than vector observation size (7). The observations will be padded.
生成了一個物件
Fewer observations (0) made than vector observation size (7). The observations will be padded.
Fewer observations (0) made than vector observation size (7). The observations will be padded.
Fewer observations (0) made than vector observation size (7). The observations will be padded.
Fewer observations (0) made than vector observation size (7). The observations will be padded.
FrontWall hit: ground 1(Clone) normalX=1
FrontWall hit: ground 1(Clone) normalX=1
FrontWall hit: ground 1(Clone) normalX=1
Fewer observations (0) made than vector observation size (7). The observations will be padded.
FrontWall hit: ground 1(Clone) normalX=1
Player died!
Fewer observations (0) made than vector observation size (7). The observations will be padded.
Player died!
FrontWall hit: ground 1(Clone) normalX=-1
Unloading 3 Unused Serialized files (Serialized files now loaded: 0)
UnloadTime: 4.027300 ms
Unloading 1 unused Assets to reduce memory usage. Loaded Objects now: 2872.
Total: 0.970800 ms (FindLiveObjects: 0.082000 ms CreateObjectMapping: 0.031800 ms MarkObjects: 0.849500 ms  DeleteObjects: 0.007300 ms)

Unloading 3 Unused Serialized files (Serialized files now loaded: 0)
Fewer observations (0) made than vector observation size (7). The observations will be padded.
UnloadTime: 0.493500 ms
Unloading 1 unused Assets to reduce memory usage. Loaded Objects now: 2872.
Total: 0.865800 ms (FindLiveObjects: 0.079200 ms CreateObjectMapping: 0.033500 ms MarkObjects: 0.745500 ms  DeleteObjects: 0.007400 ms)

[LoadMap] Using main map source: D:\Unity\ML-agent\Map\Decode.txt
[LoadFinishMap] Using finish map source: D:\Unity\ML-agent\Map\finishmap.txt
[LoadFinishMap] Finish size = 15 x 15, new rightX = 215
[LoadMap] Done. Main size = 200 x 15, rightX = 215
Fewer observations (0) made than vector observation size (7). The observations will be padded.
Fewer observations (0) made than vector observation size (7). The observations will be padded.
Fewer observations (0) made than vector observation size (7). The observations will be padded.
Fewer observations (0) made than vector observation size (7). The observations will be padded.
Fewer observations (0) made than vector observation size (7). The observations will be padded.
Fewer observations (0) made than vector observation size (7). The observations will be padded.
Fewer observations (0) made than vector observation size (7). The observations will be padded.
Fewer observations (0) made than vector observation size (7). The observations will be padded.
生成了一個物件
Fewer observations (0) made than vector observation size (7). The observations will be padded.
Fewer observations (0) made than vector observation size (7). The observations will be padded.
Fewer observations (0) made than vector observation size (7). The observations will be padded.
Fewer observations (0) made than vector observation size (7). The observations will be padded.
Fewer observations (0) made than vector observation size (7). The observations will be padded.
Fewer observations (0) made than vector observation size (7). The observations will be padded.
Fewer observations (0) made than vector observation size (7). The observations will be padded.
Fewer observations (0) made than vector observation size (7). The observations will be padded.
Fewer observations (0) made than vector observation size (7). The observations will be padded.
Fewer observations (0) made than vector observation size (7). The observations will be padded.
Fewer observations (0) made than vector observation size (7). The observations will be padded.
Fewer observations (0) made than vector observation size (7). The observations will be padded.
Fewer observations (0) made than vector observation size (7). The observations will be padded.
Fewer observations (0) made than vector observation size (7). The observations will be padded.
Fewer observations (0) made than vector observation size (7). The observations will be padded.
Fewer observations (0) made than vector observation size (7). The observations will be padded.
Fewer observations (0) made than vector observation size (7). The observations will be padded.
生成了一個物件
Fewer observations (0) made than vector observation size (7). The observations will be padded.
Fewer observations (0) made than vector observation size (7). The observations will be padded.
Fewer observations (0) made than vector observation size (7). The observations will be padded.
Fewer observations (0) made than vector observation size (7). The observations will be padded.
Fewer observations (0) made than vector observation size (7). The observations will be padded.
Fewer observations (0) made than vector observation size (7). The observations will be padded.
Fewer observations (0) made than vector observation size (7). The observations will be padded.
Fewer observations (0) made than vector observation size (7). The observations will be padded.
Fewer observations (0) made than vector observation size (7). The observations will be padded.
Fewer observations (0) made than vector observation size (7). The observations will be padded.
Fewer observations (0) made than vector observation size (7). The observations will be padded.
Fewer observations (0) made than vector observation size (7). The observations will be padded.
Fewer observations (0) made than vector observation size (7). The observations will be padded.
Fewer observations (0) made than vector observation size (7). The observations will be padded.
Fewer observations (0) made than vector observation size (7). The observations will be padded.
Fewer observations (0) made than vector observation size (7). The observations will be padded.
Fewer observations (0) made than vector observation size (7). The observations will be padded.
生成了一個物件
Fewer observations (0) made than vector observation size (7). The observations will be padded.
Fewer observations (0) made than vector observation size (7). The observations will be padded.
Fewer observations (0) made than vector observation size (7). The observations will be padded.
Fewer observations (0) made than vector observation size (7). The observations will be padded.
Fewer observations (0) made than vector observation size (7). The observations will be padded.
Fewer observations (0) made than vector observation size (7). The observations will be padded.
Fewer observations (0) made than vector observation size (7). The observations will be padded.
Fewer observations (0) made than vector observation size (7). The observations will be padded.
Fewer observations (0) made than vector observation size (7). The observations will be padded.
Fewer observations (0) made than vector observation size (7). The observations will be padded.
Fewer observations (0) made than vector observation size (7). The observations will be padded.
Fewer observations (0) made than vector observation size (7). The observations will be padded.
Fewer observations (0) made than vector observation size (7). The observations will be padded.
Fewer observations (0) made than vector observation size (7). The observations will be padded.
Fewer observations (0) made than vector observation size (7). The observations will be padded.
Fewer observations (0) made than vector observation size (7). The observations will be padded.
生成了一個物件
Fewer observations (0) made than vector observation size (7). The observations will be padded.
Fewer observations (0) made than vector observation size (7). The observations will be padded.
Fewer observations (0) made than vector observation size (7). The observations will be padded.
Fewer observations (0) made than vector observation size (7). The observations will be padded.
Fewer observations (0) made than vector observation size (7). The observations will be padded.
Fewer observations (0) made than vector observation size (7). The observations will be padded.
Fewer observations (0) made than vector observation size (7). The observations will be padded.
Fewer observations (0) made than vector observation size (7). The observations will be padded.
Fewer observations (0) made than vector observation size (7). The observations will be padded.
Fewer observations (0) made than vector observation size (7). The observations will be padded.
Fewer observations (0) made than vector observation size (7). The observations will be padded.
Fewer observations (0) made than vector observation size (7). The observations will be padded.
Fewer observations (0) made than vector observation size (7). The observations will be padded.
Fewer observations (0) made than vector observation size (7). The observations will be padded.
Fewer observations (0) made than vector observation size (7). The observations will be padded.
Fewer observations (0) made than vector observation size (7). The observations will be padded.
Fewer observations (0) made than vector observation size (7). The observations will be padded.
FrontWall hit: ground 1(Clone) normalX=1
FrontWall hit: ground 1(Clone) normalX=1
生成了一個物件
FrontWall hit: ground 1(Clone) normalX=1
Fewer observations (0) made than vector observation size (7). The observations will be padded.
Fewer observations (0) made than vector observation size (7). The observations will be padded.
FrontWall hit: ground 1(Clone) normalX=1
FrontWall hit: ground 1(Clone) normalX=1
FrontWall hit: ground 1(Clone) normalX=1
Fewer observations (0) made than vector observation size (7). The observations will be padded.
FrontWall hit: ground 1(Clone) normalX=1
FrontWall hit: ground 1(Clone) normalX=1
FrontWall hit: ground 1(Clone) normalX=1
Fewer observations (0) made than vector observation size (7). The observations will be padded.
FrontWall hit: ground 1(Clone) normalX=1
FrontWall hit: ground 1(Clone) normalX=1
FrontWall hit: ground 1(Clone) normalX=1
Fewer observations (0) made than vector observation size (7). The observations will be padded.
Fewer observations (0) made than vector observation size (7). The observations will be padded.
Fewer observations (0) made than vector observation size (7). The observations will be padded.
Fewer observations (0) made than vector observation size (7). The observations will be padded.
FrontWall hit: ground 1(Clone) normalX=1
FrontWall hit: ground 1(Clone) normalX=1
FrontWall hit: ground 1(Clone) normalX=1
Fewer observations (0) made than vector observation size (7). The observations will be padded.
FrontWall hit: ground 1(Clone) normalX=1
FrontWall hit: ground 1(Clone) normalX=1
FrontWall hit: ground 1(Clone) normalX=1
Fewer observations (0) made than vector observation size (7). The observations will be padded.
Fewer observations (0) made than vector observation size (7). The observations will be padded.
FrontWall hit: ground 1(Clone) normalX=1
FrontWall hit: ground 1(Clone) normalX=1
FrontWall hit: ground 1(Clone) normalX=1
Fewer observations (0) made than vector observation size (7). The observations will be padded.
Fewer observations (0) made than vector observation size (7). The observations will be padded.
Fewer observations (0) made than vector observation size (7). The observations will be padded.
Fewer observations (0) made than vector observation size (7). The observations will be padded.
Fewer observations (0) made than vector observation size (7). The observations will be padded.
Fewer observations (0) made than vector observation size (7). The observations will be padded.
生成了一個物件
Fewer observations (0) made than vector observation size (7). The observations will be padded.
Fewer observations (0) made than vector observation size (7). The observations will be padded.
Fewer observations (0) made than vector observation size (7). The observations will be padded.
Fewer observations (0) made than vector observation size (7). The observations will be padded.
Player died!
Fewer observations (0) made than vector observation size (7). The observations will be padded.
Player died!
Unloading 3 Unused Serialized files (Serialized files now loaded: 0)
UnloadTime: 5.591800 ms
Unloading 1 unused Assets to reduce memory usage. Loaded Objects now: 2872.
Total: 1.287300 ms (FindLiveObjects: 0.086200 ms CreateObjectMapping: 0.030400 ms MarkObjects: 1.163700 ms  DeleteObjects: 0.006900 ms)

Unloading 3 Unused Serialized files (Serialized files now loaded: 0)
Fewer observations (0) made than vector observation size (7). The observations will be padded.
UnloadTime: 0.470100 ms
Unloading 1 unused Assets to reduce memory usage. Loaded Objects now: 2872.
Total: 0.779900 ms (FindLiveObjects: 0.077000 ms CreateObjectMapping: 0.027800 ms MarkObjects: 0.668600 ms  DeleteObjects: 0.006400 ms)

[LoadMap] Using main map source: D:\Unity\ML-agent\Map\Decode.txt
[LoadFinishMap] Using finish map source: D:\Unity\ML-agent\Map\finishmap.txt
[LoadFinishMap] Finish size = 15 x 15, new rightX = 215
[LoadMap] Done. Main size = 200 x 15, rightX = 215
Fewer observations (0) made than vector observation size (7). The observations will be padded.
FrontWall hit: ground 1(Clone) normalX=1
FrontWall hit: ground 1(Clone) normalX=1
FrontWall hit: ground 1(Clone) normalX=1
Fewer observations (0) made than vector observation size (7). The observations will be padded.
FrontWall hit: ground 1(Clone) normalX=1
FrontWall hit: ground 1(Clone) normalX=1
FrontWall hit: ground 1(Clone) normalX=1
Fewer observations (0) made than vector observation size (7). The observations will be padded.
Fewer observations (0) made than vector observation size (7). The observations will be padded.
Fewer observations (0) made than vector observation size (7). The observations will be padded.
Fewer observations (0) made than vector observation size (7). The observations will be padded.
Fewer observations (0) made than vector observation size (7). The observations will be padded.
Fewer observations (0) made than vector observation size (7). The observations will be padded.
Fewer observations (0) made than vector observation size (7). The observations will be padded.
Fewer observations (0) made than vector observation size (7). The observations will be padded.
Fewer observations (0) made than vector observation size (7). The observations will be padded.
生成了一個物件
Fewer observations (0) made than vector observation size (7). The observations will be padded.
Fewer observations (0) made than vector observation size (7). The observations will be padded.
FrontWall hit: ground 1(Clone) normalX=1
FrontWall hit: ground 1(Clone) normalX=1
FrontWall hit: ground 1(Clone) normalX=1
Fewer observations (0) made than vector observation size (7). The observations will be padded.
Fewer observations (0) made than vector observation size (7). The observations will be padded.
Fewer observations (0) made than vector observation size (7). The observations will be padded.
Fewer observations (0) made than vector observation size (7). The observations will be padded.
Fewer observations (0) made than vector observation size (7). The observations will be padded.
Fewer observations (0) made than vector observation size (7). The observations will be padded.
Fewer observations (0) made than vector observation size (7). The observations will be padded.
Fewer observations (0) made than vector observation size (7). The observations will be padded.
Fewer observations (0) made than vector observation size (7). The observations will be padded.
Fewer observations (0) made than vector observation size (7). The observations will be padded.
Fewer observations (0) made than vector observation size (7). The observations will be padded.
Fewer observations (0) made than vector observation size (7). The observations will be padded.
Fewer observations (0) made than vector observation size (7). The observations will be padded.
Fewer observations (0) made than vector observation size (7). The observations will be padded.
Fewer observations (0) made than vector observation size (7). The observations will be padded.
生成了一個物件
Fewer observations (0) made than vector observation size (7). The observations will be padded.
Fewer observations (0) made than vector observation size (7). The observations will be padded.
Fewer observations (0) made than vector observation size (7). The observations will be padded.
Fewer observations (0) made than vector observation size (7). The observations will be padded.
Fewer observations (0) made than vector observation size (7). The observations will be padded.
Fewer observations (0) made than vector observation size (7). The observations will be padded.
Fewer observations (0) made than vector observation size (7). The observations will be padded.
Fewer observations (0) made than vector observation size (7). The observations will be padded.
Fewer observations (0) made than vector observation size (7). The observations will be padded.
Fewer observations (0) made than vector observation size (7). The observations will be padded.
Fewer observations (0) made than vector observation size (7). The observations will be padded.
Fewer observations (0) made than vector observation size (7). The observations will be padded.
Fewer observations (0) made than vector observation size (7). The observations will be padded.
Fewer observations (0) made than vector observation size (7). The observations will be padded.
Fewer observations (0) made than vector observation size (7). The observations will be padded.
Fewer observations (0) made than vector observation size (7). The observations will be padded.
生成了一個物件
Fewer observations (0) made than vector observation size (7). The observations will be padded.
Fewer observations (0) made than vector observation size (7). The observations will be padded.
Player died!
Fewer observations (0) made than vector observation size (7). The observations will be padded.
Player died!
FrontWall hit: ground 1(Clone) normalX=-1
Unloading 3 Unused Serialized files (Serialized files now loaded: 0)
UnloadTime: 4.110900 ms
Unloading 1 unused Assets to reduce memory usage. Loaded Objects now: 2872.
Total: 1.590100 ms (FindLiveObjects: 0.083200 ms CreateObjectMapping: 0.027500 ms MarkObjects: 1.469100 ms  DeleteObjects: 0.010200 ms)

Unloading 3 Unused Serialized files (Serialized files now loaded: 0)
Fewer observations (0) made than vector observation size (7). The observations will be padded.
UnloadTime: 0.582400 ms
Unloading 1 unused Assets to reduce memory usage. Loaded Objects now: 2872.
Total: 1.224600 ms (FindLiveObjects: 0.107200 ms CreateObjectMapping: 0.039600 ms MarkObjects: 1.065000 ms  DeleteObjects: 0.012500 ms)

[LoadMap] Using main map source: D:\Unity\ML-agent\Map\Decode.txt
[LoadFinishMap] Using finish map source: D:\Unity\ML-agent\Map\finishmap.txt
[LoadFinishMap] Finish size = 15 x 15, new rightX = 215
[LoadMap] Done. Main size = 200 x 15, rightX = 215
Fewer observations (0) made than vector observation size (7). The observations will be padded.
Fewer observations (0) made than vector observation size (7). The observations will be padded.
FrontWall hit: ground 1(Clone) normalX=1
Fewer observations (0) made than vector observation size (7). The observations will be padded.
Fewer observations (0) made than vector observation size (7). The observations will be padded.
Fewer observations (0) made than vector observation size (7). The observations will be padded.
FrontWall hit: ground 1(Clone) normalX=1
Fewer observations (0) made than vector observation size (7). The observations will be padded.
FrontWall hit: ground 1(Clone) normalX=1
FrontWall hit: ground 1(Clone) normalX=1
FrontWall hit: ground 1(Clone) normalX=1
Fewer observations (0) made than vector observation size (7). The observations will be padded.
Fewer observations (0) made than vector observation size (7). The observations will be padded.
Fewer observations (0) made than vector observation size (7). The observations will be padded.
Fewer observations (0) made than vector observation size (7). The observations will be padded.
Fewer observations (0) made than vector observation size (7). The observations will be padded.
Fewer observations (0) made than vector observation size (7). The observations will be padded.
Fewer observations (0) made than vector observation size (7). The observations will be padded.
Fewer observations (0) made than vector observation size (7). The observations will be padded.
Fewer observations (0) made than vector observation size (7). The observations will be padded.
Fewer observations (0) made than vector observation size (7). The observations will be padded.
Fewer observations (0) made than vector observation size (7). The observations will be padded.
Fewer observations (0) made than vector observation size (7). The observations will be padded.
Fewer observations (0) made than vector observation size (7). The observations will be padded.
生成了一個物件
Fewer observations (0) made than vector observation size (7). The observations will be padded.
Fewer observations (0) made than vector observation size (7). The observations will be padded.
Fewer observations (0) made than vector observation size (7). The observations will be padded.
Fewer observations (0) made than vector observation size (7). The observations will be padded.
Fewer observations (0) made than vector observation size (7). The observations will be padded.
Fewer observations (0) made than vector observation size (7). The observations will be padded.
Fewer observations (0) made than vector observation size (7). The observations will be padded.
Fewer observations (0) made than vector observation size (7). The observations will be padded.
Fewer observations (0) made than vector observation size (7). The observations will be padded.
Fewer observations (0) made than vector observation size (7). The observations will be padded.
Fewer observations (0) made than vector observation size (7). The observations will be padded.
Fewer observations (0) made than vector observation size (7). The observations will be padded.
Fewer observations (0) made than vector observation size (7). The observations will be padded.
Fewer observations (0) made than vector observation size (7). The observations will be padded.
Fewer observations (0) made than vector observation size (7). The observations will be padded.
Fewer observations (0) made than vector observation size (7). The observations will be padded.
Fewer observations (0) made than vector observation size (7). The observations will be padded.
生成了一個物件
Fewer observations (0) made than vector observation size (7). The observations will be padded.
Fewer observations (0) made than vector observation size (7). The observations will be padded.
Fewer observations (0) made than vector observation size (7). The observations will be padded.
Fewer observations (0) made than vector observation size (7). The observations will be padded.
Fewer observations (0) made than vector observation size (7). The observations will be padded.
Fewer observations (0) made than vector observation size (7). The observations will be padded.
Fewer observations (0) made than vector observation size (7). The observations will be padded.
Fewer observations (0) made than vector observation size (7). The observations will be padded.
Fewer observations (0) made than vector observation size (7). The observations will be padded.
Fewer observations (0) made than vector observation size (7). The observations will be padded.
Fewer observations (0) made than vector observation size (7). The observations will be padded.
Fewer observations (0) made than vector observation size (7). The observations will be padded.
Fewer observations (0) made than vector observation size (7). The observations will be padded.
Fewer observations (0) made than vector observation size (7). The observations will be padded.
Player died!
Fewer observations (0) made than vector observation size (7). The observations will be padded.
Player died!
Fewer observations (0) made than vector observation size (7). The observations will be padded.
FrontWall hit: ground 1(Clone) normalX=1
Unloading 3 Unused Serialized files (Serialized files now loaded: 0)
Fewer observations (0) made than vector observation size (7). The observations will be padded.
UnloadTime: 4.274200 ms
Unloading 1 unused Assets to reduce memory usage. Loaded Objects now: 2872.
Total: 0.841100 ms (FindLiveObjects: 0.083000 ms CreateObjectMapping: 0.033500 ms MarkObjects: 0.717900 ms  DeleteObjects: 0.006700 ms)

Unloading 3 Unused Serialized files (Serialized files now loaded: 0)
Fewer observations (0) made than vector observation size (7). The observations will be padded.
UnloadTime: 0.533600 ms
Unloading 1 unused Assets to reduce memory usage. Loaded Objects now: 2872.
Total: 0.838100 ms (FindLiveObjects: 0.077000 ms CreateObjectMapping: 0.030700 ms MarkObjects: 0.721800 ms  DeleteObjects: 0.008500 ms)

[LoadMap] Using main map source: D:\Unity\ML-agent\Map\Decode.txt
[LoadFinishMap] Using finish map source: D:\Unity\ML-agent\Map\finishmap.txt
[LoadFinishMap] Finish size = 15 x 15, new rightX = 215
[LoadMap] Done. Main size = 200 x 15, rightX = 215
Fewer observations (0) made than vector observation size (7). The observations will be padded.
FrontWall hit: ground 1(Clone) normalX=1
FrontWall hit: ground 1(Clone) normalX=1
FrontWall hit: ground 1(Clone) normalX=1
Fewer observations (0) made than vector observation size (7). The observations will be padded.
FrontWall hit: ground 1(Clone) normalX=1
FrontWall hit: ground 1(Clone) normalX=1
FrontWall hit: ground 1(Clone) normalX=1
Fewer observations (0) made than vector observation size (7). The observations will be padded.
FrontWall hit: ground 1(Clone) normalX=1
FrontWall hit: ground 1(Clone) normalX=1
FrontWall hit: ground 1(Clone) normalX=1
Fewer observations (0) made than vector observation size (7). The observations will be padded.
Fewer observations (0) made than vector observation size (7). The observations will be padded.
Fewer observations (0) made than vector observation size (7). The observations will be padded.
FrontWall hit: ground 1(Clone) normalX=1
FrontWall hit: ground 1(Clone) normalX=1
FrontWall hit: ground 1(Clone) normalX=1
Fewer observations (0) made than vector observation size (7). The observations will be padded.
FrontWall hit: ground 1(Clone) normalX=1
FrontWall hit: ground 1(Clone) normalX=1
FrontWall hit: ground 1(Clone) normalX=1
Fewer observations (0) made than vector observation size (7). The observations will be padded.
Fewer observations (0) made than vector observation size (7). The observations will be padded.
Fewer observations (0) made than vector observation size (7). The observations will be padded.
Fewer observations (0) made than vector observation size (7). The observations will be padded.
Fewer observations (0) made than vector observation size (7). The observations will be padded.
Fewer observations (0) made than vector observation size (7). The observations will be padded.
Fewer observations (0) made than vector observation size (7). The observations will be padded.
Fewer observations (0) made than vector observation size (7). The observations will be padded.
Fewer observations (0) made than vector observation size (7). The observations will be padded.
生成了一個物件
Fewer observations (0) made than vector observation size (7). The observations will be padded.
Fewer observations (0) made than vector observation size (7). The observations will be padded.
Fewer observations (0) made than vector observation size (7). The observations will be padded.
Fewer observations (0) made than vector observation size (7). The observations will be padded.
Fewer observations (0) made than vector observation size (7). The observations will be padded.
Fewer observations (0) made than vector observation size (7). The observations will be padded.
Fewer observations (0) made than vector observation size (7). The observations will be padded.
Fewer observations (0) made than vector observation size (7). The observations will be padded.
Fewer observations (0) made than vector observation size (7). The observations will be padded.
Fewer observations (0) made than vector observation size (7). The observations will be padded.
Fewer observations (0) made than vector observation size (7). The observations will be padded.
Fewer observations (0) made than vector observation size (7). The observations will be padded.
Fewer observations (0) made than vector observation size (7). The observations will be padded.
Fewer observations (0) made than vector observation size (7). The observations will be padded.
Fewer observations (0) made than vector observation size (7). The observations will be padded.
Fewer observations (0) made than vector observation size (7). The observations will be padded.
生成了一個物件
Fewer observations (0) made than vector observation size (7). The observations will be padded.
Fewer observations (0) made than vector observation size (7). The observations will be padded.
Fewer observations (0) made than vector observation size (7). The observations will be padded.
Fewer observations (0) made than vector observation size (7). The observations will be padded.
Fewer observations (0) made than vector observation size (7). The observations will be padded.
Fewer observations (0) made than vector observation size (7). The observations will be padded.
Fewer observations (0) made than vector observation size (7). The observations will be padded.
Fewer observations (0) made than vector observation size (7). The observations will be padded.
Fewer observations (0) made than vector observation size (7). The observations will be padded.
Fewer observations (0) made than vector observation size (7). The observations will be padded.
Fewer observations (0) made than vector observation size (7). The observations will be padded.
Fewer observations (0) made than vector observation size (7). The observations will be padded.
Fewer observations (0) made than vector observation size (7). The observations will be padded.
Fewer observations (0) made than vector observation size (7). The observations will be padded.
Fewer observations (0) made than vector observation size (7). The observations will be padded.
Fewer observations (0) made than vector observation size (7). The observations will be padded.
Fewer observations (0) made than vector observation size (7). The observations will be padded.
生成了一個物件
Fewer observations (0) made than vector observation size (7). The observations will be padded.
Fewer observations (0) made than vector observation size (7). The observations will be padded.
Fewer observations (0) made than vector observation size (7). The observations will be padded.
Fewer observations (0) made than vector observation size (7). The observations will be padded.
Fewer observations (0) made than vector observation size (7). The observations will be padded.
Fewer observations (0) made than vector observation size (7). The observations will be padded.
Fewer observations (0) made than vector observation size (7). The observations will be padded.
Fewer observations (0) made than vector observation size (7). The observations will be padded.
Fewer observations (0) made than vector observation size (7). The observations will be padded.
Fewer observations (0) made than vector observation size (7). The observations will be padded.
Fewer observations (0) made than vector observation size (7). The observations will be padded.
Fewer observations (0) made than vector observation size (7). The observations will be padded.
Fewer observations (0) made than vector observation size (7). The observations will be padded.
Fewer observations (0) made than vector observation size (7). The observations will be padded.
Fewer observations (0) made than vector observation size (7). The observations will be padded.
Fewer observations (0) made than vector observation size (7). The observations will be padded.
Fewer observations (0) made than vector observation size (7). The observations will be padded.
生成了一個物件
Fewer observations (0) made than vector observation size (7). The observations will be padded.
Fewer observations (0) made than vector observation size (7). The observations will be padded.
Fewer observations (0) made than vector observation size (7). The observations will be padded.
Fewer observations (0) made than vector observation size (7). The observations will be padded.
Fewer observations (0) made than vector observation size (7). The observations will be padded.
Fewer observations (0) made than vector observation size (7). The observations will be padded.
Fewer observations (0) made than vector observation size (7). The observations will be padded.
Fewer observations (0) made than vector observation size (7). The observations will be padded.
Fewer observations (0) made than vector observation size (7). The observations will be padded.
Fewer observations (0) made than vector observation size (7). The observations will be padded.
Fewer observations (0) made than vector observation size (7). The observations will be padded.
Fewer observations (0) made than vector observation size (7). The observations will be padded.
Fewer observations (0) made than vector observation size (7). The observations will be padded.
Fewer observations (0) made than vector observation size (7). The observations will be padded.
Fewer observations (0) made than vector observation size (7). The observations will be padded.
Fewer observations (0) made than vector observation size (7). The observations will be padded.
生成了一個物件
Fewer observations (0) made than vector observation size (7). The observations will be padded.
Fewer observations (0) made than vector observation size (7). The observations will be padded.
Fewer observations (0) made than vector observation size (7). The observations will be padded.
Fewer observations (0) made than vector observation size (7). The observations will be padded.
Fewer observations (0) made than vector observation size (7). The observations will be padded.
Fewer observations (0) made than vector observation size (7). The observations will be padded.
Fewer observations (0) made than vector observation size (7). The observations will be padded.
Fewer observations (0) made than vector observation size (7). The observations will be padded.
Fewer observations (0) made than vector observation size (7). The observations will be padded.
Fewer observations (0) made than vector observation size (7). The observations will be padded.
Fewer observations (0) made than vector observation size (7). The observations will be padded.
Fewer observations (0) made than vector observation size (7). The observations will be padded.
Fewer observations (0) made than vector observation size (7). The observations will be padded.
Fewer observations (0) made than vector observation size (7). The observations will be padded.
Fewer observations (0) made than vector observation size (7). The observations will be padded.
Fewer observations (0) made than vector observation size (7). The observations will be padded.
Fewer observations (0) made than vector observation size (7). The observations will be padded.
生成了一個物件
Fewer observations (0) made than vector observation size (7). The observations will be padded.
Player died!
Fewer observations (0) made than vector observation size (7). The observations will be padded.
Player died!
FrontWall hit: ground 1(Clone) normalX=-1
Unloading 3 Unused Serialized files (Serialized files now loaded: 0)
UnloadTime: 4.034200 ms
Unloading 1 unused Assets to reduce memory usage. Loaded Objects now: 2872.
Total: 1.342500 ms (FindLiveObjects: 0.087300 ms CreateObjectMapping: 0.034200 ms MarkObjects: 1.206900 ms  DeleteObjects: 0.013800 ms)

Unloading 3 Unused Serialized files (Serialized files now loaded: 0)
Fewer observations (0) made than vector observation size (7). The observations will be padded.
UnloadTime: 0.535200 ms
Unloading 1 unused Assets to reduce memory usage. Loaded Objects now: 2872.
Total: 0.857500 ms (FindLiveObjects: 0.079800 ms CreateObjectMapping: 0.034200 ms MarkObjects: 0.737200 ms  DeleteObjects: 0.006200 ms)

[LoadMap] Using main map source: D:\Unity\ML-agent\Map\Decode.txt
[LoadFinishMap] Using finish map source: D:\Unity\ML-agent\Map\finishmap.txt
[LoadFinishMap] Finish size = 15 x 15, new rightX = 215
[LoadMap] Done. Main size = 200 x 15, rightX = 215
Fewer observations (0) made than vector observation size (7). The observations will be padded.
Fewer observations (0) made than vector observation size (7). The observations will be padded.
Fewer observations (0) made than vector observation size (7). The observations will be padded.
Fewer observations (0) made than vector observation size (7). The observations will be padded.
FrontWall hit: ground 1(Clone) normalX=1
FrontWall hit: ground 1(Clone) normalX=1
FrontWall hit: ground 1(Clone) normalX=1
Fewer observations (0) made than vector observation size (7). The observations will be padded.
FrontWall hit: ground 1(Clone) normalX=1
FrontWall hit: ground 1(Clone) normalX=1
FrontWall hit: ground 1(Clone) normalX=1
Fewer observations (0) made than vector observation size (7). The observations will be padded.
Fewer observations (0) made than vector observation size (7). The observations will be padded.
Fewer observations (0) made than vector observation size (7). The observations will be padded.
Fewer observations (0) made than vector observation size (7). The observations will be padded.
Fewer observations (0) made than vector observation size (7). The observations will be padded.
FrontWall hit: ground 1(Clone) normalX=1
FrontWall hit: ground 1(Clone) normalX=1
FrontWall hit: ground 1(Clone) normalX=1
Fewer observations (0) made than vector observation size (7). The observations will be padded.
Fewer observations (0) made than vector observation size (7). The observations will be padded.
Fewer observations (0) made than vector observation size (7). The observations will be padded.
Fewer observations (0) made than vector observation size (7). The observations will be padded.
Fewer observations (0) made than vector observation size (7). The observations will be padded.
Fewer observations (0) made than vector observation size (7). The observations will be padded.
Fewer observations (0) made than vector observation size (7). The observations will be padded.
FrontWall hit: ground 1(Clone) normalX=1
FrontWall hit: ground 1(Clone) normalX=1
FrontWall hit: ground 1(Clone) normalX=1
Fewer observations (0) made than vector observation size (7). The observations will be padded.
Fewer observations (0) made than vector observation size (7). The observations will be padded.
Fewer observations (0) made than vector observation size (7). The observations will be padded.
Fewer observations (0) made than vector observation size (7). The observations will be padded.
Fewer observations (0) made than vector observation size (7). The observations will be padded.
Fewer observations (0) made than vector observation size (7). The observations will be padded.
生成了一個物件
Fewer observations (0) made than vector observation size (7). The observations will be padded.
FrontWall hit: ground 1(Clone) normalX=1
FrontWall hit: ground 1(Clone) normalX=1
FrontWall hit: ground 1(Clone) normalX=1
Fewer observations (0) made than vector observation size (7). The observations will be padded.
Fewer observations (0) made than vector observation size (7). The observations will be padded.
Fewer observations (0) made than vector observation size (7). The observations will be padded.
Fewer observations (0) made than vector observation size (7). The observations will be padded.
Fewer observations (0) made than vector observation size (7). The observations will be padded.
Fewer observations (0) made than vector observation size (7). The observations will be padded.
Fewer observations (0) made than vector observation size (7). The observations will be padded.
Fewer observations (0) made than vector observation size (7). The observations will be padded.
Fewer observations (0) made than vector observation size (7). The observations will be padded.
Fewer observations (0) made than vector observation size (7). The observations will be padded.
Fewer observations (0) made than vector observation size (7). The observations will be padded.
Fewer observations (0) made than vector observation size (7). The observations will be padded.
Fewer observations (0) made than vector observation size (7). The observations will be padded.
Fewer observations (0) made than vector observation size (7). The observations will be padded.
Fewer observations (0) made than vector observation size (7). The observations will be padded.
Fewer observations (0) made than vector observation size (7). The observations will be padded.
生成了一個物件
Fewer observations (0) made than vector observation size (7). The observations will be padded.
Fewer observations (0) made than vector observation size (7). The observations will be padded.
Fewer observations (0) made than vector observation size (7). The observations will be padded.
Fewer observations (0) made than vector observation size (7). The observations will be padded.
Fewer observations (0) made than vector observation size (7). The observations will be padded.
Fewer observations (0) made than vector observation size (7). The observations will be padded.
Fewer observations (0) made than vector observation size (7). The observations will be padded.
Setting up 6 worker threads for Enlighten.
Memory Statistics:
[ALLOC_TEMP_TLS] TLS Allocator
  StackAllocators : 
    [ALLOC_TEMP_MAIN]
      Peak usage frame count: [4.0 KB-8.0 KB]: 82 frames, [16.0 KB-32.0 KB]: 564 frames, [32.0 KB-64.0 KB]: 13963 frames, [256.0 KB-0.5 MB]: 63 frames, [2.0 MB-4.0 MB]: 1 frames
      Initial Block Size 4.0 MB
      Current Block Size 4.0 MB
      Peak Allocated Bytes 2.1 MB
      Overflow Count 0
    [ALLOC_TEMP_Background Job.worker 4]
      Initial Block Size 32.0 KB
      Current Block Size 32.0 KB
      Peak Allocated Bytes 54 B
      Overflow Count 0
    [ALLOC_TEMP_Loading.PreloadManager]
      Initial Block Size 256.0 KB
      Current Block Size 256.0 KB
      Peak Allocated Bytes 231.5 KB
      Overflow Count 456
    [ALLOC_TEMP_Background Job.worker 3]
      Initial Block Size 32.0 KB
      Current Block Size 32.0 KB
      Peak Allocated Bytes 54 B
      Overflow Count 0
    [ALLOC_TEMP_Background Job.worker 11]
      Initial Block Size 32.0 KB
      Current Block Size 32.0 KB
      Peak Allocated Bytes 54 B
      Overflow Count 0
    [ALLOC_TEMP_Background Job.worker 7]
      Initial Block Size 32.0 KB
      Current Block Size 32.0 KB
      Peak Allocated Bytes 54 B
      Overflow Count 0
    [ALLOC_TEMP_Background Job.worker 6]
      Initial Block Size 32.0 KB
      Current Block Size 32.0 KB
      Peak Allocated Bytes 54 B
      Overflow Count 0
    [ALLOC_TEMP_Background Job.worker 12]
      Initial Block Size 32.0 KB
      Current Block Size 32.0 KB
      Peak Allocated Bytes 54 B
      Overflow Count 0
    [ALLOC_TEMP_Background Job.worker 2]
      Initial Block Size 32.0 KB
      Current Block Size 32.0 KB
      Peak Allocated Bytes 54 B
      Overflow Count 0
    [ALLOC_TEMP_Background Job.worker 9]
      Initial Block Size 32.0 KB
      Current Block Size 32.0 KB
      Peak Allocated Bytes 54 B
      Overflow Count 0
    [ALLOC_TEMP_Job.worker 0]
      Initial Block Size 256.0 KB
      Current Block Size 256.0 KB
      Peak Allocated Bytes 16 B
      Overflow Count 0
    [ALLOC_TEMP_Job.worker 4]
      Initial Block Size 256.0 KB
      Current Block Size 256.0 KB
      Peak Allocated Bytes 16 B
      Overflow Count 0
    [ALLOC_TEMP_Job.worker 5]
      Initial Block Size 256.0 KB
      Current Block Size 256.0 KB
      Peak Allocated Bytes 16 B
      Overflow Count 0
    [ALLOC_TEMP_Background Job.worker 8]
      Initial Block Size 32.0 KB
      Current Block Size 32.0 KB
      Peak Allocated Bytes 54 B
      Overflow Count 0
    [ALLOC_TEMP_Background Job.worker 10]
      Initial Block Size 32.0 KB
      Current Block Size 32.0 KB
      Peak Allocated Bytes 54 B
      Overflow Count 0
    [ALLOC_TEMP_Background Job.worker 1]
      Initial Block Size 32.0 KB
      Current Block Size 32.0 KB
      Peak Allocated Bytes 54 B
      Overflow Count 0
    [ALLOC_TEMP_EnlightenWorker] x 6
      Initial Block Size 64.0 KB
      Current Block Size 64.0 KB
      Peak Allocated Bytes 54 B
      Overflow Count 0
    [ALLOC_TEMP_Job.worker 1]
      Initial Block Size 256.0 KB
      Current Block Size 256.0 KB
      Peak Allocated Bytes 199 B
      Overflow Count 0
    [ALLOC_TEMP_Job.worker 3]
      Initial Block Size 256.0 KB
      Current Block Size 256.0 KB
      Peak Allocated Bytes 16 B
      Overflow Count 0
    [ALLOC_TEMP_Background Job.worker 5]
      Initial Block Size 32.0 KB
      Current Block Size 32.0 KB
      Peak Allocated Bytes 54 B
      Overflow Count 0
    [ALLOC_TEMP_Background Job.worker 13]
      Initial Block Size 32.0 KB
      Current Block Size 32.0 KB
      Peak Allocated Bytes 54 B
      Overflow Count 0
    [ALLOC_TEMP_UnityGfxDeviceWorker]
      Initial Block Size 256.0 KB
      Current Block Size 256.0 KB
      Peak Allocated Bytes 1.7 KB
      Overflow Count 0
    [ALLOC_TEMP_AssetGarbageCollectorHelper] x 11
      Initial Block Size 64.0 KB
      Current Block Size 64.0 KB
      Peak Allocated Bytes 138 B
      Overflow Count 0
    [ALLOC_TEMP_Background Job.worker 15]
      Initial Block Size 32.0 KB
      Current Block Size 32.0 KB
      Peak Allocated Bytes 54 B
      Overflow Count 0
    [ALLOC_TEMP_Job.worker 2]
      Initial Block Size 256.0 KB
      Current Block Size 256.0 KB
      Peak Allocated Bytes 192 B
      Overflow Count 0
    [ALLOC_TEMP_Job.worker 10]
      Initial Block Size 256.0 KB
      Current Block Size 256.0 KB
      Peak Allocated Bytes 54 B
      Overflow Count 0
    [ALLOC_TEMP_Job.worker 7]
      Initial Block Size 256.0 KB
      Current Block Size 256.0 KB
      Peak Allocated Bytes 16 B
      Overflow Count 0
    [ALLOC_TEMP_Job.worker 9]
      Initial Block Size 256.0 KB
      Current Block Size 256.0 KB
      Peak Allocated Bytes 16 B
      Overflow Count 0
    [ALLOC_TEMP_Background Job.worker 0]
      Initial Block Size 32.0 KB
      Current Block Size 32.0 KB
      Peak Allocated Bytes 54 B
      Overflow Count 0
    [ALLOC_TEMP_Job.worker 6]
      Initial Block Size 256.0 KB
      Current Block Size 256.0 KB
      Peak Allocated Bytes 16 B
      Overflow Count 0
    [ALLOC_TEMP_Job.worker 8]
      Initial Block Size 256.0 KB
      Current Block Size 256.0 KB
      Peak Allocated Bytes 16 B
      Overflow Count 0
    [ALLOC_TEMP_Background Job.worker 14]
      Initial Block Size 32.0 KB
      Current Block Size 32.0 KB
      Peak Allocated Bytes 54 B
      Overflow Count 0
    [ALLOC_TEMP_Loading.AsyncRead]
      Initial Block Size 64.0 KB
      Current Block Size 64.0 KB
      Peak Allocated Bytes 189 B
      Overflow Count 0
    [ALLOC_TEMP_BatchDeleteObjects]
      Initial Block Size 64.0 KB
      Current Block Size 64.0 KB
      Peak Allocated Bytes 54 B
      Overflow Count 0
[ALLOC_DEFAULT] Dual Thread Allocator
  Peak main deferred allocation count 2909
    [ALLOC_BUCKET]
      Large Block size 4.0 MB
      Used Block count 1
      Peak Allocated bytes 1.8 MB
    [ALLOC_DEFAULT_MAIN]
      Peak usage frame count: [16.0 MB-32.0 MB]: 14673 frames
      Requested Block Size 16.0 MB
      Peak Block count 2
      Peak Allocated memory 27.0 MB
      Peak Large allocation bytes 8.0 MB
    [ALLOC_DEFAULT_THREAD]
      Peak usage frame count: [16.0 MB-32.0 MB]: 14673 frames
      Requested Block Size 16.0 MB
      Peak Block count 1
      Peak Allocated memory 22.1 MB
      Peak Large allocation bytes 16.0 MB
[ALLOC_TEMP_JOB_1_FRAME]
  Initial Block Size 2.0 MB
  Used Block Count 0
  Overflow Count (too large) 0
  Overflow Count (full) 0
[ALLOC_TEMP_JOB_2_FRAMES]
  Initial Block Size 2.0 MB
  Used Block Count 0
  Overflow Count (too large) 0
  Overflow Count (full) 0
[ALLOC_TEMP_JOB_4_FRAMES (JobTemp)]
  Initial Block Size 2.0 MB
  Used Block Count 1
  Overflow Count (too large) 0
  Overflow Count (full) 0
[ALLOC_TEMP_JOB_ASYNC (Background)]
  Initial Block Size 1.0 MB
  Used Block Count 1
  Overflow Count (too large) 0
  Overflow Count (full) 0
[ALLOC_GFX] Dual Thread Allocator
  Peak main deferred allocation count 1
    [ALLOC_BUCKET]
      Large Block size 4.0 MB
      Used Block count 1
      Peak Allocated bytes 1.8 MB
    [ALLOC_GFX_MAIN]
      Peak usage frame count: [32.0 KB-64.0 KB]: 14672 frames, [64.0 KB-128.0 KB]: 1 frames
      Requested Block Size 16.0 MB
      Peak Block count 1
      Peak Allocated memory 108.8 KB
      Peak Large allocation bytes 0 B
    [ALLOC_GFX_THREAD]
      Peak usage frame count: [1.0 MB-2.0 MB]: 14673 frames
      Requested Block Size 16.0 MB
      Peak Block count 1
      Peak Allocated memory 1.1 MB
      Peak Large allocation bytes 0 B
[ALLOC_CACHEOBJECTS] Dual Thread Allocator
  Peak main deferred allocation count 26
    [ALLOC_BUCKET]
      Large Block size 4.0 MB
      Used Block count 1
      Peak Allocated bytes 1.8 MB
    [ALLOC_CACHEOBJECTS_MAIN]
      Peak usage frame count: [1.0 MB-2.0 MB]: 14673 frames
      Requested Block Size 4.0 MB
      Peak Block count 1
      Peak Allocated memory 1.4 MB
      Peak Large allocation bytes 0 B
    [ALLOC_CACHEOBJECTS_THREAD]
      Peak usage frame count: [16.0 MB-32.0 MB]: 14673 frames
      Requested Block Size 4.0 MB
      Peak Block count 1
      Peak Allocated memory 22.5 MB
      Peak Large allocation bytes 20.7 MB
[ALLOC_TYPETREE] Dual Thread Allocator
  Peak main deferred allocation count 0
    [ALLOC_BUCKET]
      Large Block size 4.0 MB
      Used Block count 1
      Peak Allocated bytes 1.8 MB
    [ALLOC_TYPETREE_MAIN]
      Peak usage frame count: [4.0 KB-8.0 KB]: 14673 frames
      Requested Block Size 2.0 MB
      Peak Block count 1
      Peak Allocated memory 4.1 KB
      Peak Large allocation bytes 0 B
    [ALLOC_TYPETREE_THREAD]
      Peak usage frame count: [4.0 KB-8.0 KB]: 14673 frames
      Requested Block Size 2.0 MB
      Peak Block count 1
      Peak Allocated memory 7.8 KB
      Peak Large allocation bytes 0 B
